# Blender 4.5.0
# www.blender.org
mtllib tripo_convert_c8b513ea-1973-4e16-adbd-20a9aa9b1b88.mtl
o tripo_node_c8b513ea-1973-4e16-adbd-20a9aa9b1b88
v 0.000011 0.261169 0.313721
v 0.000427 -0.488739 0.238174
v 0.000468 0.432709 0.352966
v 0.000494 0.194748 0.281036
v 0.000616 -0.486359 -0.050076
v 0.000901 0.424835 0.339691
v 0.000936 0.399017 0.183716
v 0.001122 -0.237488 -0.255859
v 0.001268 0.493286 0.349823
v 0.001471 0.414490 0.215439
v 0.001553 -0.174835 0.236084
v 0.001605 0.395294 0.320038
v 0.001812 0.041225 0.224274
v 0.002053 -0.439178 -0.277832
v 0.002486 -0.478943 -0.181503
v 0.002527 -0.460266 0.276276
v 0.002597 0.227722 0.307068
v 0.002764 -0.180405 -0.247879
v 0.002870 0.298248 0.326111
v 0.002981 0.496918 -0.339905
v 0.003316 0.440002 0.361725
v 0.003504 0.361633 -0.143631
v 0.003776 -0.257416 -0.245880
v 0.004054 -0.289978 0.239670
v 0.004070 0.431946 -0.257141
v 0.004079 0.296051 0.313904
v 0.004587 -0.481720 -0.089874
v 0.004725 0.402924 0.338959
v 0.004825 0.390594 -0.010137
v 0.004985 0.483521 0.325531
v 0.005229 -0.412018 0.274414
v 0.005250 0.398315 0.328613
v 0.005348 0.396362 0.353027
v 0.005404 -0.068024 -0.236633
v 0.005452 0.474731 -0.317841
v 0.005831 0.177383 -0.260864
v 0.006029 0.148346 -0.245422
v 0.006287 -0.366608 0.231216
v 0.006299 -0.382538 -0.278381
v 0.006435 0.347626 0.323853
v 0.006594 -0.446655 0.270599
v 0.006616 0.243423 0.318085
v 0.006782 0.378876 -0.164230
v 0.006821 0.062553 -0.263794
v 0.006887 0.368286 -0.124130
v 0.006906 0.086006 -0.279785
v 0.007016 0.252808 -0.329407
v 0.007087 0.498993 -0.353973
v 0.007210 0.407440 -0.196152
v 0.007268 0.209595 -0.295563
v 0.007362 -0.195663 -0.242020
v 0.007368 -0.348450 -0.244751
v 0.007533 -0.485138 0.075615
v 0.007550 -0.202896 -0.249115
v 0.007686 0.330170 0.333374
v 0.007815 0.424286 0.247009
v 0.007861 0.490479 -0.363098
v 0.007886 -0.092079 -0.241730
v 0.007927 0.071678 -0.275757
v 0.007929 0.369141 0.336884
v 0.008010 0.134933 0.243134
v 0.008086 -0.481232 -0.231354
v 0.008288 0.376312 -0.364075
v 0.008414 -0.218597 -0.251892
v 0.008736 0.378418 0.159317
v 0.008743 0.181992 0.269989
v 0.008957 0.496582 0.344604
v 0.008976 0.447357 0.290314
v 0.008990 0.453857 -0.367676
v 0.009076 -0.489532 0.253082
v 0.009232 0.307373 0.341583
v 0.009301 0.216614 0.300018
v 0.009403 0.353973 0.347687
v 0.009417 0.401093 -0.186691
v 0.009433 -0.484894 0.139740
v 0.009729 0.151642 0.239334
v 0.009958 -0.046524 0.231613
v 0.009976 -0.233444 0.243683
v 0.009992 -0.454620 -0.277435
v 0.010023 0.384369 0.360809
v 0.010054 0.276947 0.333710
v 0.010077 0.115738 -0.263123
v 0.010100 -0.286499 -0.247620
v 0.010340 0.071281 0.253571
v 0.010423 -0.260590 0.242798
v 0.010473 0.303070 -0.349915
v 0.010746 -0.376007 0.245407
v 0.010779 0.429688 0.365051
v 0.010859 -0.169418 0.240753
v 0.010895 -0.356415 -0.253784
v 0.010923 -0.146805 0.240402
v 0.011177 -0.081116 0.229630
v 0.011200 -0.070648 -0.230759
v 0.011271 -0.255371 -0.250153
v 0.011271 -0.211380 0.245422
v 0.011282 -0.191742 0.231155
v 0.011737 -0.095207 0.233887
v 0.011830 -0.358337 0.230927
v 0.012367 0.493073 -0.336761
v 0.012434 0.489929 0.355896
v 0.012462 0.427490 -0.368317
v 0.012759 -0.478729 0.264526
v 0.012867 0.229294 -0.314331
v 0.012956 0.449249 -0.291870
v 0.013338 -0.486389 0.204147
v 0.013426 -0.053051 -0.237854
v 0.013597 -0.319641 0.237549
v 0.013819 0.492798 0.334473
v 0.014364 0.493805 -0.358765
v 0.014399 -0.314453 -0.246277
v 0.014400 0.422211 -0.228485
v 0.014591 -0.463928 0.274139
v 0.014598 0.161224 -0.245438
v 0.014687 0.394775 -0.183136
v 0.015009 0.238724 0.321167
v 0.015049 0.463745 0.363770
v 0.015368 -0.404541 0.272186
v 0.015552 0.297546 0.346283
v 0.015648 -0.438477 0.266144
v 0.015722 -0.480499 -0.134491
v 0.015999 0.492737 -0.347351
v 0.016050 -0.232452 0.247803
v 0.016344 -0.408813 -0.278625
v 0.016390 0.377655 -0.097504
v 0.016485 0.410370 0.203156
v 0.016598 -0.181625 0.236588
v 0.016783 0.467407 -0.368835
v 0.016815 -0.467224 0.267456
v 0.016884 -0.113739 0.238678
v 0.017172 0.110664 -0.272827
v 0.017199 -0.101822 -0.246582
v 0.017235 0.161957 0.245453
v 0.017338 -0.395081 0.267731
v 0.017536 -0.422333 0.271820
v 0.017876 0.310913 0.349915
v 0.018002 -0.063980 0.229782
v 0.018057 -0.244431 0.245697
v 0.018084 0.048904 -0.244034
v 0.018101 0.274231 0.339783
v 0.018156 0.437408 -0.274323
v 0.018246 -0.439270 -0.272766
v 0.018402 0.329559 0.355042
v 0.018906 0.119232 -0.252441
v 0.018965 -0.485413 0.260010
v 0.019299 0.363617 0.362335
v 0.019346 -0.456085 0.275299
v 0.019596 0.303162 0.345673
v 0.019608 -0.474945 -0.153641
v 0.019665 -0.421234 -0.273285
v 0.019716 0.273895 -0.340607
v 0.019739 0.128326 -0.246902
v 0.019823 -0.485718 -0.008854
v 0.020130 -0.223099 0.247803
v 0.020399 0.480774 -0.363739
v 0.020546 -0.371277 -0.272858
v 0.020708 0.386169 -0.064064
v 0.021044 0.091293 0.256439
v 0.021120 0.023329 0.220642
v 0.021418 0.420380 0.230194
v 0.021513 0.116936 0.247299
v 0.021551 -0.167084 -0.249954
v 0.021675 0.392517 -0.036392
v 0.021740 0.387451 -0.000108
v 0.021933 0.489532 0.345856
v 0.022547 0.073669 0.256714
v 0.022644 -0.200439 0.235092
v 0.022701 0.357819 -0.363098
v 0.022705 0.434204 0.272034
v 0.022856 0.212784 0.300537
v 0.022909 0.397217 -0.183746
v 0.023115 0.399261 0.366211
v 0.023182 -0.266296 0.243408
v 0.023218 0.380890 0.083504
v 0.023376 0.470581 -0.316254
v 0.023432 0.362701 0.142288
v 0.023497 -0.452240 0.267548
v 0.023672 0.406586 -0.368347
v 0.023764 0.374207 0.114517
v 0.024048 -0.448639 -0.277771
v 0.024231 0.461548 0.306000
v 0.024309 0.481873 0.327148
v 0.024427 -0.477844 -0.263214
v 0.024515 -0.379059 -0.275818
v 0.024569 -0.485291 0.176773
v 0.025064 0.376129 -0.162399
v 0.025150 -0.469604 -0.271698
v 0.025290 0.385284 -0.365936
v 0.025330 0.479523 -0.336426
v 0.025578 0.249680 0.328583
v 0.025820 0.030361 -0.229309
v 0.025894 -0.368591 0.232300
v 0.025930 -0.429626 0.266876
v 0.026005 -0.076042 -0.229233
v 0.026482 0.395142 0.033028
v 0.026697 -0.360352 0.230499
v 0.026829 0.479645 0.359558
v 0.026844 -0.024223 -0.234985
v 0.026934 -0.250122 -0.253479
v 0.027546 -0.279297 -0.248474
v 0.027596 -0.229980 -0.255615
v 0.027779 0.392609 0.015236
v 0.027794 0.376373 0.099770
v 0.027939 0.166840 -0.246429
v 0.027952 0.409088 -0.204407
v 0.027998 -0.396088 -0.277710
v 0.028578 -0.204636 0.241516
v 0.028616 -0.275696 0.245789
v 0.028639 -0.459656 0.267853
v 0.028748 -0.250214 0.248611
v 0.028997 -0.409058 -0.281372
v 0.029160 0.327515 -0.357727
v 0.029160 0.394196 0.179550
v 0.029160 -0.384399 0.258362
v 0.029621 0.066597 0.252777
v 0.029663 0.471222 -0.346283
v 0.029678 -0.482666 -0.049427
v 0.029871 -0.084908 -0.238358
v 0.029913 0.481567 0.336121
v 0.029930 -0.134476 -0.248734
v 0.029953 -0.021400 0.226471
v 0.030111 0.044849 -0.234573
v 0.030235 -0.070641 0.224304
v 0.030396 -0.337128 -0.245880
v 0.030762 0.296265 0.348511
v 0.030804 -0.095169 0.236053
v 0.031040 0.185349 -0.269653
v 0.031055 -0.374847 0.241714
v 0.031073 -0.485229 0.093536
v 0.031113 -0.076103 0.225418
v 0.031334 0.141586 0.242325
v 0.031464 0.425415 0.251251
v 0.031490 -0.363129 -0.263824
v 0.031544 0.213486 -0.299957
v 0.031658 0.391907 -0.019718
v 0.031780 0.434998 -0.370117
v 0.031883 -0.481598 -0.116760
v 0.031918 -0.082504 0.233398
v 0.032074 -0.094849 -0.242935
v 0.032269 -0.436584 -0.270386
v 0.032406 0.039906 -0.229919
v 0.032757 0.452423 -0.367096
v 0.032799 0.403564 0.194534
v 0.033115 0.156967 0.240494
v 0.033367 -0.469421 0.265747
v 0.033398 -0.168396 0.243454
v 0.033451 0.444702 0.289276
v 0.033569 -0.486145 -0.045498
v 0.033653 0.391113 0.049183
v 0.033722 0.316040 0.354340
v 0.033787 -0.193542 0.232239
v 0.034069 0.460663 -0.316498
v 0.034077 -0.041046 0.230148
v 0.034206 0.442688 0.367676
v 0.034492 0.444000 -0.289154
v 0.034607 -0.200455 -0.242889
v 0.034615 0.008490 -0.231491
v 0.034771 0.379364 -0.304443
v 0.034832 -0.349915 -0.248337
v 0.034904 0.420197 0.368408
v 0.034988 0.141891 -0.245270
v 0.035007 -0.150391 0.241791
v 0.035179 -0.185150 -0.245071
v 0.035366 -0.341522 0.233017
v 0.035694 0.394684 -0.322876
v 0.035755 0.347565 0.361420
v 0.036346 -0.363495 0.226761
v 0.036366 0.359009 -0.144302
v 0.036396 -0.425049 -0.278961
v 0.036701 -0.179611 0.238785
v 0.036915 0.424255 -0.250305
v 0.037022 0.255585 -0.332611
v 0.037289 0.434204 0.274933
v 0.037342 0.277161 0.342010
v 0.037460 0.466492 0.350098
v 0.037617 -0.462341 -0.273102
v 0.037659 0.377625 -0.318176
v 0.038052 0.375305 0.159592
v 0.038261 0.402008 -0.317963
v 0.038357 -0.449982 0.264832
v 0.038635 0.460968 0.312988
v 0.038822 -0.433105 -0.271881
v 0.038921 -0.481232 -0.212692
v 0.039082 -0.099632 0.233246
v 0.039295 0.421600 -0.331604
v 0.039310 0.361206 -0.364319
v 0.039471 0.446320 -0.359131
v 0.039494 -0.485504 0.038376
v 0.039738 0.045555 0.232086
v 0.039772 -0.121887 0.237915
v 0.039894 -0.489105 0.246658
v 0.039917 0.359558 -0.284790
v 0.039970 0.374847 -0.288361
v 0.040100 -0.411926 0.269623
v 0.040115 0.360382 -0.301697
v 0.040157 -0.066895 0.227829
v 0.040276 0.236771 0.320007
v 0.040371 0.359436 -0.151169
v 0.040478 0.103271 0.252228
v 0.040565 -0.306976 0.239655
v 0.040585 -0.062492 -0.238297
v 0.040897 -0.371552 -0.273590
v 0.040955 0.412201 0.223633
v 0.041195 0.451477 -0.331268
v 0.041256 0.035919 0.220367
v 0.041267 0.301544 -0.351379
v 0.041298 0.445709 -0.337860
v 0.041439 0.375061 0.299561
v 0.041622 0.174866 0.256195
v 0.042316 -0.405365 0.271881
v 0.042343 0.449280 0.366058
v 0.042431 -0.479950 -0.175186
v 0.042515 0.446381 -0.343536
v 0.042515 -0.094772 -0.246002
v 0.042534 0.421875 -0.337250
v 0.042610 0.431763 -0.329407
v 0.042732 -0.173279 -0.250153
v 0.042759 0.388275 0.316376
v 0.042809 0.173752 -0.248932
v 0.042809 0.381683 -0.330078
v 0.042870 -0.339203 0.229553
v 0.043297 0.196609 0.281433
v 0.043606 -0.324890 -0.248276
v 0.043621 0.378754 0.097763
v 0.043728 -0.453247 -0.269379
v 0.043758 -0.481750 0.264099
v 0.043941 -0.069519 -0.235291
v 0.043976 -0.439667 0.264801
v 0.044140 0.403625 -0.209106
v 0.044155 0.363159 0.296539
v 0.044319 0.461761 0.325226
v 0.044357 0.367249 0.124886
v 0.044582 -0.376404 -0.275665
v 0.044586 0.377411 0.317108
v 0.044590 0.365936 0.284088
v 0.044601 0.392090 0.312103
v 0.044907 0.087334 0.255524
v 0.044945 0.448395 -0.317017
v 0.044968 0.428497 -0.366425
v 0.045036 -0.194473 -0.241089
v 0.045151 -0.480896 -0.245758
v 0.045155 0.429413 -0.271362
v 0.045574 0.354889 -0.270691
v 0.045650 -0.266418 0.245895
v 0.045948 0.408966 0.328735
v 0.046021 0.360229 0.148026
v 0.046093 0.387207 -0.294952
v 0.046394 0.382812 0.325867
v 0.046402 -0.215439 -0.251221
v 0.046432 0.122581 -0.249191
v 0.046535 0.384277 -0.178741
v 0.046776 0.074875 -0.277466
v 0.046844 0.378967 0.294006
v 0.047085 0.441956 -0.322845
v 0.047112 0.244156 -0.324493
v 0.047127 0.218414 0.304108
v 0.047150 0.329865 -0.357758
v 0.047256 0.367798 -0.162476
v 0.047291 0.412994 0.325134
v 0.047295 -0.369843 0.227188
v 0.047523 -0.487793 0.255310
v 0.047638 0.115021 -0.260406
v 0.047707 0.433655 -0.288971
v 0.047806 -0.481873 -0.062500
v 0.047829 -0.487427 0.220001
v 0.048588 0.387268 -0.364563
v 0.048607 0.327484 -0.274323
v 0.048660 0.283417 -0.216324
v 0.048725 -0.380493 -0.272675
v 0.048779 0.444244 0.337463
v 0.049240 0.188354 -0.267670
v 0.049385 0.436920 0.286072
v 0.049599 -0.473236 -0.263458
v 0.049877 0.292053 -0.205048
v 0.049881 -0.485168 0.151733
v 0.049915 0.376251 0.089409
v 0.050037 0.211914 -0.292755
v 0.050072 0.273987 -0.207901
v 0.050072 0.290802 -0.244446
v 0.050110 0.061962 0.250397
v 0.050182 0.424683 -0.352814
v 0.050186 0.392273 0.306854
v 0.050190 0.300415 -0.219360
v 0.050190 0.421753 0.369904
v 0.050240 -0.485870 0.193130
v 0.050255 0.309326 -0.263123
v 0.050365 0.334656 -0.290741
v 0.050388 -0.162033 0.237885
v 0.050426 -0.348694 -0.247421
v 0.050636 0.167160 0.241837
v 0.050823 0.345978 -0.318329
v 0.051075 0.423553 0.259796
v 0.051075 -0.477112 -0.158493
v 0.051311 0.431824 -0.321930
v 0.051491 0.407715 0.334778
v 0.051731 0.355438 0.269379
v 0.051762 0.055557 -0.254089
v 0.051914 0.436981 0.356506
v 0.051918 0.314880 -0.217484
v 0.052303 0.362549 -0.130981
v 0.052326 0.012699 0.221069
v 0.052406 -0.394012 0.267975
v 0.052410 0.300018 -0.242584
v 0.052464 0.116539 -0.252441
v 0.052490 0.299896 -0.266022
v 0.052776 0.276520 -0.230652
v 0.052818 0.368927 -0.272919
v 0.052864 0.325653 -0.241058
v 0.052887 0.332489 -0.260223
v 0.052898 0.336273 0.272095
v 0.052952 -0.479614 -0.141190
v 0.053005 0.168152 -0.240936
v 0.053028 -0.479095 -0.258392
v 0.053089 -0.106178 -0.247238
v 0.053196 -0.358673 -0.256622
v 0.053284 0.433075 0.328094
v 0.053375 -0.439148 -0.278870
v 0.053528 -0.485199 0.118484
v 0.053581 -0.245499 -0.252350
v 0.053722 0.274384 0.206100
v 0.053738 0.317169 -0.257782
v 0.053749 0.446014 0.320404
v 0.053955 0.150131 0.240112
v 0.054031 -0.413971 -0.280426
v 0.054077 0.281769 0.218262
v 0.054085 0.355530 -0.331635
v 0.054138 0.386017 0.367554
v 0.054184 -0.431335 0.268463
v 0.054207 0.128662 0.243561
v 0.054218 -0.379913 0.253662
v 0.054295 0.337128 0.290833
v 0.054317 0.426422 0.367859
v 0.054363 0.435669 0.344116
v 0.054375 0.287598 0.202454
v 0.054462 0.112099 -0.269653
v 0.054474 0.406403 0.314423
v 0.054535 0.350525 0.315186
v 0.054714 0.383270 -0.061180
v 0.054787 -0.084709 -0.237030
v 0.054893 0.393738 -0.298248
v 0.054928 -0.471283 0.262817
v 0.055416 0.307465 0.212601
v 0.055580 0.407776 -0.234131
v 0.055588 0.288605 0.244537
v 0.055698 0.179047 -0.253632
v 0.055733 0.299438 0.220444
v 0.055851 0.340881 -0.241547
v 0.056206 -0.203705 -0.245956
v 0.056244 0.271729 0.222229
v 0.056286 0.307190 0.261566
v 0.056351 0.369354 0.276276
v 0.056538 -0.071030 -0.230591
v 0.056709 0.393951 -0.343079
v 0.056767 0.258789 0.333282
v 0.056774 0.383484 -0.183487
v 0.056892 0.388794 0.187088
v 0.056923 0.307953 -0.280884
v 0.056942 0.418518 -0.263824
v 0.056984 0.348846 -0.254333
v 0.057304 -0.444458 -0.273682
v 0.057438 0.374878 0.102997
v 0.057545 0.353760 -0.148270
v 0.057686 0.276581 0.199844
v 0.057983 0.404358 0.224411
v 0.058102 0.290741 0.238922
v 0.058292 -0.125824 0.233582
v 0.058350 0.405762 -0.348022
v 0.058567 0.423889 -0.292847
v 0.058594 -0.061268 0.229507
v 0.058697 0.304474 0.251862
v 0.058723 -0.486328 -0.034180
v 0.058826 0.329285 0.230026
v 0.058910 0.280640 -0.199814
v 0.058926 -0.076744 -0.229370
v 0.059074 0.383972 0.291107
v 0.059097 0.409943 -0.307495
v 0.059116 0.361847 0.332581
v 0.059326 -0.344208 0.225677
v 0.059349 -0.198685 0.230637
v 0.059410 -0.291046 -0.250275
v 0.059429 0.307190 0.274841
v 0.059456 0.026543 -0.228302
v 0.059666 -0.096985 -0.242874
v 0.059700 0.320374 0.258301
v 0.059734 -0.153442 -0.249710
v 0.059780 0.355377 0.142944
v 0.060089 0.386688 0.008570
v 0.060314 0.333282 0.242569
v 0.060585 0.181656 -0.245392
v 0.060665 0.293671 0.202118
v 0.060711 0.290924 0.346375
v 0.060772 -0.014826 -0.233231
v 0.060802 -0.142502 0.236298
v 0.060867 -0.355408 -0.246796
v 0.061005 0.284607 -0.264282
v 0.061058 0.433197 0.295227
v 0.061096 -0.316345 0.234909
v 0.061123 0.343048 0.255554
v 0.061157 0.417206 -0.301880
v 0.061260 -0.172699 -0.246643
v 0.061352 -0.342896 -0.245148
v 0.061378 0.282532 0.255768
v 0.061390 -0.370270 -0.267731
v 0.061417 0.354736 -0.254944
v 0.061565 -0.485565 0.015218
v 0.061752 0.101883 -0.279175
v 0.061882 0.283936 -0.343933
v 0.061913 0.313171 -0.291840
v 0.062016 0.167587 0.238113
v 0.062233 0.350372 -0.359039
v 0.062370 -0.200043 0.235306
v 0.062389 -0.180969 0.234131
v 0.062767 0.310547 -0.306702
v 0.062950 -0.482605 0.257538
v 0.062996 0.390564 0.029839
v 0.063141 0.247147 0.324951
v 0.063141 -0.225662 0.244736
v 0.063370 0.358521 0.263184
v 0.063377 -0.436401 -0.280060
v 0.063538 0.373444 0.090195
v 0.063560 0.258606 -0.214905
v 0.063644 0.384796 -0.361237
v 0.063744 0.040524 -0.229233
v 0.063759 -0.461609 -0.265930
v 0.063820 -0.488892 0.245346
v 0.063889 0.329773 0.356018
v 0.064003 0.366608 -0.170883
v 0.064056 -0.083939 0.230621
v 0.064293 0.261383 0.209244
v 0.064293 0.379913 0.338654
v 0.064575 0.316345 -0.319641
v 0.064613 -0.375671 0.236801
v 0.064682 0.385254 -0.356537
v 0.064720 -0.409149 0.272766
v 0.064865 0.265625 -0.233505
v 0.064957 0.346771 0.250732
v 0.065010 0.402557 -0.252472
v 0.065125 0.088745 -0.279846
v 0.065201 0.388153 -0.026447
v 0.065216 0.079277 0.253174
v 0.065720 0.387451 -0.205765
v 0.065811 0.421417 0.306641
v 0.065819 0.364380 0.117699
v 0.065865 0.323456 -0.218948
v 0.065872 0.353027 0.150787
v 0.066002 0.229584 0.308197
v 0.066048 -0.207321 0.243164
v 0.066154 -0.365265 0.219803
v 0.066284 0.396423 0.300751
v 0.066353 -0.066017 -0.238113
v 0.066406 0.358002 -0.338654
v 0.066422 0.406708 0.347900
v 0.066429 0.383514 -0.005312
v 0.066582 0.259766 -0.210693
v 0.066597 0.392273 0.365234
v 0.066673 -0.071175 0.223633
v 0.066818 0.300568 -0.203857
v 0.066856 0.317963 0.311707
v 0.066986 0.331390 0.323700
v 0.067047 -0.451385 0.266296
v 0.067093 0.183487 -0.237167
v 0.067139 0.148636 -0.239838
v 0.067139 0.268097 0.237198
v 0.067276 0.408508 0.251648
v 0.067383 0.179657 0.252258
v 0.067490 0.313232 0.212036
v 0.067520 -0.481232 -0.251709
v 0.067902 0.337952 0.235046
v 0.067955 -0.138779 -0.248184
v 0.068016 -0.461639 0.262360
v 0.068169 0.366577 0.164780
v 0.068283 0.291840 -0.282745
v 0.068321 0.422150 0.291840
v 0.068459 -0.227264 -0.247589
v 0.068672 0.306976 0.289764
v 0.068832 -0.424316 0.269897
v 0.069092 0.178635 0.239441
v 0.069206 -0.386383 0.257812
v 0.069496 0.347992 -0.158005
v 0.069565 0.255707 0.220566
v 0.069763 0.191605 -0.266174
v 0.069763 0.408264 0.305817
v 0.069855 0.348694 -0.149826
v 0.069962 0.394196 0.355560
v 0.070000 0.193100 -0.239761
v 0.070030 0.263428 -0.250427
v 0.070175 0.260620 -0.333099
v 0.070259 0.197906 0.274353
v 0.070282 -0.283295 0.239563
v 0.070686 -0.286499 -0.246887
v 0.070717 -0.481537 -0.120369
v 0.070732 0.129379 0.244171
v 0.070992 -0.485321 0.090126
v 0.071037 -0.316406 -0.247238
v 0.071060 -0.375397 -0.265869
v 0.071129 -0.481354 -0.222107
v 0.071136 0.293335 -0.310242
v 0.071449 -0.484222 -0.046711
v 0.071548 0.284943 -0.293365
v 0.071762 -0.162277 -0.246872
v 0.072136 0.351593 0.334015
v 0.072441 -0.364502 -0.252930
v 0.072487 -0.488708 0.249084
v 0.072510 -0.199188 -0.239105
v 0.072586 0.033291 0.217896
v 0.072731 0.156631 0.236298
v 0.072945 -0.049252 -0.236389
v 0.073227 0.388641 0.216202
v 0.073288 -0.481720 -0.083984
v 0.073715 0.241241 -0.224731
v 0.074150 0.367615 -0.184952
v 0.074165 0.356598 -0.137909
v 0.074211 0.266144 0.335571
v 0.074417 -0.352051 -0.237976
v 0.074486 0.268005 0.257904
v 0.074623 -0.372833 0.218948
v 0.074646 -0.388306 -0.272400
v 0.074928 -0.404663 0.271423
v 0.074982 0.362640 -0.345490
v 0.074989 0.371735 -0.266998
v 0.075211 0.268463 -0.201050
v 0.075256 -0.449982 -0.275330
v 0.075294 0.178268 0.234009
v 0.075317 0.320557 -0.327759
v 0.075356 0.212799 -0.236603
v 0.075523 0.373871 0.184036
v 0.075584 -0.477905 -0.259186
v 0.075768 -0.180222 -0.242676
v 0.075783 0.322205 -0.351624
v 0.075874 0.197845 -0.258850
v 0.075882 -0.250580 0.242462
v 0.076019 0.381897 -0.275543
v 0.076080 -0.423248 0.274353
v 0.076195 0.272339 -0.270752
v 0.076477 0.370514 0.270172
v 0.076485 0.263885 0.202866
v 0.076515 -0.007678 0.222733
v 0.076599 0.286560 0.292786
v 0.076675 0.118553 -0.244217
v 0.076813 0.211487 -0.231323
v 0.076874 -0.076569 0.222382
v 0.076912 -0.040482 0.226715
v 0.076973 -0.089928 -0.238785
v 0.077171 0.377625 -0.224884
v 0.077179 -0.318115 0.228058
v 0.077263 0.381256 0.058659
v 0.077293 0.243164 0.218826
v 0.077393 -0.474609 0.260468
v 0.077469 0.346680 -0.355530
v 0.077499 0.206146 -0.245056
v 0.077568 0.372528 -0.091782
v 0.077599 -0.304321 -0.244644
v 0.077621 0.360596 0.125336
v 0.077812 0.188812 0.235580
v 0.077950 0.132324 -0.242813
v 0.078049 0.387177 -0.254608
v 0.078140 0.350830 -0.350006
v 0.078392 -0.444550 0.269012
v 0.078415 0.095581 0.252747
v 0.078445 0.351593 -0.141190
v 0.078743 -0.116249 0.230591
v 0.078819 -0.191940 -0.237854
v 0.078880 0.313599 0.321136
v 0.078903 0.211716 -0.285126
v 0.079102 0.239639 -0.313416
v 0.079140 0.350220 -0.176208
v 0.079185 -0.069786 -0.234161
v 0.079330 -0.212280 -0.244507
v 0.079346 0.168610 -0.234390
v 0.079483 -0.148331 0.232880
v 0.079483 -0.404572 -0.276825
v 0.079529 0.384796 -0.044868
v 0.079636 0.262939 -0.275665
v 0.079643 0.233200 -0.225021
v 0.079651 0.041050 0.222610
v 0.079681 0.287842 0.304535
v 0.079697 0.350830 0.161743
v 0.079933 0.268890 -0.293030
v 0.079964 0.397034 0.268311
v 0.080009 0.387878 0.284821
v 0.080109 0.369568 0.103706
v 0.080208 0.304077 -0.324921
v 0.080368 0.346893 0.355743
v 0.080376 -0.484924 0.253876
v 0.080452 0.242981 0.233795
v 0.080482 -0.202011 0.236755
v 0.080727 0.349640 0.140518
v 0.080925 0.340118 -0.230942
v 0.080933 -0.333984 -0.238403
v 0.080971 0.386597 0.243271
v 0.080978 0.276428 0.193527
v 0.081329 0.232941 -0.238953
v 0.081352 0.057476 0.246460
v 0.081436 -0.462524 -0.266602
v 0.081482 0.287689 0.194290
v 0.081482 -0.165436 0.232178
v 0.081688 0.245407 -0.247559
v 0.081718 0.230408 -0.257935
v 0.081848 0.373871 -0.255371
v 0.081879 0.283966 -0.194046
v 0.081932 -0.194168 0.226257
v 0.082092 -0.073608 -0.228683
v 0.082191 0.290314 0.342377
v 0.082275 -0.169891 -0.249115
v 0.082352 0.201172 0.231812
v 0.082436 -0.157379 -0.248962
v 0.082497 0.288635 -0.341675
v 0.082504 -0.000284 -0.229111
v 0.082680 0.335144 -0.339539
v 0.082756 0.269958 0.269318
v 0.082954 0.193146 0.250122
v 0.082985 0.363190 0.345367
v 0.083382 -0.079185 -0.230118
v 0.083427 0.312561 -0.206161
v 0.083549 0.107819 0.247162
v 0.083595 -0.487885 0.228699
v 0.083603 -0.418732 0.275604
v 0.083717 0.324066 0.216721
v 0.083923 0.248230 0.320160
v 0.084175 0.198364 0.267303
v 0.084221 0.322357 -0.349457
v 0.084259 0.218369 0.228012
v 0.084305 0.236496 -0.219925
v 0.084396 0.277008 -0.303497
v 0.084534 -0.067657 0.224197
v 0.084656 0.382385 0.266449
v 0.084702 0.213791 -0.265869
v 0.084839 0.210449 0.242523
v 0.084862 0.263184 -0.328583
v 0.084892 0.155273 -0.238144
v 0.084961 -0.180771 -0.245956
v 0.085098 0.230850 0.225449
v 0.085129 0.334747 -0.153625
v 0.085297 0.341034 0.156616
v 0.085350 -0.199463 0.227859
v 0.085541 -0.127472 -0.243179
v 0.085609 -0.485962 0.192688
v 0.085632 0.300507 0.198929
v 0.085670 -0.278351 0.234268
v 0.085716 0.370728 0.086601
v 0.085762 -0.485718 -0.012173
v 0.085800 -0.439972 0.274231
v 0.085892 0.349823 0.243820
v 0.086090 0.245148 -0.276489
v 0.086136 0.198639 -0.227325
v 0.086159 0.149612 0.234268
v 0.086235 0.114777 -0.245438
v 0.086273 -0.485413 0.059387
v 0.086632 -0.418701 -0.279480
v 0.086647 0.294342 -0.196304
v 0.086655 0.366791 0.114105
v 0.086723 0.231033 0.245560
v 0.086777 0.348541 0.352325
v 0.086952 0.256592 0.269775
v 0.087181 0.260590 0.325165
v 0.087364 -0.481445 0.259399
v 0.087364 -0.485352 0.127151
v 0.087372 0.178482 0.230103
v 0.087494 0.113007 -0.259705
v 0.087601 0.315979 -0.339325
v 0.087624 0.036331 -0.224960
v 0.087700 0.225632 -0.265106
v 0.087753 0.244583 0.247208
v 0.087761 -0.310699 0.230255
v 0.087830 0.320221 0.347778
v 0.087906 0.203506 0.249420
v 0.087944 -0.438202 -0.278320
v 0.087967 0.362854 -0.119423
v 0.087982 0.383759 0.016333
v 0.088074 0.344360 -0.186432
v 0.088089 0.232361 -0.300415
v 0.088112 -0.446106 0.268372
v 0.088173 -0.382294 -0.267303
v 0.088234 -0.063072 -0.237091
v 0.088326 0.227875 0.222031
v 0.088554 -0.105698 -0.239716
v 0.088676 -0.025318 -0.233246
v 0.088768 -0.203735 -0.237534
v 0.088951 0.328369 -0.166779
v 0.089104 0.226212 -0.284912
v 0.089127 -0.241257 -0.240326
v 0.089172 0.247345 -0.313477
v 0.089218 0.353699 -0.240479
v 0.089249 0.338409 -0.134567
v 0.089272 0.367859 0.261078
v 0.089287 -0.208450 0.240219
v 0.089409 -0.356415 -0.235779
v 0.089485 0.223312 0.294434
v 0.089539 -0.480469 -0.175659
v 0.089661 -0.190613 -0.239182
v 0.089668 -0.448090 -0.272095
v 0.089912 0.332794 0.334747
v 0.089973 0.233459 0.260284
v 0.090027 0.211243 0.248367
v 0.090286 0.356445 0.195679
v 0.090416 0.286438 -0.314728
v 0.090424 0.046654 0.233719
v 0.090515 0.290741 -0.334991
v 0.090576 0.258881 -0.205582
v 0.090851 0.178909 -0.230011
v 0.090981 0.357208 -0.221985
v 0.091042 -0.080460 0.223541
v 0.091057 -0.375305 0.217514
v 0.091125 -0.389648 0.250336
v 0.091179 0.021175 0.217560
v 0.091232 0.372742 0.236710
v 0.091537 0.070480 -0.273773
v 0.091576 0.349854 0.180664
v 0.091621 0.294159 0.313568
v 0.091927 -0.358795 0.214752
v 0.092018 0.332703 0.222656
v 0.092094 0.275085 -0.191956
v 0.092094 0.287689 -0.323212
v 0.092110 -0.325195 0.221252
v 0.092148 -0.057713 0.227570
v 0.092171 0.246658 -0.284027
v 0.092186 0.260101 0.285645
v 0.092339 0.268707 -0.320618
v 0.092468 0.357452 -0.127869
v 0.092720 -0.195053 -0.234314
v 0.092834 -0.487732 0.250397
v 0.093010 -0.487366 0.215790
v 0.093025 -0.263733 0.230026
v 0.093102 0.327301 0.344482
v 0.093216 -0.486511 0.193558
v 0.093468 -0.098061 0.228226
v 0.093483 0.280823 0.328308
v 0.093552 0.215744 0.276825
v 0.093559 0.305389 -0.196655
v 0.093636 0.250397 -0.301849
v 0.093651 0.125549 0.238617
v 0.093681 0.333618 -0.206406
v 0.093712 0.325958 -0.211884
v 0.094032 0.145279 0.235321
v 0.094543 -0.301636 0.228027
v 0.094620 -0.368469 0.212387
v 0.094666 -0.201553 0.227081
v 0.094673 0.326050 -0.184326
v 0.094856 -0.153473 -0.244354
v 0.095184 0.040749 -0.227448
v 0.095230 -0.380188 0.226410
v 0.095383 -0.295197 -0.235336
v 0.095383 -0.372131 -0.254761
v 0.095619 0.312836 -0.189560
v 0.095680 0.066864 0.252716
v 0.095772 -0.181564 -0.246368
v 0.095795 0.123566 -0.236755
v 0.095856 0.162689 -0.234055
v 0.095863 0.241318 0.304779
v 0.096062 0.376709 0.001100
v 0.096123 -0.491882 0.217667
v 0.096138 -0.437592 0.271912
v 0.096336 -0.402313 0.264099
v 0.096352 -0.201996 -0.230392
v 0.096519 -0.477356 0.263916
v 0.096527 0.356567 0.235474
v 0.096527 -0.455566 0.266174
v 0.096611 0.021740 -0.224670
v 0.096710 -0.349121 -0.228882
v 0.096786 -0.071022 -0.222870
v 0.096870 -0.479950 -0.258514
v 0.096893 -0.214447 -0.237839
v 0.097008 0.051945 -0.247757
v 0.097015 0.217880 0.268494
v 0.097145 -0.090874 -0.236557
v 0.097282 0.101341 0.244110
v 0.097374 -0.077164 -0.221298
v 0.097435 0.299927 -0.189438
v 0.097519 0.109993 0.238373
v 0.097534 0.116379 -0.237320
v 0.097542 -0.491638 0.197495
v 0.097641 0.348053 0.235397
v 0.097771 -0.462616 -0.268097
v 0.097839 -0.196564 0.220871
v 0.097847 0.107376 -0.272827
v 0.097923 0.145035 -0.235367
v 0.097923 -0.225784 0.240479
v 0.097931 -0.140442 0.231598
v 0.097984 -0.068680 -0.228897
v 0.098030 -0.485565 0.157425
v 0.098076 0.343781 -0.122681
v 0.098091 -0.485504 0.030575
v 0.098129 0.225067 0.262878
v 0.098152 -0.415192 0.271637
v 0.098244 -0.488495 0.227005
v 0.098412 0.297241 0.320435
v 0.098579 -0.068680 0.218719
v 0.098587 0.299133 0.330109
v 0.098602 0.359741 0.121857
v 0.098640 -0.014126 0.219116
v 0.098663 -0.480865 -0.242950
v 0.098846 -0.492096 0.223938
v 0.098854 0.240326 0.274231
v 0.098946 0.350281 0.211182
v 0.098953 -0.487518 0.179993
v 0.098969 -0.190887 -0.239548
v 0.099052 -0.172180 -0.245850
v 0.099098 -0.071083 0.214035
v 0.099106 0.347443 0.132874
v 0.099251 0.383240 -0.034451
v 0.099403 0.303619 0.195587
v 0.099594 -0.046001 -0.235352
v 0.099693 0.334869 0.184021
v 0.099739 -0.118294 -0.233948
v 0.099869 -0.041664 0.222900
v 0.099976 -0.105446 -0.237976
v 0.100098 0.322815 0.168610
v 0.100113 0.229523 0.285919
v 0.100250 0.342224 0.217712
v 0.100288 0.040012 0.218674
v 0.100342 0.084320 0.252625
v 0.100471 0.328308 0.210907
v 0.100494 -0.389008 -0.271759
v 0.100586 -0.161438 0.226807
v 0.100609 -0.239334 0.236160
v 0.100639 -0.181244 0.224213
v 0.100685 0.383423 0.033665
v 0.100807 0.373352 0.084335
v 0.100845 -0.196671 -0.225815
v 0.101036 -0.207367 -0.232895
v 0.101219 0.377747 -0.010867
v 0.101311 0.000742 -0.224640
v 0.101402 0.229187 -0.216644
v 0.101517 0.213242 0.219147
v 0.101562 -0.202332 0.217834
v 0.101562 -0.489410 0.244995
v 0.101631 -0.262238 -0.234161
v 0.101685 -0.118095 0.228531
v 0.101791 0.252106 -0.208359
v 0.101891 0.266541 0.300751
v 0.101967 0.256104 0.305054
v 0.101967 -0.135757 -0.238052
v 0.102005 0.311737 -0.174896
v 0.102005 -0.361053 0.205750
v 0.102097 -0.373444 0.208359
v 0.102165 0.240417 0.284088
v 0.102173 0.312927 0.189865
v 0.102386 -0.197861 0.215225
v 0.102516 -0.210022 0.234863
v 0.102821 0.361542 -0.109886
v 0.102837 -0.486816 0.257080
v 0.102966 -0.081985 -0.226044
v 0.102982 0.127182 -0.230652
v 0.103073 -0.056881 -0.235367
v 0.103088 -0.358429 -0.225204
v 0.103134 0.261627 0.199112
v 0.103203 0.238571 0.211823
v 0.103210 -0.202728 -0.219177
v 0.103264 -0.495758 0.213882
v 0.103592 -0.204025 -0.200546
v 0.103607 -0.340485 0.213058
v 0.103653 0.372681 -0.080627
v 0.103676 -0.340332 -0.227112
v 0.103737 -0.197845 -0.209808
v 0.103760 -0.017263 -0.230103
v 0.103905 -0.215652 -0.194885
v 0.103996 -0.179321 -0.243011
v 0.104134 -0.057522 0.221695
v 0.104263 0.020258 -0.221191
v 0.104340 0.189163 -0.220444
v 0.104469 0.034496 0.212967
v 0.104546 0.315857 0.179596
v 0.104553 0.033886 -0.221069
v 0.104614 0.093201 0.250946
v 0.104828 0.304504 -0.181610
v 0.104858 -0.077713 0.211884
v 0.104919 0.380219 -0.048714
v 0.104973 0.115341 0.227097
v 0.104996 -0.363739 -0.238922
v 0.105011 -0.204849 0.222687
v 0.105133 -0.207108 -0.189880
v 0.105194 -0.287506 0.222153
v 0.105240 0.127060 -0.224258
v 0.105255 0.315704 -0.162247
v 0.105293 0.289124 0.187729
v 0.105408 0.016903 0.214722
v 0.105545 -0.087257 0.220688
v 0.105576 -0.429993 -0.274261
v 0.105675 -0.196762 -0.193863
v 0.105713 -0.431824 0.269470
v 0.105736 -0.245041 0.225830
v 0.105751 -0.191437 0.217041
v 0.106071 0.351166 -0.112167
v 0.106270 0.368134 0.098495
v 0.106300 -0.194351 -0.228699
v 0.106316 -0.227081 -0.229355
v 0.106407 -0.042637 -0.231674
v 0.106422 -0.475342 -0.264374
v 0.106438 -0.202118 0.199112
v 0.106972 -0.277008 -0.229279
v 0.107086 -0.210037 -0.224609
v 0.107086 -0.314636 0.215988
v 0.107140 0.301270 0.184372
v 0.107193 0.082077 -0.279694
v 0.107315 -0.206924 0.185379
v 0.107399 -0.318939 -0.226135
v 0.107407 0.136948 0.228760
v 0.107437 -0.412445 -0.275360
v 0.107460 0.324860 -0.123070
v 0.107460 -0.162109 -0.237534
v 0.107536 -0.150452 0.222534
v 0.107567 0.378601 0.020658
v 0.107674 0.040077 -0.224091
v 0.107704 -0.493408 0.195251
v 0.107864 -0.223450 0.234909
v 0.107925 0.287170 -0.185944
v 0.108147 0.317688 0.166916
v 0.108147 -0.195679 0.178345
v 0.108231 -0.345856 -0.216919
v 0.108238 -0.367889 0.188782
v 0.108246 0.377533 -0.022963
v 0.108253 -0.387299 0.227539
v 0.108292 -0.213135 -0.200974
v 0.108360 -0.208160 -0.212585
v 0.108406 0.371674 0.069527
v 0.108513 0.271301 -0.191299
v 0.108566 -0.060692 -0.226868
v 0.108871 -0.484131 -0.041790
v 0.108948 -0.488403 0.226746
v 0.108986 0.361694 -0.089836
v 0.109146 0.376587 0.052082
v 0.109161 0.166275 0.226379
v 0.109299 0.185638 0.220886
v 0.109299 -0.004120 0.213654
v 0.109352 0.055016 0.244705
v 0.109497 -0.185654 -0.233826
v 0.109535 -0.495514 0.218018
v 0.109650 -0.136429 -0.229523
v 0.109695 -0.211914 0.228546
v 0.109749 -0.191010 -0.213699
v 0.109779 -0.193222 0.201355
v 0.109787 -0.113190 -0.226929
v 0.109825 -0.247955 -0.188431
v 0.109901 -0.014161 -0.217834
v 0.109947 -0.474030 0.264435
v 0.109970 0.045265 0.228867
v 0.110130 -0.360382 -0.210464
v 0.110161 -0.217789 -0.213028
v 0.110168 0.335541 -0.109917
v 0.110329 -0.335632 0.195007
v 0.110352 -0.236252 -0.198059
v 0.110413 -0.187271 -0.203522
v 0.110489 -0.068611 -0.215836
v 0.110519 -0.209091 0.191696
v 0.110588 -0.300079 -0.212143
v 0.110725 -0.210175 0.213318
v 0.110733 0.329590 0.147583
v 0.111000 0.306793 0.176926
v 0.111046 -0.109291 0.057343
v 0.111046 -0.124840 0.054321
v 0.111061 0.005527 -0.208481
v 0.111076 -0.234726 0.217972
v 0.111076 -0.394287 -0.269257
v 0.111099 -0.169403 -0.214905
v 0.111130 0.115021 -0.220444
v 0.111130 -0.093033 -0.222565
v 0.111137 -0.319824 -0.190063
v 0.111191 -0.267426 0.214630
v 0.111198 0.106415 0.238129
v 0.111198 -0.380890 -0.259613
v 0.111313 -0.173508 -0.202087
v 0.111328 -0.191208 -0.223145
v 0.111359 -0.236938 -0.214478
v 0.111458 -0.144302 -0.215439
v 0.111481 -0.340393 -0.202652
v 0.111496 -0.250000 -0.224701
v 0.111588 -0.485565 0.093353
v 0.111626 -0.486237 0.179077
v 0.111763 -0.069122 -0.104912
v 0.111862 -0.489899 0.182663
v 0.111938 -0.040665 -0.218414
v 0.111938 -0.227661 0.227005
v 0.112022 -0.222137 0.192245
v 0.112045 -0.099045 0.217026
v 0.112129 -0.269440 -0.201279
v 0.112198 -0.072235 -0.091301
v 0.112244 0.030556 -0.208603
v 0.112267 -0.188461 0.183090
v 0.112274 0.176758 -0.091064
v 0.112335 0.153015 0.080147
v 0.112335 -0.222336 0.183258
v 0.112419 0.194305 -0.094460
v 0.112450 -0.418304 0.269135
v 0.112473 0.181549 0.091667
v 0.112480 -0.183426 0.214523
v 0.112495 0.064919 0.254486
v 0.112495 -0.308105 -0.183380
v 0.112503 -0.207596 0.178528
v 0.112541 0.119415 0.034664
v 0.112541 -0.235016 -0.220901
v 0.112587 0.294800 -0.005091
v 0.112587 -0.073471 -0.084900
v 0.112595 0.131012 0.059914
v 0.112640 0.140198 -0.068756
v 0.112686 0.261017 0.073807
v 0.112724 0.226715 0.091133
v 0.112724 0.288086 -0.038673
v 0.112747 0.205429 -0.098343
v 0.112770 -0.188660 -0.190903
v 0.112785 0.114830 -0.015231
v 0.112808 0.229080 -0.092850
v 0.112816 0.253326 -0.079178
v 0.112816 -0.059032 -0.216171
v 0.112854 0.122261 -0.046040
v 0.112877 0.150238 -0.084213
v 0.112892 0.114380 0.012468
v 0.112900 0.247940 0.088043
v 0.112900 0.272369 -0.067093
v 0.112907 0.168839 -0.221176
v 0.112907 0.295258 0.024445
v 0.112930 0.255463 -0.083549
v 0.112984 0.184906 -0.097900
v 0.112984 -0.083237 -0.215607
v 0.112991 0.131027 -0.067390
v 0.113014 -0.299774 0.201614
v 0.113037 0.225998 0.096146
v 0.113083 -0.083466 -0.093956
v 0.113144 -0.281647 -0.209595
v 0.113159 0.075806 0.253845
v 0.113174 0.300140 0.001749
v 0.113197 0.286774 -0.050442
v 0.113205 0.313782 -0.138443
v 0.113220 -0.070358 0.087990
v 0.113274 0.354645 0.117668
v 0.113281 0.120293 0.046001
v 0.113327 0.162582 0.090157
v 0.113373 -0.488068 0.238388
v 0.113449 -0.152283 -0.222702
v 0.113487 -0.111794 0.050491
v 0.113503 0.296936 -0.023241
v 0.113556 0.142334 0.078796
v 0.113579 -0.349762 0.139755
v 0.113632 0.128616 0.064995
v 0.113678 0.287750 0.047752
v 0.113754 0.110474 -0.232666
v 0.113785 0.170837 -0.092842
v 0.113792 -0.481415 -0.213821
v 0.113800 0.031708 0.203323
v 0.113838 -0.361084 -0.189224
v 0.113846 0.110001 -0.018963
v 0.113991 -0.125870 0.214691
v 0.113991 -0.170410 -0.229401
v 0.113998 -0.047199 -0.095352
v 0.113998 -0.203491 0.161819
v 0.114037 0.291534 0.185150
v 0.114098 0.365326 -0.049892
v 0.114113 -0.351776 -0.179672
v 0.114136 -0.092735 -0.079041
v 0.114220 0.110382 -0.249313
v 0.114265 -0.061005 0.209885
v 0.114265 -0.166260 0.213638
v 0.114296 0.273560 0.187134
v 0.114395 0.147034 -0.219833
v 0.114410 -0.175812 0.199585
v 0.114418 -0.019339 -0.209091
v 0.114433 0.186783 0.098793
v 0.114456 0.110710 0.013199
v 0.114456 -0.156265 -0.205627
v 0.114471 0.369965 -0.000952
v 0.114525 0.013052 0.206985
v 0.114525 0.141678 0.066086
v 0.114532 -0.179855 -0.223526
v 0.114555 -0.149261 0.204712
v 0.114601 -0.252075 0.189087
v 0.114601 -0.364807 0.168884
v 0.114677 -0.036957 -0.104263
v 0.114693 -0.117142 0.064789
v 0.114693 -0.370483 0.138733
v 0.114700 0.239929 -0.208435
v 0.114746 0.192520 0.097420
v 0.114777 -0.202713 -0.182602
v 0.114822 0.278015 0.051533
v 0.114861 -0.183395 0.175034
v 0.114944 -0.350403 0.135223
v 0.115097 -0.345551 0.172150
v 0.115143 0.207184 0.091438
v 0.115150 -0.252716 -0.144852
v 0.115242 -0.009408 0.205399
v 0.115250 0.370972 0.069641
v 0.115265 -0.274963 0.195251
v 0.115318 0.211075 0.097977
v 0.115318 -0.099113 0.068924
v 0.115318 -0.481140 0.262756
v 0.115326 -0.312653 0.145096
v 0.115379 0.156235 -0.085747
v 0.115402 -0.111893 -0.214966
v 0.115410 -0.255432 -0.212341
v 0.115433 0.001694 -0.104172
v 0.115555 -0.371857 0.174072
v 0.115562 -0.045197 0.096306
v 0.115562 -0.083138 0.085243
v 0.115562 -0.369476 -0.231552
v 0.115578 0.345184 -0.099480
v 0.115608 -0.156616 0.193329
v 0.115631 0.268341 0.074585
v 0.115746 0.114098 -0.036434
v 0.115845 -0.059521 -0.110954
v 0.115906 -0.063171 0.102127
v 0.115906 -0.403473 0.250824
v 0.115944 0.008927 -0.198303
v 0.116005 -0.350861 0.143173
v 0.116013 -0.008794 -0.099098
v 0.116035 -0.479858 -0.147858
v 0.116119 -0.090317 -0.071808
v 0.116142 0.217514 -0.211472
v 0.116142 -0.241180 -0.144165
v 0.116211 0.012409 0.196106
v 0.116264 -0.040569 0.209656
v 0.116287 -0.308044 0.140244
v 0.116333 0.029448 0.187073
v 0.116508 -0.123199 0.046585
v 0.116531 -0.361786 0.153122
v 0.116592 0.009894 -0.135590
v 0.116608 -0.124115 0.205460
v 0.116615 -0.276337 0.145798
v 0.116661 -0.138519 0.048512
v 0.116684 0.158447 -0.076920
v 0.116692 -0.492249 0.212601
v 0.116699 0.019958 -0.137268
v 0.116730 -0.093010 0.208298
v 0.116821 -0.488129 0.252869
v 0.116898 0.016922 -0.096207
v 0.117012 -0.042377 0.105179
v 0.117020 0.118446 -0.013227
v 0.117142 -0.090813 0.069466
v 0.117233 -0.373474 0.158875
v 0.117279 0.107422 0.218750
v 0.117302 0.100639 -0.277893
v 0.117325 -0.485870 0.183746
v 0.117378 0.368347 0.045593
v 0.117447 -0.371338 0.133133
v 0.117462 -0.138763 0.056892
v 0.117554 0.020222 -0.106895
v 0.117584 0.037746 0.203293
v 0.117622 0.126205 0.036854
v 0.117691 -0.245407 0.182465
v 0.117722 -0.316101 0.169891
v 0.117783 0.261749 -0.193710
v 0.117867 -0.275055 0.174866
v 0.117912 -0.487488 0.056473
v 0.117966 -0.254425 -0.136490
v 0.117966 -0.376923 0.142899
v 0.118019 0.057083 0.254944
v 0.118080 -0.481537 -0.118019
v 0.118103 -0.235550 -0.183777
v 0.118134 -0.301453 0.152634
v 0.118233 -0.488037 0.200653
v 0.118332 0.171005 -0.081528
v 0.118347 0.037491 -0.211563
v 0.118370 -0.208603 0.165527
v 0.118385 -0.312103 -0.146164
v 0.118469 -0.241882 0.163971
v 0.118507 -0.251678 0.145020
v 0.118538 0.114105 0.037842
v 0.118568 0.105255 -0.271851
v 0.118629 -0.219269 0.150650
v 0.118629 -0.221237 0.178818
v 0.118698 0.259979 0.196960
v 0.118805 -0.016161 0.099434
v 0.118851 0.144928 -0.061497
v 0.118965 0.319885 -0.120659
v 0.119019 0.362488 0.088692
v 0.119019 -0.477936 -0.258789
v 0.119102 0.191513 0.086769
v 0.119156 -0.390839 0.211807
v 0.119164 -0.293274 -0.141464
v 0.119301 -0.070213 0.101738
v 0.119324 0.028048 -0.105812
v 0.119370 0.034813 -0.196411
v 0.119469 -0.341827 -0.177048
v 0.119484 0.024401 -0.123688
v 0.119484 -0.072792 -0.082695
v 0.119514 -0.210114 -0.181366
v 0.119545 0.122719 -0.055908
v 0.119568 -0.020069 -0.138657
v 0.119591 0.001568 -0.144531
v 0.119644 -0.065826 -0.118202
v 0.119713 -0.487885 0.223755
v 0.119736 0.011289 0.097092
v 0.119766 -0.009128 -0.135132
v 0.119896 0.135147 -0.209488
v 0.120033 -0.006396 -0.109299
v 0.120064 -0.291443 -0.083046
v 0.120094 -0.037769 -0.109520
v 0.120163 0.022346 0.095482
v 0.120163 -0.319885 -0.086754
v 0.120178 0.147446 0.084793
v 0.120201 -0.234726 -0.153320
v 0.120300 -0.451080 0.265991
v 0.120331 -0.344208 -0.143570
v 0.120422 0.093185 -0.279846
v 0.120476 -0.268372 -0.150299
v 0.120499 -0.015865 -0.122200
v 0.120644 0.354004 0.109230
v 0.120674 -0.049961 -0.122643
v 0.120705 0.212204 0.084290
v 0.120766 -0.008625 0.198471
v 0.120766 -0.377563 -0.245178
v 0.120811 -0.101555 -0.069016
v 0.120895 0.283569 -0.180740
v 0.120903 0.031202 -0.121704
v 0.120903 0.215637 -0.083305
v 0.120918 -0.471680 -0.265289
v 0.120979 -0.358459 -0.084000
v 0.121025 0.276703 -0.039883
v 0.121040 0.024385 -0.143051
v 0.121071 0.297821 0.176727
v 0.121208 0.170410 -0.096756
v 0.121368 -0.485229 -0.008349
v 0.121468 -0.022194 -0.095673
v 0.121529 0.107895 0.016970
v 0.121559 -0.292969 0.140335
v 0.121574 -0.306641 -0.092690
v 0.121597 -0.298828 -0.180389
v 0.121620 -0.447479 -0.269592
v 0.121651 0.028358 -0.187363
v 0.121758 -0.047073 0.092888
v 0.121765 0.284302 0.057598
v 0.121895 -0.381409 0.189682
v 0.121918 -0.340118 -0.092651
v 0.121941 -0.312195 -0.152954
v 0.121986 0.013300 0.186295
v 0.122047 -0.371857 -0.197037
v 0.122055 -0.072014 0.082870
v 0.122078 -0.043156 -0.133240
v 0.122124 -0.399963 0.230804
v 0.122131 0.131119 -0.036884
v 0.122169 -0.218292 0.144318
v 0.122200 0.060200 0.263000
v 0.122200 0.252502 -0.087616
v 0.122223 -0.235382 -0.168289
v 0.122253 0.360321 0.014884
v 0.122269 -0.055359 -0.090111
v 0.122292 0.073318 -0.276459
v 0.122322 0.365692 0.060501
v 0.122391 0.027899 0.103920
v 0.122444 0.283478 0.013769
v 0.122520 0.290741 -0.173630
v 0.122612 -0.334930 -0.138931
v 0.122650 0.312408 0.163040
v 0.122665 -0.486053 0.030235
v 0.122810 0.033318 -0.134293
v 0.122833 0.007960 0.107460
v 0.122879 -0.139069 0.041527
v 0.122887 -0.253387 -0.178345
v 0.122978 0.193039 0.091812
v 0.123077 -0.102707 0.205124
v 0.123093 -0.203064 0.147400
v 0.123108 -0.040192 0.108963
v 0.123108 -0.275848 -0.084808
v 0.123161 -0.269623 -0.161819
v 0.123245 0.106949 0.225708
v 0.123283 -0.377838 -0.217880
v 0.123360 -0.108559 0.045338
v 0.123466 -0.481750 -0.072746
v 0.123474 0.093506 0.249741
v 0.123497 0.336365 0.129532
v 0.123505 0.170486 0.212555
v 0.123535 0.191757 0.101639
v 0.123550 -0.377075 0.134842
v 0.123573 0.124771 0.003846
v 0.123657 -0.416992 0.257904
v 0.123688 0.255249 0.061695
v 0.123718 0.246994 -0.195679
v 0.123749 -0.024096 0.095352
v 0.123779 0.034603 0.179276
v 0.123779 -0.370880 -0.090256
v 0.123795 0.028080 0.175400
v 0.123886 -0.469910 0.263885
v 0.123955 -0.146729 0.046234
v 0.124008 -0.255188 -0.133209
v 0.124046 0.273010 -0.071823
v 0.124054 -0.130661 0.041039
v 0.124092 0.337097 -0.085602
v 0.124199 0.156006 -0.088425
v 0.124252 0.125183 0.210999
v 0.124283 -0.229309 -0.150650
v 0.124329 -0.073952 0.206070
v 0.124359 0.297913 -0.155136
v 0.124397 0.245148 0.200150
v 0.124420 -0.296844 -0.077316
v 0.124443 -0.337891 -0.150253
v 0.124489 0.173584 0.072952
v 0.124496 -0.216888 -0.167831
v 0.124512 -0.081894 -0.104378
v 0.124519 -0.099533 -0.057194
v 0.124557 -0.431580 0.264099
v 0.124573 -0.098587 -0.082458
v 0.124817 0.289978 -0.048958
v 0.124847 -0.362244 -0.172714
v 0.124870 0.186661 -0.076958
v 0.124939 -0.485535 0.072533
v 0.125000 0.207001 0.100258
v 0.125061 0.026394 -0.093414
v 0.125153 -0.487366 0.235153
v 0.125168 -0.291107 -0.094589
v 0.125214 0.210648 0.206421
v 0.125259 -0.013174 0.116959
v 0.125259 -0.154739 0.189529
v 0.125275 0.219284 -0.204285
v 0.125336 0.175095 0.097977
v 0.125351 -0.276703 -0.076889
v 0.125381 0.169159 -0.084373
v 0.125397 -0.341858 -0.172318
v 0.125412 0.069626 0.260773
v 0.125412 -0.378815 -0.076416
v 0.125519 0.199905 0.094604
v 0.125702 0.158722 -0.075829
v 0.125748 0.145660 0.051258
v 0.125748 -0.357941 -0.146759
v 0.125778 0.018574 0.123985
v 0.125809 -0.391724 -0.260223
v 0.125839 -0.207108 -0.173874
v 0.125870 -0.052963 0.115807
v 0.125885 -0.308136 -0.138794
v 0.126114 -0.289734 -0.171448
v 0.126114 -0.376312 -0.068901
v 0.126144 -0.314850 -0.168823
v 0.126160 -0.381134 0.141861
v 0.126190 0.205444 0.078552
v 0.126190 -0.127960 0.022337
v 0.126205 -0.347443 -0.079453
v 0.126221 0.321838 -0.108078
v 0.126236 -0.301666 -0.160324
v 0.126266 -0.068932 -0.212540
v 0.126282 0.341644 0.110939
v 0.126343 0.012650 -0.092598
v 0.126373 0.230133 -0.097626
v 0.126480 0.166183 -0.210648
v 0.126511 -0.427582 -0.271637
v 0.126541 -0.022804 -0.144440
v 0.126556 0.017416 -0.147095
v 0.126556 -0.345947 -0.160507
v 0.126587 0.228119 0.073227
v 0.126648 0.031605 0.120918
v 0.126694 0.357544 0.072578
v 0.126724 0.256012 -0.055790
v 0.126755 0.017981 -0.188736
v 0.126755 0.302124 0.010357
v 0.126801 -0.485962 0.087875
v 0.126831 0.131485 -0.073898
v 0.126846 0.350555 -0.021357
v 0.126862 -0.378967 0.174347
v 0.126877 -0.481110 0.253906
v 0.126892 0.048992 0.243988
v 0.126892 0.112038 -0.203812
v 0.126907 -0.356079 -0.136841
v 0.126938 0.147995 -0.144257
v 0.126968 -0.479431 -0.248627
v 0.126984 -0.367004 -0.180161
v 0.126999 0.204346 0.085464
v 0.127014 -0.115036 0.027634
v 0.127090 -0.318634 -0.080757
v 0.127106 0.229919 0.098740
v 0.127167 0.033375 -0.142639
v 0.127213 0.263916 -0.185471
v 0.127228 0.253082 0.088379
v 0.127289 -0.336853 0.081436
v 0.127319 -0.028860 0.130081
v 0.127319 -0.145447 -0.205109
v 0.127350 -0.377411 0.064590
v 0.127380 0.028893 0.131607
v 0.127380 0.162643 -0.093178
v 0.127396 -0.332886 -0.096687
v 0.127472 -0.013118 -0.202988
v 0.127487 -0.130936 0.063454
v 0.127518 -0.243607 -0.131607
v 0.127533 0.125275 0.066383
v 0.127548 -0.000401 0.136185
v 0.127670 0.302795 -0.103371
v 0.127670 -0.486328 0.155334
v 0.127686 0.174362 -0.148193
v 0.127777 0.122818 -0.144455
v 0.127808 0.013051 0.090691
v 0.127808 0.276001 -0.161743
v 0.127823 -0.313660 -0.104073
v 0.127838 0.189163 -0.153305
v 0.127853 -0.356476 0.080589
v 0.127869 0.032459 0.106277
v 0.127914 -0.381897 0.158783
v 0.127945 0.131165 -0.200760
v 0.127960 0.326172 -0.070602
v 0.128006 -0.264648 -0.101097
v 0.128006 -0.285919 -0.134430
v 0.128021 -0.038219 -0.091042
v 0.128052 0.337830 0.045887
v 0.128098 0.225784 -0.196655
v 0.128098 -0.362366 -0.162827
v 0.128113 0.284119 -0.118286
v 0.128128 -0.257172 -0.121620
v 0.128143 0.203552 -0.148117
v 0.128143 -0.152542 0.052948
v 0.128159 0.246506 -0.182556
v 0.128159 0.350281 0.032852
v 0.128159 -0.363708 -0.098595
v 0.128204 0.028606 -0.150238
v 0.128311 -0.087509 0.086990
v 0.128326 -0.348053 0.131775
v 0.128357 -0.116386 0.007976
v 0.128372 -0.409668 -0.268707
v 0.128387 0.338806 -0.055630
v 0.128387 -0.095909 -0.213730
v 0.128433 -0.286133 -0.110359
v 0.128448 0.187042 -0.204849
v 0.128525 0.246353 -0.173416
v 0.128571 0.097878 -0.277039
v 0.128586 0.271515 0.029278
v 0.128601 -0.380585 -0.085251
v 0.128616 0.041073 0.208298
v 0.128616 -0.128342 0.199509
v 0.128632 0.232254 -0.144287
v 0.128662 0.302643 -0.007838
v 0.128662 -0.014252 -0.092781
v 0.128693 -0.081505 -0.069038
v 0.128708 -0.047443 0.206238
v 0.128708 -0.106735 0.073380
v 0.128708 -0.485809 0.207077
v 0.128723 0.156143 -0.200012
v 0.128723 0.335663 -0.047401
v 0.128754 -0.191803 0.156479
v 0.128799 -0.110107 -0.048653
v 0.128799 -0.117500 -0.211395
v 0.128830 0.199158 -0.102623
v 0.128891 0.342407 -0.022139
v 0.128906 0.217407 -0.151596
v 0.128906 0.343597 0.013653
v 0.128937 0.294861 0.170654
v 0.128952 0.255829 -0.138992
v 0.128952 0.321014 -0.091721
v 0.129105 0.126953 -0.137512
v 0.129105 -0.007209 0.196274
v 0.129135 0.236053 -0.065872
v 0.129150 0.145432 -0.086647
v 0.129166 -0.373291 0.129944
v 0.129181 0.105843 -0.004012
v 0.129257 0.044243 -0.231964
v 0.129257 -0.275238 -0.125229
v 0.129288 0.184586 -0.188599
v 0.129288 0.223282 -0.184113
v 0.129303 0.325623 0.071465
v 0.129349 -0.108894 -0.033592
v 0.129364 0.027206 0.087379
v 0.129410 0.086395 -0.126266
v 0.129410 -0.228638 0.140442
v 0.129425 -0.059189 0.084007
v 0.129456 0.089348 -0.121597
v 0.129486 -0.028061 0.091507
v 0.129623 0.165070 -0.080345
v 0.129684 0.052509 0.261902
v 0.129700 0.019646 0.136932
v 0.129700 0.030949 -0.112633
v 0.129715 0.298767 -0.132217
v 0.129715 -0.164307 -0.197723
v 0.129730 0.126984 -0.183960
v 0.129730 0.148087 -0.153717
v 0.129730 0.275879 0.181915
v 0.129776 -0.054913 -0.084534
v 0.129807 -0.485809 0.124428
v 0.129852 0.108124 0.135178
v 0.129868 0.135422 -0.019884
v 0.129913 -0.261719 0.091599
v 0.129944 0.148331 0.149323
v 0.129959 -0.390625 -0.057076
v 0.129974 -0.087639 0.064110
v 0.129990 0.103310 -0.264587
v 0.129990 0.341522 0.062054
v 0.130005 -0.469299 -0.260742
v 0.130020 -0.409607 0.215897
v 0.130066 0.352081 0.062099
v 0.130081 -0.457367 -0.266510
v 0.130127 -0.384369 0.065430
v 0.130142 -0.103363 0.042236
v 0.130264 -0.193100 -0.181015
v 0.130295 0.054234 -0.252533
v 0.130371 -0.321991 0.081345
v 0.130386 0.164093 -0.203751
v 0.130417 -0.271881 0.138092
v 0.130432 0.314178 0.144760
v 0.130463 -0.093651 -0.049671
v 0.130493 0.109360 -0.183578
v 0.130524 0.041935 0.081993
v 0.130661 0.284698 -0.127625
v 0.130676 0.057758 0.101028
v 0.130859 -0.292084 0.091225
v 0.130875 0.104218 0.213074
v 0.130890 0.081795 -0.279083
v 0.130920 0.215973 -0.179184
v 0.130920 -0.367615 -0.066330
v 0.130966 -0.387329 0.055256
v 0.130997 0.315369 0.090179
v 0.131042 0.038605 -0.204361
v 0.131042 0.197052 -0.159149
v 0.131088 0.102821 0.241684
v 0.131088 0.163773 -0.175064
v 0.131088 -0.229721 0.090317
v 0.131104 -0.482635 0.226364
v 0.131119 0.046818 -0.084610
v 0.131134 -0.385437 -0.235077
v 0.131149 0.077332 0.114319
v 0.131149 -0.342346 -0.132309
v 0.131165 0.055992 -0.108017
v 0.131180 0.336304 0.087654
v 0.131195 -0.411011 0.229324
v 0.131226 0.112755 -0.145248
v 0.131241 0.096451 0.135956
v 0.131256 -0.115860 -0.026741
v 0.131302 0.075218 0.122551
v 0.131348 0.063232 -0.100853
v 0.131348 -0.268341 -0.080948
v 0.131378 0.032177 0.064034
v 0.131409 0.196426 0.080933
v 0.131424 -0.045994 -0.209000
v 0.131485 -0.211639 0.089241
v 0.131516 0.152435 -0.045658
v 0.131531 -0.120773 -0.000753
v 0.131561 -0.464264 0.259338
v 0.131653 0.268585 -0.154480
v 0.131653 -0.360168 0.064499
v 0.131653 -0.481659 -0.181625
v 0.131790 0.235916 -0.174896
v 0.131866 0.175140 -0.065552
v 0.131927 0.244522 -0.146973
v 0.132004 0.012095 -0.161072
v 0.132019 -0.359070 -0.100929
v 0.132080 -0.484009 0.079216
v 0.132111 -0.036446 -0.079071
v 0.132126 0.035553 -0.179688
v 0.132126 0.161560 -0.055492
v 0.132126 0.260956 -0.131516
v 0.132172 0.186874 0.149414
v 0.132233 -0.058155 0.117165
v 0.132294 -0.416931 0.252441
v 0.132324 -0.001553 -0.152466
v 0.132385 0.037106 0.179886
v 0.132401 -0.337463 -0.116493
v 0.132446 0.300323 -0.026552
v 0.132446 -0.109062 -0.005635
v 0.132477 0.037865 -0.086060
v 0.132492 0.296661 0.037880
v 0.132538 0.264465 0.170776
v 0.132538 -0.057262 -0.131424
v 0.132553 0.113991 -0.160217
v 0.132584 -0.142242 0.035290
v 0.132584 -0.478912 -0.231247
v 0.132599 0.090073 -0.279358
v 0.132690 0.215637 -0.168518
v 0.132706 0.045723 0.074135
v 0.132751 -0.237030 0.098824
v 0.132767 0.187256 0.068359
v 0.132828 -0.412964 0.244720
v 0.132858 0.029886 -0.175537
v 0.132874 0.334900 0.045532
v 0.132919 -0.154236 0.060234
v 0.132980 0.281586 0.151352
v 0.132996 -0.053661 0.062294
v 0.133026 0.314850 0.116318
v 0.133041 0.105232 -0.232040
v 0.133148 -0.471588 0.237762
v 0.133255 0.208633 -0.145996
v 0.133316 0.060066 0.263947
v 0.133331 0.003746 -0.084122
v 0.133331 0.023903 0.174149
v 0.133331 0.245453 -0.155365
v 0.133362 -0.363403 -0.111732
v 0.133438 0.037903 -0.074265
v 0.133438 0.105667 -0.021364
v 0.133469 0.168518 0.145081
v 0.133469 0.312561 -0.089073
v 0.133469 -0.071922 -0.055767
v 0.133469 -0.480896 0.202744
v 0.133484 -0.363159 -0.130661
v 0.133499 0.241714 0.192810
v 0.133514 -0.282257 -0.068939
v 0.133545 0.024813 0.065773
v 0.133560 0.116379 0.149902
v 0.133667 0.292877 -0.109779
v 0.133698 0.001828 0.140533
v 0.133743 0.324768 -0.070465
v 0.133774 0.022888 -0.081032
v 0.133774 0.031246 0.170517
v 0.133774 0.089424 -0.133545
v 0.133804 0.020426 0.048927
v 0.133865 -0.005359 -0.048714
v 0.133881 0.167511 -0.144348
v 0.133942 -0.377045 0.052464
v 0.133957 -0.436096 0.256165
v 0.133972 0.118599 0.053246
v 0.134003 -0.285522 0.097343
v 0.134018 0.209167 0.071442
v 0.134018 -0.090630 -0.022438
v 0.134155 0.031689 0.056057
v 0.134186 0.015903 0.051933
v 0.134201 -0.199432 0.141861
v 0.134232 0.021582 0.075333
v 0.134232 -0.251190 0.087349
v 0.134323 0.035938 -0.142059
v 0.134354 0.032150 -0.165421
v 0.134384 0.341888 -0.006444
v 0.134415 0.230087 0.185013
v 0.134430 0.117226 -0.130722
v 0.134445 -0.474182 -0.247406
v 0.134460 0.105026 0.230057
v 0.134476 0.238953 0.168915
v 0.134491 0.298004 0.107933
v 0.134506 0.137299 0.082512
v 0.134521 -0.438538 0.242340
v 0.134537 -0.442413 0.220520
v 0.134552 0.023945 -0.170090
v 0.134598 -0.485809 0.164230
v 0.134659 0.085152 -0.114342
v 0.134735 0.034752 0.131134
v 0.134750 0.273010 0.075485
v 0.134811 -0.393433 -0.249374
v 0.134827 0.029799 0.068047
v 0.134842 0.059742 0.092552
v 0.134842 0.120773 0.132751
v 0.134872 -0.017702 0.037964
v 0.134888 0.005664 -0.051918
v 0.134933 -0.088089 0.018894
v 0.134949 -0.084717 0.207016
v 0.134979 0.190750 0.203217
v 0.135071 -0.401428 -0.259430
v 0.135117 0.150146 0.202560
v 0.135132 -0.468353 0.207733
v 0.135193 0.118073 0.198776
v 0.135193 0.153564 0.094643
v 0.135193 -0.000185 0.075943
v 0.135208 0.335571 -0.042927
v 0.135208 -0.208359 0.100845
v 0.135239 0.144409 0.023216
v 0.135239 -0.000755 0.048046
v 0.135269 0.106239 0.203308
v 0.135300 -0.011223 -0.197815
v 0.135300 -0.213913 0.135727
v 0.135300 -0.331818 0.092262
v 0.135315 -0.487488 0.052082
v 0.135345 0.230850 -0.142059
v 0.135376 0.073181 -0.273376
v 0.135513 -0.204590 -0.169922
v 0.135544 -0.380615 0.135406
v 0.135574 -0.423248 0.218781
v 0.135605 -0.202011 0.133148
v 0.135651 0.322540 0.073090
v 0.135666 0.267242 -0.016973
v 0.135696 0.016459 0.040310
v 0.135712 -0.047142 -0.032780
v 0.135727 0.108383 -0.205078
v 0.135742 -0.392914 -0.206329
v 0.135788 0.082077 0.112022
v 0.135788 -0.302185 0.085686
v 0.135803 0.140305 -0.137955
v 0.135803 0.283813 0.125229
v 0.135818 0.030993 0.096962
v 0.135818 0.142273 0.001639
v 0.135849 -0.022812 -0.056934
v 0.135864 0.066238 -0.123779
v 0.135864 -0.370392 -0.107964
v 0.135956 -0.318420 0.132706
v 0.136002 0.173630 -0.103470
v 0.136032 -0.421753 0.227890
v 0.136047 -0.376495 0.081596
v 0.136093 -0.114647 -0.063896
v 0.136108 -0.410126 0.207916
v 0.136124 0.047070 -0.106117
v 0.136139 0.163345 -0.060825
v 0.136200 0.189178 0.185669
v 0.136215 -0.385773 -0.050591
v 0.136246 0.136353 0.157532
v 0.136307 0.234924 0.054707
v 0.136307 0.254089 -0.037445
v 0.136368 -0.054611 -0.055470
v 0.136398 -0.433929 -0.263519
v 0.136414 0.159576 -0.097839
v 0.136414 0.187042 0.106285
v 0.136414 -0.012930 -0.072990
v 0.136444 -0.276917 0.086342
v 0.136444 -0.460846 -0.258606
v 0.136490 0.028992 -0.078026
v 0.136490 0.096848 -0.150757
v 0.136490 0.173416 0.102913
v 0.136520 -0.250183 -0.112152
v 0.136520 -0.420349 0.244598
v 0.136536 0.036396 0.077263
v 0.136551 0.027327 -0.095695
v 0.136551 -0.030834 0.204071
v 0.136612 0.121399 -0.066650
v 0.136627 -0.391541 0.066994
v 0.136642 -0.482880 0.069946
v 0.136658 -0.259888 0.134552
v 0.136703 0.187744 0.068748
v 0.136703 0.214096 -0.061306
v 0.136765 0.021574 0.140503
v 0.136765 0.049679 0.257019
v 0.136765 -0.368073 -0.163071
v 0.136780 -0.213486 0.083496
v 0.136856 -0.064713 0.017887
v 0.136887 -0.175934 -0.187729
v 0.136887 -0.395569 -0.050182
v 0.136963 -0.164917 0.060955
v 0.136993 -0.050201 0.040215
v 0.137192 0.006296 -0.065681
v 0.137222 0.083305 0.133499
v 0.137238 0.037369 -0.163147
v 0.137238 -0.400238 -0.065552
v 0.137253 -0.204987 0.085960
v 0.137268 0.016415 0.057178
v 0.137268 0.182175 0.158859
v 0.137283 0.009632 0.184723
v 0.137283 -0.011484 -0.039814
v 0.137283 -0.072708 -0.010094
v 0.137314 -0.035069 -0.145309
v 0.137375 -0.015132 0.058289
v 0.137482 -0.396423 0.147751
v 0.137512 -0.489136 0.038528
v 0.137619 0.242950 0.154770
v 0.137634 0.017427 -0.073151
v 0.137634 -0.049545 0.018196
v 0.137650 0.172150 -0.064964
v 0.137665 -0.059639 -0.013682
v 0.137711 0.074425 0.258606
v 0.137726 -0.250031 0.123901
v 0.137741 -0.160522 0.177261
v 0.137878 0.214706 0.148056
v 0.137878 -0.216858 0.120247
v 0.137894 0.144363 -0.013724
v 0.137894 -0.367126 -0.146088
v 0.137970 0.027172 -0.072906
v 0.138000 -0.022638 0.030468
v 0.138031 -0.187653 0.149017
v 0.138031 -0.224930 -0.145340
v 0.138062 0.049740 0.067650
v 0.138077 -0.286224 0.130173
v 0.138107 0.265106 0.011403
v 0.138123 -0.059402 0.002232
v 0.138153 0.056942 0.108688
v 0.138184 0.104706 0.190720
v 0.138184 -0.397705 0.057507
v 0.138214 0.120018 -0.058609
v 0.138245 0.082565 -0.273407
v 0.138260 0.054707 0.081596
v 0.138260 0.208008 0.160309
v 0.138290 0.011616 -0.060432
v 0.138290 0.137238 0.188843
v 0.138336 0.036034 -0.089584
v 0.138412 0.147064 0.137711
v 0.138443 0.001981 -0.182617
v 0.138443 0.174072 0.053955
v 0.138443 0.215332 0.172607
v 0.138489 0.150497 -0.134262
v 0.138504 0.241974 0.139191
v 0.138519 0.195618 -0.106079
v 0.138550 0.057442 -0.083031
v 0.138596 0.107620 0.158859
v 0.138626 -0.183777 0.073112
v 0.138657 0.152084 -0.029537
v 0.138718 0.160828 -0.120575
v 0.138718 -0.345123 0.069984
v 0.138733 0.161011 -0.104858
v 0.138794 -0.380615 -0.192993
v 0.138809 -0.020472 -0.158752
v 0.138855 0.091873 -0.270782
v 0.138901 -0.038097 -0.032059
v 0.138931 -0.273376 -0.066399
v 0.138931 -0.486755 0.139923
v 0.138977 -0.239182 0.105171
v 0.139008 0.026171 0.050243
v 0.139023 0.259186 0.029608
v 0.139114 -0.202698 0.116516
v 0.139130 0.102737 0.211319
v 0.139191 0.249969 0.042683
v 0.139221 -0.097557 -0.212341
v 0.139236 0.212540 0.106186
v 0.139267 0.011336 -0.042961
v 0.139328 -0.214371 0.106361
v 0.139343 0.101250 -0.182083
v 0.139359 0.111313 -0.040665
v 0.139374 0.168747 0.115776
v 0.139404 -0.477875 0.192841
v 0.139420 0.028500 0.163147
v 0.139420 0.156937 0.036915
v 0.139420 0.227539 -0.102409
v 0.139420 0.283295 -0.064468
v 0.139435 0.189636 -0.059299
v 0.139481 -0.122169 -0.209412
v 0.139511 0.005908 0.034340
v 0.139557 -0.106842 -0.088120
v 0.139572 0.035820 0.122849
v 0.139572 -0.166763 0.072609
v 0.139572 -0.459076 -0.246384
v 0.139572 -0.472504 -0.236084
v 0.139587 0.257599 -0.088860
v 0.139603 0.047203 -0.074104
v 0.139633 -0.063171 0.205795
v 0.139633 -0.123291 -0.016762
v 0.139648 -0.286896 0.110313
v 0.139664 0.297211 -0.042347
v 0.139725 0.137665 -0.087524
v 0.139725 0.291718 0.052387
v 0.139725 -0.480103 -0.203583
v 0.139801 0.237915 0.099686
v 0.139801 -0.114960 0.074936
v 0.139832 0.121223 0.171539
v 0.139847 0.041615 -0.221008
v 0.139847 0.304443 0.014951
v 0.139908 0.238342 -0.050579
v 0.139999 0.309570 0.091545
v 0.140030 -0.027308 -0.175919
v 0.140060 -0.292511 0.101936
v 0.140060 -0.428040 -0.252899
v 0.140076 0.265381 0.084335
v 0.140106 0.159683 0.132660
v 0.140152 0.304169 -0.018459
v 0.140213 -0.481842 -0.054638
v 0.140259 -0.227188 0.084694
v 0.140274 0.153091 0.165695
v 0.140274 -0.369049 -0.121140
v 0.140305 0.071510 0.097534
v 0.140320 -0.446747 0.211334
v 0.140366 0.199661 -0.144089
v 0.140366 -0.202744 0.093163
v 0.140366 -0.401367 0.197556
v 0.140381 0.149445 0.097832
v 0.140427 0.070030 0.082138
v 0.140442 0.174530 0.172699
v 0.140472 0.095062 -0.243149
v 0.140472 0.267456 0.126312
v 0.140488 0.048256 0.238419
v 0.140503 -0.089653 0.091408
v 0.140518 0.144119 0.004649
v 0.140579 0.038445 -0.146759
v 0.140579 0.091942 0.114204
v 0.140610 0.052528 -0.247330
v 0.140610 0.184113 0.143311
v 0.140625 -0.369659 0.124870
v 0.140640 -0.135147 0.193054
v 0.140671 0.117523 -0.063560
v 0.140671 0.150360 0.129044
v 0.140671 0.168915 -0.138535
v 0.140671 -0.138718 0.070259
v 0.140701 0.083038 -0.103661
v 0.140701 -0.394836 0.183899
v 0.140701 -0.481140 -0.069199
v 0.140747 0.050732 0.062798
v 0.140778 -0.484680 0.049324
v 0.140793 -0.332092 -0.080620
v 0.140808 0.031975 0.144684
v 0.140808 -0.081917 -0.118439
v 0.140823 0.258331 -0.130417
v 0.140854 -0.067696 -0.211395
v 0.140869 0.101440 0.171951
v 0.140884 0.034222 0.160614
v 0.140884 -0.011755 0.196243
v 0.140976 0.226639 0.058254
v 0.141022 -0.172302 0.151779
v 0.141098 -0.139191 -0.202759
v 0.141129 0.205734 0.121506
v 0.141159 -0.068604 0.110161
v 0.141190 0.105293 -0.119431
v 0.141251 0.014549 -0.044735
v 0.141266 0.026634 -0.084999
v 0.141266 0.118469 0.066788
v 0.141266 -0.041161 -0.203812
v 0.141266 -0.192017 0.077682
v 0.141312 -0.389252 0.045532
v 0.141327 -0.399292 -0.223343
v 0.141342 0.250122 -0.041725
v 0.141342 -0.123878 -0.039318
v 0.141357 -0.291443 -0.072357
v 0.141403 0.331512 -0.050114
v 0.141403 -0.154114 0.043095
v 0.141464 0.126770 0.078842
v 0.141479 0.095673 0.104378
v 0.141479 0.122765 -0.075569
v 0.141525 0.027752 0.076073
v 0.141525 -0.412048 -0.256134
v 0.141571 0.013044 0.152451
v 0.141571 0.210251 -0.125427
v 0.141586 0.041553 0.193939
v 0.141586 -0.004158 0.144592
v 0.141617 0.129990 -0.130295
v 0.141632 0.154175 -0.118637
v 0.141663 0.097099 -0.079071
v 0.141678 0.102272 0.079124
v 0.141693 0.041302 -0.196274
v 0.141708 0.089218 0.250824
v 0.141724 0.254761 0.003821
v 0.141724 0.338470 -0.027264
v 0.141739 0.259369 -0.101746
v 0.141739 0.309570 -0.091209
v 0.141769 0.030573 0.072166
v 0.141785 0.052853 0.262451
v 0.141785 -0.193863 0.109436
v 0.141800 0.031769 -0.113197
v 0.141846 0.073990 -0.261353
v 0.141861 0.285675 -0.114082
v 0.141876 -0.371338 -0.177917
v 0.141907 0.068504 -0.074707
v 0.141937 0.114418 0.122810
v 0.141953 0.125275 -0.103897
v 0.142014 0.337341 0.027069
v 0.142014 -0.241425 0.086983
v 0.142029 0.081802 0.070267
v 0.142059 0.104424 0.019974
v 0.142059 0.210114 0.058483
v 0.142075 -0.316620 0.127914
v 0.142075 -0.478424 0.076752
v 0.142090 0.318909 0.000281
v 0.142105 0.102928 0.196411
v 0.142136 -0.302948 0.119270
v 0.142151 -0.159821 0.082260
v 0.142212 0.331848 0.048855
v 0.142212 0.339508 -0.003464
v 0.142227 0.254944 0.108864
v 0.142273 0.132690 0.111145
v 0.142273 0.313934 0.037800
v 0.142273 -0.481689 0.148392
v 0.142303 0.318909 -0.075630
v 0.142303 -0.329407 0.095955
v 0.142319 -0.178665 0.064224
v 0.142334 0.102745 -0.206879
v 0.142365 -0.477570 0.165741
v 0.142380 0.228973 -0.138504
v 0.142380 -0.029724 0.140381
v 0.142395 0.293396 0.076729
v 0.142395 0.295959 -0.072334
v 0.142410 0.165253 -0.015715
v 0.142426 0.323608 0.068657
v 0.142471 0.313477 -0.045048
v 0.142532 0.143295 -0.129761
v 0.142532 0.293274 0.106049
v 0.142563 0.200851 0.139801
v 0.142563 -0.294525 0.112122
v 0.142609 0.166077 0.016546
v 0.142609 -0.402161 -0.244766
v 0.142639 0.247879 0.020834
v 0.142654 -0.365265 0.090858
v 0.142670 -0.370972 0.051937
v 0.142685 0.019558 0.159531
v 0.142715 0.097801 -0.072746
v 0.142715 0.244751 0.133804
v 0.142883 0.218842 -0.057266
v 0.142899 0.032299 0.100403
v 0.142944 0.161896 0.116882
v 0.142960 0.105904 0.070015
v 0.142975 -0.176086 0.105614
v 0.142975 -0.471039 -0.218628
v 0.143005 0.184067 -0.035988
v 0.143005 -0.136230 0.011288
v 0.143005 -0.399872 0.169205
v 0.143051 -0.324341 0.078270
v 0.143082 -0.060101 -0.140579
v 0.143127 0.167435 -0.041893
v 0.143143 0.095665 -0.218216
v 0.143158 0.067833 -0.128815
v 0.143158 -0.376648 0.128479
v 0.143173 -0.355255 0.124268
v 0.143219 0.233078 0.029478
v 0.143280 0.184723 -0.053356
v 0.143295 0.032417 -0.088173
v 0.143341 -0.260559 -0.082573
v 0.143402 0.048298 -0.228073
v 0.143402 0.142548 0.131027
v 0.143417 0.153915 0.018143
v 0.143433 -0.420837 -0.236099
v 0.143494 -0.098282 0.203156
v 0.143555 0.179642 0.033459
v 0.143570 0.013677 -0.053303
v 0.143570 -0.461456 0.198822
v 0.143631 0.182404 0.020611
v 0.143661 0.194580 0.038811
v 0.143814 0.261627 -0.121811
v 0.143814 -0.052822 0.131210
v 0.143829 0.066101 -0.237885
v 0.143906 0.199432 -0.039783
v 0.143951 0.293274 -0.102837
v 0.143967 0.325958 -0.044014
v 0.143997 0.088486 -0.258911
v 0.144073 0.240723 -0.019655
v 0.144089 0.154465 -0.007778
v 0.144089 0.189774 0.051052
v 0.144104 0.180481 -0.012335
v 0.144104 0.277832 0.112526
v 0.144150 -0.403076 -0.054310
v 0.144211 0.199814 -0.029737
v 0.144211 -0.154831 0.100510
v 0.144211 -0.371429 0.093178
v 0.144226 0.009046 0.027735
v 0.144241 0.230759 -0.004847
v 0.144318 0.332367 0.016722
v 0.144379 -0.204697 -0.154495
v 0.144394 -0.447357 -0.220093
v 0.144470 0.256378 0.015348
v 0.144501 0.095207 0.236694
v 0.144501 0.306763 0.084839
v 0.144501 -0.070328 -0.173950
v 0.144501 -0.339478 0.115746
v 0.144531 0.076431 0.255737
v 0.144562 -0.474945 -0.205215
v 0.144577 -0.045113 -0.187210
v 0.144592 0.250671 -0.013549
v 0.144592 0.327240 0.050213
v 0.144669 0.203384 0.036148
v 0.144684 -0.257202 0.082436
v 0.144699 0.220352 0.028202
v 0.144745 0.017517 -0.070251
v 0.144745 -0.477905 0.070305
v 0.144791 0.079796 -0.140518
v 0.144836 0.256714 -0.007136
v 0.144852 0.109978 -0.067696
v 0.144852 -0.148148 -0.192810
v 0.144867 0.059692 0.262848
v 0.144928 0.044601 -0.164307
v 0.144989 -0.412201 -0.244751
v 0.145004 0.209183 -0.034634
v 0.145035 0.062199 -0.207657
v 0.145050 0.227798 -0.020538
v 0.145065 0.015753 0.020462
v 0.145081 -0.095001 -0.119865
v 0.145111 -0.068100 -0.153519
v 0.145111 -0.330597 0.100952
v 0.145172 0.173233 0.038746
v 0.145187 -0.412628 -0.210495
v 0.145279 0.119965 0.062126
v 0.145309 0.068275 0.125900
v 0.145325 -0.412689 -0.222107
v 0.145355 0.044571 -0.135727
v 0.145386 0.045326 -0.111336
v 0.145447 0.000681 -0.037941
v 0.145477 0.239487 0.038616
v 0.145477 -0.372620 0.121422
v 0.145493 0.036148 0.085426
v 0.145523 0.015402 -0.027355
v 0.145523 0.061237 -0.173401
v 0.145538 -0.015842 0.151077
v 0.145554 0.086731 -0.158478
v 0.145554 -0.037766 0.201202
v 0.145645 -0.130905 0.107727
v 0.145660 -0.429657 0.204422
v 0.145706 -0.008771 0.165192
v 0.145721 0.248688 -0.028135
v 0.145737 0.170120 -0.027302
v 0.145889 0.041138 0.151123
v 0.145920 0.037209 -0.106339
v 0.145966 0.200714 0.026937
v 0.145981 0.163071 0.013458
v 0.145996 0.057354 0.256378
v 0.146011 0.209503 0.016981
v 0.146042 0.040058 0.115555
v 0.146088 0.008215 -0.031099
v 0.146103 -0.122986 0.099251
v 0.146103 -0.368805 0.113449
v 0.146179 -0.406769 0.144791
v 0.146255 0.052723 0.236282
v 0.146286 0.032021 -0.072098
v 0.146301 0.018990 -0.038086
v 0.146301 0.216293 -0.014291
v 0.146317 0.060585 -0.130829
v 0.146347 0.027866 0.041157
v 0.146408 -0.485535 0.105263
v 0.146423 -0.428467 -0.211441
v 0.146454 0.047657 0.105392
v 0.146469 -0.163025 0.118011
v 0.146515 0.213364 -0.047970
v 0.146561 -0.447266 0.172134
v 0.146576 0.244446 0.027336
v 0.146576 -0.129959 -0.105064
v 0.146606 0.040215 0.055683
v 0.146606 0.083031 0.144211
v 0.146622 0.050713 0.194260
v 0.146637 -0.116989 -0.092552
v 0.146637 -0.397369 -0.075661
v 0.146744 0.090981 -0.188034
v 0.146805 -0.172226 0.124718
v 0.146835 -0.120316 0.083504
v 0.146835 -0.209686 0.076126
v 0.146866 -0.111153 -0.145493
v 0.146912 0.059486 -0.147263
v 0.146927 0.065529 0.227982
v 0.146942 0.207825 0.000282
v 0.147034 -0.145996 -0.119514
v 0.147049 0.093018 0.185120
v 0.147064 0.080956 -0.224701
v 0.147095 -0.124985 -0.148270
v 0.147110 -0.036617 -0.193527
v 0.147125 0.029051 -0.043240
v 0.147156 -0.367004 0.098495
v 0.147202 0.033276 -0.014889
v 0.147247 0.188324 0.040157
v 0.147247 -0.132217 0.180069
v 0.147278 0.191452 -0.040413
v 0.147278 -0.172623 -0.169022
v 0.147324 -0.485474 -0.000381
v 0.147339 0.232025 -0.037384
v 0.147369 0.051964 0.157486
v 0.147400 0.017538 -0.005691
v 0.147400 -0.409027 -0.237152
v 0.147537 -0.116219 0.124161
v 0.147552 -0.459412 -0.206863
v 0.147583 0.015085 0.169968
v 0.147583 0.113861 0.066422
v 0.147629 0.209656 -0.023943
v 0.147629 0.230286 0.032051
v 0.147675 0.194763 0.011139
v 0.147690 -0.163040 -0.041901
v 0.147705 -0.415588 -0.235825
v 0.147766 0.053787 0.133102
v 0.147812 0.062351 0.064812
v 0.147858 -0.160965 0.108795
v 0.147888 -0.042652 -0.027901
v 0.147934 -0.433472 0.152725
v 0.148010 0.031410 0.022415
v 0.148056 -0.131653 -0.199463
v 0.148132 -0.096283 0.095154
v 0.148132 -0.425781 0.175995
v 0.148193 -0.098114 0.133865
v 0.148224 -0.158005 -0.034801
v 0.148254 0.073517 -0.154465
v 0.148254 -0.010524 0.028776
v 0.148300 -0.471252 0.079140
v 0.148331 0.075020 -0.178070
v 0.148331 -0.049351 0.152924
v 0.148376 -0.465881 0.146973
v 0.148407 0.065765 0.177505
v 0.148422 -0.477997 0.082840
v 0.148468 0.094650 0.068779
v 0.148468 -0.474548 -0.058895
v 0.148499 -0.069847 0.160034
v 0.148499 -0.408569 0.065201
v 0.148514 0.084129 0.243607
v 0.148544 0.202713 0.039894
v 0.148621 -0.268799 -0.053761
v 0.148743 0.091644 0.220291
v 0.148743 -0.232147 0.082115
v 0.148788 0.196442 -0.006092
v 0.148804 0.061592 -0.044754
v 0.148819 0.208023 -0.038658
v 0.148834 0.114189 0.051094
v 0.148834 -0.110794 0.196045
v 0.148865 -0.444244 0.069489
v 0.149017 0.238403 -0.022520
v 0.149094 -0.101334 0.143982
v 0.149094 -0.404053 -0.202438
v 0.149109 -0.409607 0.058758
v 0.149109 -0.422852 0.154205
v 0.149185 -0.043427 0.017963
v 0.149185 -0.479218 0.145309
v 0.149200 0.070686 -0.073677
v 0.149200 0.218872 0.036144
v 0.149261 -0.359650 -0.070084
v 0.149261 -0.382172 -0.095955
v 0.149277 -0.454926 0.077797
v 0.149307 0.017332 -0.047745
v 0.149384 -0.089149 0.120827
v 0.149429 -0.058178 -0.203842
v 0.149445 -0.413635 0.197327
v 0.149551 -0.404755 0.185104
v 0.149567 -0.036125 0.170212
v 0.149567 -0.057556 -0.009560
v 0.149582 0.070297 -0.018042
v 0.149582 -0.076271 0.117081
v 0.149582 -0.415710 0.164093
v 0.149643 -0.483276 0.088783
v 0.149658 -0.074364 0.193512
v 0.149719 0.065460 0.132217
v 0.149765 -0.466736 0.074242
v 0.149811 -0.278198 -0.004222
v 0.149841 -0.150635 0.022261
v 0.149872 -0.139252 0.109085
v 0.149918 0.224701 -0.020803
v 0.149933 -0.378845 -0.051804
v 0.149948 -0.053497 -0.019463
v 0.149948 -0.132126 -0.060490
v 0.149994 -0.155594 -0.070694
v 0.150009 -0.108963 -0.166473
v 0.150024 -0.097008 -0.202393
v 0.150024 -0.471863 -0.065102
v 0.150040 0.078156 0.158890
v 0.150040 -0.148895 0.153931
v 0.150070 -0.299133 0.082161
v 0.150085 0.213409 0.025562
v 0.150131 -0.298584 0.005470
v 0.150162 -0.375488 -0.133347
v 0.150192 0.052464 0.056557
v 0.150208 -0.002037 0.170349
v 0.150360 0.204498 0.031422
v 0.150406 0.039482 -0.053089
v 0.150452 -0.373199 0.104874
v 0.150467 0.080597 0.204056
v 0.150467 0.091263 -0.072792
v 0.150513 -0.422821 0.162506
v 0.150543 -0.170273 0.046322
v 0.150589 -0.072540 -0.186646
v 0.150620 -0.194382 -0.145523
v 0.150757 -0.230377 -0.110069
v 0.150909 -0.267029 -0.029453
v 0.150940 -0.153061 0.125320
v 0.150955 -0.169937 -0.082214
v 0.150970 -0.139404 -0.071220
v 0.151031 0.009995 0.010620
v 0.151031 0.066948 0.148117
v 0.151077 0.076126 -0.052959
v 0.151093 -0.424561 0.150589
v 0.151108 0.020744 -0.069870
v 0.151184 0.214569 -0.025471
v 0.151184 -0.274841 -0.021778
v 0.151199 -0.315277 0.010026
v 0.151215 -0.138184 -0.018169
v 0.151230 0.205063 0.003914
v 0.151276 -0.297668 0.010437
v 0.151337 -0.103073 0.102592
v 0.151382 0.084663 -0.043289
v 0.151382 -0.125061 0.119835
v 0.151489 -0.022341 -0.033352
v 0.151489 -0.439240 0.074799
v 0.151520 0.017298 -0.060287
v 0.151535 -0.317810 -0.003527
v 0.151596 0.212234 -0.012463
v 0.151596 -0.154007 -0.044464
v 0.151627 0.197250 0.013369
v 0.151657 -0.002611 0.182144
v 0.151749 -0.381531 0.087128
v 0.151779 0.116570 -0.062088
v 0.151810 0.079704 -0.007085
v 0.151825 -0.171143 -0.047264
v 0.151840 -0.277863 -0.056198
v 0.151855 0.207001 -0.017017
v 0.151993 -0.047050 0.195221
v 0.152039 0.100990 0.014539
v 0.152084 -0.287567 -0.006999
v 0.152145 -0.387207 0.135315
v 0.152328 -0.444031 0.146057
v 0.152374 0.012597 0.000266
v 0.152374 -0.483368 -0.032440
v 0.152435 -0.420288 0.058453
v 0.152466 -0.029411 0.023064
v 0.152481 0.010223 -0.013523
v 0.152527 -0.170502 -0.026394
v 0.152588 -0.419098 0.192307
v 0.152618 -0.340912 -0.001328
v 0.152710 0.037014 -0.072159
v 0.152756 -0.056614 0.000091
v 0.152908 0.101242 -0.023287
v 0.152908 -0.483124 0.053211
v 0.152969 -0.488800 0.016243
v 0.153015 0.033573 -0.062996
v 0.153030 -0.274536 -0.044498
v 0.153061 0.074829 0.012658
v 0.153076 -0.156952 -0.174667
v 0.153091 -0.264465 0.077065
v 0.153091 -0.423889 0.066582
v 0.153137 -0.427887 -0.206787
v 0.153168 -0.052643 0.008681
v 0.153198 -0.244614 0.080208
v 0.153229 -0.253143 -0.062965
v 0.153229 -0.393616 -0.042030
v 0.153351 -0.485901 0.140396
v 0.153366 -0.064903 0.170029
v 0.153366 -0.173584 -0.142380
v 0.153412 0.115852 0.062828
v 0.153503 0.074715 0.047615
v 0.153534 -0.133972 -0.151505
v 0.153564 -0.123451 0.183456
v 0.153595 -0.328918 0.010662
v 0.153671 0.083763 0.066452
v 0.153732 -0.338837 -0.018967
v 0.153870 -0.405670 0.142120
v 0.153870 -0.417297 0.178360
v 0.153885 -0.262573 -0.011421
v 0.153931 -0.161636 -0.003557
v 0.153946 -0.151535 -0.129272
v 0.154129 -0.277740 0.005675
v 0.154190 -0.075951 -0.195786
v 0.154251 -0.186554 -0.029114
v 0.154312 0.103539 0.039257
v 0.154373 -0.021502 0.187897
v 0.154404 -0.129730 -0.184616
v 0.154434 -0.181000 0.017908
v 0.154449 -0.445343 0.062222
v 0.154480 -0.329773 -0.024166
v 0.154526 0.085861 -0.030050
v 0.154526 -0.123344 0.132645
v 0.154526 -0.487823 0.026121
v 0.154541 -0.315948 -0.017553
v 0.154556 -0.105957 0.190216
v 0.154572 0.094948 0.009500
v 0.154602 -0.155197 -0.023848
v 0.154633 0.099380 0.068291
v 0.154648 -0.398254 0.041714
v 0.154663 -0.156372 0.009453
v 0.154663 -0.308350 -0.077957
v 0.154709 -0.146957 -0.031605
v 0.154724 0.089806 -0.014682
v 0.154755 -0.409210 -0.063255
v 0.154785 -0.345245 -0.011084
v 0.154785 -0.352417 0.064079
v 0.154800 0.111176 -0.053776
v 0.154861 -0.376862 -0.111855
v 0.154938 -0.130295 0.151001
v 0.154953 0.063477 -0.057163
v 0.155014 -0.105171 -0.175308
v 0.155060 -0.376038 -0.143463
v 0.155075 -0.377319 -0.159149
v 0.155121 -0.432617 0.148834
v 0.155136 0.084450 -0.053383
v 0.155182 0.066582 -0.066673
v 0.155243 -0.216644 -0.122482
v 0.155258 0.073975 -0.073402
v 0.155319 -0.200562 -0.005949
v 0.155426 0.108757 0.063354
v 0.155502 0.111107 -0.065590
v 0.155548 0.100540 -0.070137
v 0.155579 -0.105042 0.146759
v 0.155609 -0.207108 0.062943
v 0.155685 -0.176575 0.036522
v 0.155823 -0.487488 0.130112
v 0.155853 -0.470734 -0.071358
v 0.155899 0.095322 -0.054504
v 0.155930 -0.198685 -0.121269
v 0.155930 -0.291412 -0.068840
v 0.155975 -0.225906 0.073914
v 0.156082 -0.145691 -0.164520
v 0.156113 -0.056709 0.185654
v 0.156342 -0.203461 0.051548
v 0.156387 -0.221603 0.032398
v 0.156464 -0.039928 0.182739
v 0.156494 -0.340820 -0.078392
v 0.156540 -0.374573 0.111771
v 0.156586 -0.114052 -0.179672
v 0.156677 -0.301056 -0.009392
v 0.156693 -0.163757 -0.124695
v 0.156799 -0.324890 -0.080139
v 0.156891 -0.071892 0.175278
v 0.156891 -0.477234 0.063194
v 0.156921 -0.220505 0.016745
v 0.157364 -0.461548 0.068886
v 0.157486 -0.372192 0.048206
v 0.157578 -0.254272 0.068985
v 0.157700 -0.237534 0.058205
v 0.157715 -0.003139 -0.025862
v 0.158035 -0.011159 0.022478
v 0.158035 -0.178497 -0.080849
v 0.158066 -0.471527 0.067802
v 0.158356 -0.189529 -0.050900
v 0.158478 0.000916 0.012575
v 0.158646 -0.226395 -0.101128
v 0.158859 -0.183182 -0.101547
v 0.158875 -0.235153 -0.079285
v 0.159149 -0.247498 0.036514
v 0.159149 -0.384033 0.034458
v 0.159470 -0.233170 0.068062
v 0.159653 -0.288696 0.074852
v 0.159775 -0.114029 0.174042
v 0.159805 -0.412872 0.049812
v 0.159943 -0.473450 -0.055420
v 0.160110 -0.279907 -0.040829
v 0.160126 -0.083923 0.169144
v 0.160156 -0.277374 0.069122
v 0.160370 -0.337646 0.010273
v 0.160583 -0.326111 0.072594
v 0.160599 -0.472626 -0.197372
v 0.160645 -0.089645 0.176834
v 0.160889 -0.104454 0.161377
v 0.160889 -0.421967 0.147369
v 0.161224 -0.302582 0.020031
v 0.161285 -0.437927 0.081940
v 0.161346 -0.429565 0.049553
v 0.161423 -0.243149 -0.029903
v 0.161560 -0.460693 0.145035
v 0.161789 -0.397156 -0.190994
v 0.161850 -0.219925 0.005939
v 0.162140 -0.461304 -0.198013
v 0.162338 -0.481689 -0.088905
v 0.162598 -0.278198 0.017004
v 0.162857 -0.242401 0.024231
v 0.162857 -0.390015 0.029848
v 0.163101 -0.417328 -0.201782
v 0.163300 -0.205322 -0.023317
v 0.163422 -0.274170 0.054535
v 0.163513 -0.254700 0.000270
v 0.163559 -0.200653 -0.070190
v 0.163742 -0.366638 -0.062561
v 0.164093 -0.380859 0.121025
v 0.164124 -0.054962 -0.005694
v 0.164154 -0.218491 -0.084770
v 0.164169 -0.338318 -0.026628
v 0.164169 -0.386688 0.130463
v 0.164291 -0.321808 -0.029663
v 0.164337 -0.319397 0.020164
v 0.164337 -0.406036 -0.053802
v 0.164719 -0.442627 0.145889
v 0.164917 -0.291718 -0.031237
v 0.165039 -0.052895 0.004044
v 0.165085 -0.459991 0.089668
v 0.165131 -0.231110 -0.064468
v 0.165359 -0.426697 -0.203033
v 0.165512 -0.279388 0.038269
v 0.165558 -0.415344 0.073265
v 0.165680 -0.379303 0.036331
v 0.165680 -0.386505 -0.038231
v 0.165695 -0.288544 -0.055496
v 0.165970 -0.300323 -0.067970
v 0.166183 -0.400909 0.078812
v 0.166245 -0.038242 0.016451
v 0.166245 -0.337463 -0.075974
v 0.166336 -0.485016 0.119827
v 0.166489 -0.355408 -0.069328
v 0.166580 -0.346619 -0.020361
v 0.166611 -0.235397 0.013302
v 0.166656 -0.482452 0.143326
v 0.166824 -0.049049 -0.018368
v 0.166901 -0.397766 0.135178
v 0.166946 -0.001856 -0.004299
v 0.167007 -0.485779 0.009417
v 0.167038 -0.413330 -0.069633
v 0.167160 -0.319641 -0.075073
v 0.167267 -0.381134 0.106445
v 0.167328 -0.225769 -0.006564
v 0.167542 -0.402344 -0.078110
v 0.167679 -0.306061 -0.027994
v 0.167709 -0.261078 0.024683
v 0.167847 -0.237137 -0.013848
v 0.168076 -0.025517 0.018126
v 0.168076 -0.479492 -0.081322
v 0.168198 -0.478638 -0.186142
v 0.168213 -0.022606 -0.026323
v 0.168259 -0.216522 -0.035721
v 0.168350 -0.481384 -0.135712
v 0.168427 -0.483856 0.100014
v 0.168457 -0.481354 -0.151260
v 0.168488 -0.252411 0.012873
v 0.168869 -0.039845 -0.024591
v 0.168884 -0.389557 -0.176941
v 0.168945 -0.046570 -0.001346
v 0.169098 -0.044525 0.011267
v 0.169205 -0.224319 -0.046318
v 0.169540 -0.277527 0.025517
v 0.169632 -0.340607 0.061962
v 0.169678 -0.481567 -0.113419
v 0.170059 -0.290924 0.032036
v 0.170090 -0.483643 0.024273
v 0.170135 -0.446259 -0.072395
v 0.170166 -0.480865 -0.043369
v 0.170273 -0.294495 0.027321
v 0.170425 -0.009131 -0.015860
v 0.170517 -0.360046 0.051136
v 0.170593 -0.450226 -0.067696
v 0.171036 -0.432617 0.149307
v 0.171097 -0.293335 0.047405
v 0.171326 -0.389313 -0.128525
v 0.171356 -0.347900 0.006165
v 0.171631 -0.372162 -0.049053
v 0.171661 -0.445099 -0.077156
v 0.171692 -0.352142 -0.006855
v 0.171814 -0.416229 -0.062077
v 0.171829 -0.389069 0.096466
v 0.171829 -0.439850 -0.195572
v 0.171951 -0.480865 -0.171753
v 0.171997 -0.477692 0.041718
v 0.172134 -0.319611 0.062996
v 0.172272 -0.481018 0.098442
v 0.172592 -0.016691 0.009480
v 0.173126 -0.034061 0.012779
v 0.173447 -0.306732 0.033501
v 0.173599 -0.391449 -0.155899
v 0.173859 -0.316010 0.026230
v 0.174377 -0.428375 0.032990
v 0.174667 -0.425323 -0.072197
v 0.174805 -0.307373 -0.051456
v 0.174866 -0.349457 -0.061737
v 0.174881 -0.030861 -0.013175
v 0.175018 -0.417938 0.144119
v 0.175064 -0.445007 0.048843
v 0.175125 -0.475403 -0.049141
v 0.175140 -0.424194 0.080704
v 0.175400 -0.423920 -0.066498
v 0.175552 -0.392670 -0.099106
v 0.175598 -0.391998 -0.034744
v 0.175705 -0.387207 0.017166
v 0.175766 -0.461700 -0.055737
v 0.175797 -0.471405 0.055077
v 0.175934 -0.407990 0.034313
v 0.176224 -0.023874 -0.018200
v 0.176331 -0.445831 0.147171
v 0.176529 -0.016584 -0.006265
v 0.176727 -0.330353 -0.060955
v 0.176804 -0.025568 0.004398
v 0.176819 -0.436768 -0.067291
v 0.176865 -0.411865 -0.076851
v 0.176926 -0.309265 0.053135
v 0.177109 -0.476379 -0.133789
v 0.177170 -0.397522 -0.138519
v 0.177414 -0.313080 -0.039379
v 0.178024 -0.377167 0.026852
v 0.178207 -0.435150 0.090164
v 0.178238 -0.418457 0.034683
v 0.178360 -0.335632 0.020529
v 0.178757 -0.331970 -0.039528
v 0.178909 -0.454895 -0.081360
v 0.179001 -0.485291 -0.017145
v 0.179443 -0.346985 -0.028646
v 0.179581 -0.392792 0.013380
v 0.179688 -0.345215 0.051540
v 0.179840 -0.419495 -0.191727
v 0.180130 -0.400513 0.128265
v 0.180496 -0.477234 0.143372
v 0.180496 -0.484131 0.135895
v 0.180511 -0.393829 0.118080
v 0.180740 -0.473297 -0.185959
v 0.180786 -0.432892 0.028936
v 0.180847 -0.434570 0.148438
v 0.180939 -0.365417 -0.040634
v 0.181076 -0.412262 0.083321
v 0.181290 -0.384308 0.008616
v 0.181396 -0.327545 -0.047436
v 0.181412 -0.382294 -0.026930
v 0.181442 -0.462982 0.055752
v 0.181519 -0.397461 0.020500
v 0.182297 -0.399261 -0.039982
v 0.182327 -0.320801 0.035301
v 0.182480 -0.429352 -0.187805
v 0.182693 -0.345123 -0.049110
v 0.182907 -0.396027 0.106384
v 0.183533 -0.479034 -0.149414
v 0.183578 -0.395660 -0.114922
v 0.183929 -0.353638 -0.031963
v 0.184036 -0.476074 -0.142151
v 0.184433 -0.359863 0.033367
v 0.184631 -0.480347 -0.122009
v 0.184937 -0.461487 -0.185928
v 0.184937 -0.484467 0.110886
v 0.184967 -0.407166 -0.180771
v 0.185150 -0.447754 0.039909
v 0.185364 -0.429993 -0.059799
v 0.185486 -0.474640 0.104591
v 0.185547 -0.477509 -0.171127
v 0.185715 -0.355408 0.008650
v 0.185806 -0.359772 -0.007410
v 0.185822 -0.381927 -0.007066
v 0.185989 -0.374756 0.010118
v 0.186035 -0.424988 -0.082451
v 0.186142 -0.453033 0.142883
v 0.186188 -0.461609 -0.135986
v 0.186295 -0.484558 0.006872
v 0.186356 -0.407257 0.093208
v 0.186737 -0.415405 0.136292
v 0.186859 -0.476288 0.140213
v 0.186981 -0.337860 0.038921
v 0.187012 -0.468597 -0.041035
v 0.187164 -0.484009 0.121956
v 0.187210 -0.406769 -0.089348
v 0.187332 -0.417480 0.016598
v 0.187469 -0.406586 0.028111
v 0.187912 -0.371124 0.000015
v 0.187943 -0.346619 0.020325
v 0.187943 -0.390167 -0.001573
v 0.188110 -0.356262 0.021061
v 0.188141 -0.427673 0.142029
v 0.188187 -0.479919 0.023684
v 0.188278 -0.390686 -0.019712
v 0.188416 -0.421814 0.005456
v 0.188446 -0.404907 -0.129501
v 0.188553 -0.457031 -0.129288
v 0.188705 -0.422516 -0.050781
v 0.188797 -0.446198 -0.059254
v 0.188873 -0.409698 -0.147491
v 0.188965 -0.475708 -0.037189
v 0.189011 -0.441376 0.099907
v 0.189087 -0.470459 -0.180679
v 0.189117 -0.404510 -0.167023
v 0.189346 -0.434082 0.092476
v 0.189362 -0.441376 0.023348
v 0.189911 -0.479065 -0.028946
v 0.190201 -0.409088 -0.035378
v 0.190201 -0.417419 -0.085281
v 0.190216 -0.474335 -0.164215
v 0.190338 -0.471588 -0.146286
v 0.190353 -0.399170 0.012532
v 0.190765 -0.481415 -0.106445
v 0.191025 -0.424805 0.090553
v 0.191147 -0.480499 -0.095367
v 0.191422 -0.448975 -0.182083
v 0.191422 -0.472931 0.035744
v 0.191803 -0.423523 -0.178741
v 0.192322 -0.416840 0.095123
v 0.192322 -0.441223 -0.137146
v 0.192352 -0.416473 -0.019569
v 0.192871 -0.478394 0.127655
v 0.192902 -0.421844 -0.134644
v 0.193115 -0.461487 0.039303
v 0.193130 -0.471619 0.130386
v 0.193268 -0.474213 -0.088730
v 0.193344 -0.409454 0.022512
v 0.193359 -0.456451 -0.043045
v 0.193390 -0.473419 -0.121689
v 0.193573 -0.408264 -0.101395
v 0.193665 -0.458740 -0.162872
v 0.193710 -0.476471 0.113426
v 0.193909 -0.454987 -0.143127
v 0.194153 -0.442322 0.130798
v 0.194153 -0.479065 -0.003738
v 0.194290 -0.451813 0.014996
v 0.194733 -0.415009 0.124474
v 0.194916 -0.409607 -0.009241
v 0.194962 -0.416748 -0.170349
v 0.194992 -0.429840 -0.161331
v 0.195358 -0.428802 -0.091965
v 0.195404 -0.429169 0.002601
v 0.195465 -0.418213 -0.152893
v 0.195557 -0.412354 -0.122154
v 0.195740 -0.444000 -0.006231
v 0.195908 -0.463104 0.109398
v 0.196121 -0.435516 -0.144608
v 0.196304 -0.424408 -0.035240
v 0.196411 -0.417145 0.113136
v 0.196701 -0.451385 -0.088516
v 0.196762 -0.475006 -0.098213
v 0.196793 -0.435760 0.105309
v 0.196838 -0.399902 0.000034
v 0.196930 -0.437378 0.001253
v 0.196960 -0.424133 -0.110039
v 0.197266 -0.455658 -0.123398
v 0.197281 -0.434204 -0.125198
v 0.197388 -0.462036 -0.026243
v 0.197540 -0.404144 -0.012089
v 0.197571 -0.408264 0.007001
v 0.197937 -0.427856 0.129059
v 0.198074 -0.424988 -0.015036
v 0.198181 -0.472107 -0.020666
v 0.198410 -0.439270 -0.051651
v 0.198776 -0.464355 0.118004
v 0.198975 -0.443176 -0.029049
v 0.199387 -0.445709 -0.048824
v 0.199509 -0.465942 0.025728
v 0.199615 -0.462128 -0.112320
v 0.200638 -0.470642 0.010227
v 0.200958 -0.434967 0.118446
v 0.201019 -0.450897 -0.032333
v 0.201263 -0.443604 -0.096397
v 0.201508 -0.431549 -0.010498
v 0.201813 -0.457642 0.013617
v 0.201996 -0.436005 -0.112190
v 0.202072 -0.450562 -0.013254
v 0.202499 -0.459473 -0.013911
v 0.202621 -0.437561 -0.042183
v 0.202850 -0.433777 -0.029694
v 0.203003 -0.459290 0.000826
v -0.000008 0.477295 0.359589
v -0.000136 -0.069244 0.224091
v -0.000291 0.378815 0.311798
v -0.000344 0.414246 0.331482
v -0.000510 0.341492 -0.356476
v -0.000530 0.398499 -0.363922
v -0.000530 0.494019 0.338409
v -0.000663 0.036770 -0.228806
v -0.000814 0.499023 -0.351562
v -0.001174 0.086479 0.254089
v -0.001208 -0.470367 0.267883
v -0.001259 0.489075 0.356018
v -0.001357 -0.222061 0.245636
v -0.001367 -0.159943 -0.250488
v -0.001503 -0.468231 -0.272003
v -0.001585 0.258667 0.291351
v -0.001707 0.206924 0.292175
v -0.001710 -0.059032 0.230637
v -0.001986 0.110252 0.246689
v -0.002098 0.401093 -0.194977
v -0.002108 -0.485992 0.041092
v -0.002132 0.229141 0.291748
v -0.002329 0.419769 -0.222855
v -0.002504 -0.486389 -0.036259
v -0.002537 0.494568 -0.358948
v -0.002776 0.471680 -0.363586
v -0.002833 0.278717 -0.338287
v -0.003443 -0.006360 0.227295
v -0.003576 0.234985 -0.314575
v -0.004031 0.450287 0.347565
v -0.004080 0.154846 0.237381
v -0.004143 -0.482391 -0.054382
v -0.004230 -0.408539 -0.278229
v -0.004315 -0.120193 0.235748
v -0.004614 0.436859 -0.275116
v -0.004778 0.102921 -0.278870
v -0.004812 -0.355988 -0.255554
v -0.004981 0.494873 -0.337463
v -0.005105 -0.426147 0.269043
v -0.005313 0.386719 0.071754
v -0.005347 -0.364655 -0.265289
v -0.005391 0.484192 0.326965
v -0.005773 0.429260 0.268066
v -0.005910 -0.266296 -0.245392
v -0.006112 0.477661 0.350250
v -0.006165 0.281982 0.286621
v -0.006267 -0.481903 -0.063789
v -0.006316 0.126892 0.240219
v -0.006381 0.015709 0.222153
v -0.006729 0.169067 -0.247177
v -0.006931 0.161011 0.243423
v -0.006959 0.096741 0.252594
v -0.006975 0.363403 0.144241
v -0.007099 0.429169 -0.363495
v -0.007399 -0.225662 0.241730
v -0.007569 -0.200378 0.229965
v -0.007874 0.307159 -0.344635
v -0.007937 -0.486115 0.011674
v -0.008026 0.486450 0.341400
v -0.008382 -0.074318 0.223785
v -0.008455 0.496857 -0.353943
v -0.008554 0.346710 0.292206
v -0.008620 -0.449066 0.277008
v -0.008710 0.179306 0.264313
v -0.008722 0.375977 -0.358429
v -0.008884 0.456512 0.300781
v -0.009217 0.396759 0.026154
v -0.009278 0.496246 -0.347168
v -0.009313 0.432465 0.336548
v -0.009366 -0.205795 0.234940
v -0.009480 -0.026638 0.228897
v -0.009520 -0.067833 -0.235168
v -0.009522 0.203323 0.271118
v -0.009992 -0.419495 -0.273041
v -0.010003 -0.338165 -0.243515
v -0.010029 -0.325043 0.233505
v -0.010055 -0.112434 -0.245255
v -0.010123 -0.480042 -0.260010
v -0.010128 -0.069633 -0.228836
v -0.010231 -0.244003 -0.251923
v -0.010285 0.363647 0.135559
v -0.010357 0.034653 0.219513
v -0.010364 -0.083488 -0.235977
v -0.010382 0.192154 0.272369
v -0.010576 0.402130 0.195709
v -0.010619 0.370972 0.294464
v -0.010626 -0.152634 0.236664
v -0.011099 -0.048264 0.228043
v -0.011162 -0.466644 0.275940
v -0.011227 0.135208 -0.245331
v -0.011250 0.461548 0.315002
v -0.011743 -0.484985 0.174240
v -0.011945 0.392029 0.313110
v -0.012009 0.480743 -0.330872
v -0.012023 -0.092247 -0.239304
v -0.012061 0.464630 0.333801
v -0.012084 -0.192169 0.232193
v -0.012115 0.224152 0.257782
v -0.012152 0.384979 -0.074661
v -0.012186 0.211349 -0.291412
v -0.012437 0.151627 0.234161
v -0.012518 0.457550 -0.358368
v -0.012531 0.013598 -0.230759
v -0.012552 0.464264 -0.309479
v -0.012698 -0.233749 0.240143
v -0.013057 0.120232 -0.246735
v -0.013124 0.482056 -0.357361
v -0.013477 0.163361 -0.243729
v -0.013487 -0.389404 -0.277527
v -0.013585 0.492798 -0.351471
v -0.013942 -0.061977 -0.234650
v -0.014003 0.443268 0.332397
v -0.014034 0.309296 0.271088
v -0.014452 0.392792 0.013313
v -0.014641 0.410553 -0.210403
v -0.014751 -0.376465 0.241852
v -0.014785 0.044170 -0.232651
v -0.014935 0.241196 0.255768
v -0.014941 -0.352692 0.229584
v -0.015304 0.427795 -0.259521
v -0.015440 0.265747 -0.324219
v -0.015440 0.413452 0.226105
v -0.015517 0.394409 0.044838
v -0.015644 -0.095222 -0.242447
v -0.015648 0.399017 -0.357178
v -0.015648 -0.056484 -0.237778
v -0.015718 -0.391785 0.263580
v -0.015827 -0.430603 -0.272552
v -0.015932 -0.230637 -0.252686
v -0.016209 0.064522 0.252594
v -0.016287 0.438751 -0.280762
v -0.016357 0.375641 -0.106178
v -0.016438 0.117241 -0.255920
v -0.016537 -0.354462 -0.245010
v -0.016581 0.378784 0.100693
v -0.016678 -0.214615 0.244354
v -0.016689 0.421082 -0.239548
v -0.016706 0.429962 0.275208
v -0.017008 0.435852 0.291168
v -0.017151 0.171799 0.246414
v -0.017189 -0.200867 -0.242920
v -0.017317 -0.164703 -0.247025
v -0.017340 0.338562 0.263184
v -0.017447 0.480469 -0.341034
v -0.017645 0.112610 0.238525
v -0.017715 0.164001 0.234665
v -0.017893 0.424347 -0.354401
v -0.018009 0.056931 0.245880
v -0.018110 0.303925 0.254486
v -0.018332 0.460968 -0.346039
v -0.018690 -0.489532 0.253876
v -0.018806 -0.475586 -0.152222
v -0.018881 0.350800 0.269897
v -0.018953 -0.484863 0.103836
v -0.019032 0.047062 0.234863
v -0.019234 -0.075935 -0.228149
v -0.019621 0.276245 0.252655
v -0.019730 0.388641 -0.181351
v -0.019798 -0.131989 -0.245651
v -0.019819 0.111107 -0.273285
v -0.019966 -0.253052 0.240601
v -0.020100 -0.438263 -0.277588
v -0.020746 0.456696 -0.315613
v -0.020769 0.377960 0.164780
v -0.020775 0.182297 -0.258911
v -0.020864 -0.456451 0.278320
v -0.021194 0.416534 -0.226074
v -0.021383 -0.061138 0.227310
v -0.021755 0.076981 -0.279144
v -0.021837 0.178711 0.238953
v -0.021837 -0.481201 -0.127380
v -0.021948 0.362793 -0.149429
v -0.022598 -0.182053 0.237061
v -0.022812 0.403168 0.316833
v -0.022966 0.415405 0.250854
v -0.023052 -0.003607 0.227005
v -0.023397 0.198700 0.231567
v -0.023401 -0.222687 0.240891
v -0.023874 0.425751 0.303345
v -0.023874 -0.471161 0.269379
v -0.024199 -0.364868 0.226669
v -0.024206 0.395142 -0.026001
v -0.024214 -0.420532 0.274750
v -0.024385 0.223160 0.229385
v -0.024500 -0.437531 0.266968
v -0.024509 -0.483765 0.261444
v -0.024530 0.367859 -0.346497
v -0.024584 -0.260559 -0.247330
v -0.024704 -0.486603 0.207169
v -0.024879 0.326935 0.246826
v -0.025124 -0.483856 -0.058735
v -0.025171 -0.092827 0.229752
v -0.025255 0.024818 0.222610
v -0.025320 0.104279 0.243622
v -0.025400 -0.070015 0.221756
v -0.025436 0.350372 0.268280
v -0.025475 -0.035709 -0.235855
v -0.025620 0.368286 0.289368
v -0.025660 0.331207 -0.338623
v -0.025715 0.449280 -0.324768
v -0.026320 0.256317 0.229660
v -0.026361 0.371857 -0.160629
v -0.026398 -0.359833 -0.253357
v -0.026672 0.438782 -0.293762
v -0.026716 0.173889 0.227219
v -0.026749 0.415344 0.276733
v -0.027124 -0.077759 0.225998
v -0.027225 0.388184 0.001366
v -0.027462 -0.075363 0.221771
v -0.028437 -0.486359 -0.042652
v -0.028887 -0.384369 -0.278442
v -0.029005 0.239120 -0.299103
v -0.029289 -0.301208 -0.244171
v -0.029638 0.154724 -0.241913
v -0.029640 0.038895 -0.227249
v -0.029701 -0.371368 0.227386
v -0.029747 0.172165 -0.241333
v -0.029982 0.040012 0.222107
v -0.030003 0.202530 0.218475
v -0.030046 0.401642 -0.340088
v -0.030680 0.283417 0.216156
v -0.030754 -0.208603 0.235703
v -0.030796 -0.485291 0.067436
v -0.031372 -0.069221 -0.227905
v -0.031410 -0.184875 -0.243210
v -0.031418 0.296204 -0.322815
v -0.031902 0.360718 -0.142731
v -0.032394 0.377197 0.297852
v -0.032558 0.295654 0.220612
v -0.032570 -0.403900 0.272278
v -0.032822 -0.202362 0.228287
v -0.033161 0.374542 0.116737
v -0.033527 0.417694 -0.263214
v -0.033596 0.392822 -0.199783
v -0.033607 0.359711 0.146698
v -0.033703 0.245758 0.200745
v -0.034088 0.413757 -0.245285
v -0.034164 0.113960 -0.265747
v -0.034210 0.394592 0.299011
v -0.034222 -0.003864 0.221893
v -0.034233 0.075432 0.252777
v -0.034409 -0.485260 0.030981
v -0.034595 0.217422 -0.278259
v -0.034679 -0.482056 -0.218857
v -0.034821 0.402802 -0.213974
v -0.035233 0.399292 0.251862
v -0.035255 -0.312408 0.230881
v -0.035316 0.022724 0.218994
v -0.035923 0.425507 -0.306183
v -0.036003 -0.446960 0.270203
v -0.036072 -0.131363 0.233170
v -0.036110 0.279633 0.191284
v -0.036263 -0.486237 -0.004452
v -0.036297 0.050755 -0.247162
v -0.036419 -0.336700 0.229584
v -0.036510 -0.429047 0.268188
v -0.036739 0.415619 -0.320709
v -0.036842 0.409576 -0.229248
v -0.036846 -0.484650 0.134964
v -0.037125 0.394257 -0.035549
v -0.037148 0.394043 0.215576
v -0.037418 -0.038239 0.225647
v -0.037537 -0.194839 -0.239441
v -0.037632 -0.489655 0.248734
v -0.037647 -0.231552 0.238052
v -0.037746 -0.434875 -0.272156
v -0.037891 -0.345032 -0.239624
v -0.037975 -0.469940 0.274261
v -0.037991 -0.086243 -0.237366
v -0.038048 0.192230 -0.250854
v -0.038147 0.190353 0.218689
v -0.038200 0.128143 -0.238632
v -0.038235 -0.351868 0.226517
v -0.038269 0.382751 0.190994
v -0.038311 -0.473236 -0.267517
v -0.038662 0.365692 -0.127029
v -0.038662 -0.452148 0.276154
v -0.038876 0.393890 0.279144
v -0.038898 0.032993 -0.226898
v -0.038933 0.415314 -0.282257
v -0.039146 -0.413177 -0.277130
v -0.039276 -0.190735 0.230804
v -0.039471 -0.053341 0.226990
v -0.039833 0.274170 0.186966
v -0.039917 -0.076370 0.221481
v -0.039978 0.260956 -0.302124
v -0.040054 0.382355 0.097473
v -0.040150 -0.175247 0.236191
v -0.040279 -0.368225 0.223068
v -0.040314 0.369385 0.167847
v -0.040508 0.223007 0.205276
v -0.040573 -0.485291 0.185928
v -0.041180 0.358124 -0.329742
v -0.041283 -0.486359 0.048161
v -0.041359 0.065231 -0.267151
v -0.041443 -0.484344 0.160034
v -0.041531 -0.478210 -0.182861
v -0.041615 -0.004140 -0.231644
v -0.041740 -0.481812 -0.088013
v -0.041744 -0.213913 0.235718
v -0.041859 -0.089149 0.227417
v -0.042175 0.034241 0.216843
v -0.042542 -0.218170 -0.249771
v -0.042667 -0.069351 0.214630
v -0.042908 0.183380 -0.234665
v -0.042915 -0.270264 0.236694
v -0.042976 0.350677 0.272583
v -0.043030 0.116455 -0.238434
v -0.043152 -0.205185 -0.247726
v -0.043266 -0.414673 0.276276
v -0.043472 0.089294 -0.279846
v -0.043560 -0.403076 -0.277924
v -0.043686 -0.061321 0.220276
v -0.043888 0.318970 0.241364
v -0.043983 0.280823 0.198120
v -0.044136 0.384277 -0.073685
v -0.044266 0.258026 0.189728
v -0.044266 -0.147964 0.234116
v -0.044647 -0.377563 0.232590
v -0.044727 -0.098442 -0.238449
v -0.044739 -0.079140 -0.228210
v -0.044819 0.394867 0.021780
v -0.044823 -0.241699 0.237991
v -0.044918 -0.425415 -0.272583
v -0.045052 -0.113190 0.231125
v -0.045357 -0.058441 -0.236191
v -0.045422 0.092003 0.251404
v -0.045727 0.114563 -0.250061
v -0.045830 0.381958 0.088364
v -0.045933 0.282104 0.210052
v -0.046085 0.378204 -0.182755
v -0.046387 0.123703 0.229279
v -0.046398 -0.459930 -0.274933
v -0.046944 0.402191 -0.236740
v -0.047153 0.397278 -0.243591
v -0.047237 0.363983 0.132690
v -0.047474 -0.002512 0.219498
v -0.047691 0.378296 -0.316010
v -0.047722 -0.074921 0.211960
v -0.048233 -0.041302 0.224701
v -0.048512 -0.202850 0.224182
v -0.048588 0.043991 -0.229431
v -0.048805 0.357452 0.274506
v -0.048988 0.243774 -0.285156
v -0.049068 0.106087 -0.275146
v -0.049328 0.355804 -0.153122
v -0.049488 -0.193619 0.222168
v -0.049629 -0.086288 0.222534
v -0.049652 -0.318939 0.226227
v -0.049683 0.391083 -0.212662
v -0.049816 -0.169876 0.232193
v -0.049831 -0.066757 -0.230942
v -0.050098 -0.285126 0.230530
v -0.050449 0.378906 0.233627
v -0.050568 -0.486084 -0.065781
v -0.050594 0.354370 0.158844
v -0.050610 0.294189 0.220703
v -0.050621 0.012888 -0.228745
v -0.050785 0.040051 0.218033
v -0.050797 0.318481 -0.313110
v -0.050800 -0.354248 0.220215
v -0.050873 0.030811 0.211121
v -0.050877 -0.243866 -0.247559
v -0.050991 -0.354919 -0.234146
v -0.051041 -0.486633 0.053944
v -0.051113 0.110054 0.230362
v -0.051239 -0.482361 -0.069527
v -0.051262 0.104813 0.239136
v -0.051270 -0.071991 -0.221649
v -0.051273 -0.344910 -0.234634
v -0.051380 0.179764 -0.228729
v -0.051407 0.352234 0.152100
v -0.051682 -0.485260 0.076691
v -0.051708 -0.362335 -0.246017
v -0.052040 0.272430 0.185059
v -0.052124 -0.392639 0.260742
v -0.052254 0.164383 0.222183
v -0.052326 -0.230698 0.232941
v -0.052433 0.387848 0.068375
v -0.052643 -0.210846 0.229477
v -0.052666 -0.050655 0.217133
v -0.052677 -0.003783 0.212250
v -0.052773 -0.032364 -0.234192
v -0.053226 -0.107376 0.224915
v -0.053318 0.348236 -0.312561
v -0.053501 -0.374725 0.219711
v -0.053715 -0.142319 -0.240540
v -0.053940 -0.181915 0.228043
v -0.054039 -0.384613 -0.275208
v -0.054382 -0.067451 0.204102
v -0.054386 0.364349 0.184372
v -0.054398 -0.134827 0.225784
v -0.054440 -0.336975 -0.238358
v -0.054848 -0.486206 0.049637
v -0.054935 -0.451874 -0.276703
v -0.055084 0.235718 0.198608
v -0.055103 -0.258087 0.232971
v -0.055252 0.389374 -0.271118
v -0.055275 -0.056286 -0.235764
v -0.055367 0.390167 -0.008240
v -0.055370 0.352570 -0.148575
v -0.055580 0.279114 0.184631
v -0.055695 0.100372 -0.279877
v -0.055721 0.360931 0.255066
v -0.055851 -0.481476 -0.239273
v -0.055901 0.359924 -0.166565
v -0.055939 -0.481201 0.265656
v -0.055969 -0.370697 0.213959
v -0.056190 0.039688 -0.222763
v -0.056236 -0.041145 0.210129
v -0.056244 0.388458 -0.284393
v -0.056416 0.033733 0.206085
v -0.056633 -0.322845 -0.240753
v -0.056648 -0.429626 0.274109
v -0.056747 -0.487976 0.046242
v -0.056770 -0.080887 -0.228256
v -0.056770 -0.383606 0.246719
v -0.056797 0.275177 -0.294739
v -0.056980 -0.092140 -0.236649
v -0.057121 0.372101 -0.109512
v -0.057468 -0.206436 0.221024
v -0.057480 -0.163177 0.223785
v -0.057491 0.379395 -0.292725
v -0.057621 -0.083878 0.206970
v -0.057964 0.369385 0.210892
v -0.058060 0.320404 0.245743
v -0.058086 -0.445190 -0.271698
v -0.058140 -0.235931 0.224167
v -0.058163 -0.465179 0.272736
v -0.058170 0.171906 -0.231384
v -0.058323 -0.069412 -0.222763
v -0.058323 -0.195709 0.206848
v -0.058441 -0.202469 -0.238953
v -0.058464 -0.322144 0.217560
v -0.058495 -0.171631 -0.241852
v -0.058754 -0.310303 0.206360
v -0.058784 0.369659 0.233704
v -0.058903 -0.206284 0.211288
v -0.058914 0.382233 0.098915
v -0.058952 -0.056641 0.203568
v -0.059410 -0.373352 -0.262848
v -0.059460 -0.066017 0.194092
v -0.059544 -0.264740 0.218842
v -0.059662 -0.137421 0.215286
v -0.059734 -0.175323 0.217972
v -0.059761 0.379913 -0.227219
v -0.059807 -0.009638 0.205902
v -0.059868 0.343292 0.162003
v -0.059910 -0.489594 0.252991
v -0.059944 0.213852 -0.245239
v -0.060051 0.233459 -0.265045
v -0.060207 -0.224091 0.212982
v -0.060287 -0.481506 -0.120491
v -0.060364 -0.487610 -0.053951
v -0.060379 -0.287415 0.219940
v -0.060429 -0.332550 0.197708
v -0.060650 0.023411 0.204468
v -0.060654 -0.330383 0.206970
v -0.061001 -0.268555 0.207672
v -0.061012 0.383331 0.091751
v -0.061081 0.368805 -0.192108
v -0.061428 0.198914 -0.226974
v -0.061596 -0.077744 -0.214508
v -0.061626 -0.485382 0.103096
v -0.061634 -0.485229 0.052654
v -0.061832 -0.361298 -0.238297
v -0.062115 -0.046253 0.205826
v -0.062202 0.347778 -0.157166
v -0.062263 -0.487762 0.222534
v -0.062332 0.328186 0.247482
v -0.062561 0.357788 0.139084
v -0.062622 -0.079033 0.191910
v -0.062874 0.203827 0.209076
v -0.063004 -0.188675 -0.239166
v -0.063126 -0.073730 0.183823
v -0.063148 -0.405670 -0.280029
v -0.063232 -0.188354 0.210388
v -0.063240 0.395355 0.032467
v -0.063637 0.034866 0.206268
v -0.064049 -0.357025 0.208084
v -0.064140 -0.422852 0.275848
v -0.064171 -0.341644 0.198059
v -0.064278 -0.063812 -0.226791
v -0.064339 0.345184 0.184662
v -0.064346 0.284149 0.213669
v -0.064423 0.155090 -0.233612
v -0.064499 0.355286 -0.141708
v -0.064507 -0.341278 0.207001
v -0.064514 -0.484406 0.166168
v -0.064537 0.394073 -0.021477
v -0.064537 -0.105118 0.207275
v -0.064697 -0.438232 0.267700
v -0.064713 -0.121880 -0.237244
v -0.064873 0.020620 -0.219482
v -0.064972 -0.196259 -0.233597
v -0.065155 0.353455 0.209625
v -0.065292 -0.486389 0.075447
v -0.065392 0.281586 0.197952
v -0.065414 -0.401794 0.268585
v -0.065620 0.266327 0.186096
v -0.065651 -0.162888 0.212921
v -0.065826 0.380859 0.089020
v -0.065956 -0.477356 -0.144989
v -0.066299 -0.213058 -0.248184
v -0.066444 -0.485626 0.028351
v -0.066452 -0.248093 0.207306
v -0.066597 0.222321 0.204437
v -0.066628 0.337463 0.223694
v -0.066841 0.254974 -0.272064
v -0.066856 0.056683 0.245651
v -0.067085 0.105492 0.236481
v -0.067345 0.345123 -0.285858
v -0.067429 0.337708 0.158997
v -0.067581 -0.283478 0.199982
v -0.067612 -0.068260 0.183212
v -0.067673 -0.486481 -0.069221
v -0.067848 0.300995 0.223465
v -0.067909 0.315582 0.228363
v -0.067917 -0.327789 0.190414
v -0.067963 0.325897 0.169128
v -0.068024 0.047737 0.235550
v -0.068130 0.194183 -0.217636
v -0.068130 0.313141 -0.288666
v -0.068199 -0.107956 -0.233200
v -0.068344 -0.181122 0.210526
v -0.068428 0.004211 0.202316
v -0.068573 -0.078934 -0.214569
v -0.068604 -0.479828 0.269348
v -0.068695 -0.219986 0.207031
v -0.068748 -0.050259 0.204712
v -0.068863 -0.061161 0.196457
v -0.068871 0.332336 0.192368
v -0.068901 0.063522 0.251831
v -0.069077 -0.484070 0.069267
v -0.069122 -0.488983 0.056004
v -0.069572 -0.371521 0.056454
v -0.069580 -0.484619 0.059116
v -0.069687 0.295685 0.178497
v -0.069946 -0.143188 0.206467
v -0.069962 -0.023247 0.204147
v -0.069984 0.285126 0.207458
v -0.069984 -0.202271 0.188263
v -0.070091 0.021772 0.202805
v -0.070137 0.375092 0.112274
v -0.070229 -0.211166 0.200272
v -0.070267 0.044846 -0.223343
v -0.070320 0.279938 0.179398
v -0.070358 -0.207932 -0.242310
v -0.070404 -0.481567 -0.257996
v -0.070465 -0.373749 -0.061455
v -0.070679 0.367401 -0.256226
v -0.070702 -0.352081 -0.220657
v -0.070770 -0.376648 0.199265
v -0.070900 0.279266 -0.277466
v -0.070938 -0.071541 -0.205429
v -0.071022 -0.372406 -0.069214
v -0.071037 -0.365265 0.052528
v -0.071053 0.309601 0.183624
v -0.071220 -0.364563 -0.061691
v -0.071289 -0.089149 -0.224548
v -0.071304 -0.337128 -0.227417
v -0.071327 0.360016 -0.269318
v -0.071335 0.296173 0.205399
v -0.071411 -0.365601 0.060055
v -0.071495 -0.281036 -0.242569
v -0.071510 0.343903 -0.170486
v -0.071533 -0.317993 -0.232635
v -0.071823 -0.024025 -0.222900
v -0.071899 -0.091797 0.196503
v -0.071915 -0.482117 -0.074829
v -0.072037 0.107666 0.226242
v -0.072136 -0.489136 0.041187
v -0.072174 -0.056408 -0.226685
v -0.072258 -0.190002 0.191971
v -0.072357 0.308350 0.170410
v -0.072365 -0.196381 0.177063
v -0.072556 0.284943 0.188370
v -0.072731 -0.486053 0.262695
v -0.072830 -0.451599 0.264679
v -0.072838 -0.169357 0.195450
v -0.073021 -0.302826 -0.238129
v -0.073128 0.339325 -0.152573
v -0.073212 0.074905 0.251617
v -0.073250 -0.077728 0.173843
v -0.073486 -0.067947 0.182770
v -0.073792 -0.118057 0.196487
v -0.073936 0.093910 0.248611
v -0.074043 0.183060 0.212662
v -0.074059 -0.153427 -0.237885
v -0.074104 -0.202545 -0.230530
v -0.074318 -0.072830 0.171097
v -0.074455 0.028278 0.196960
v -0.074524 -0.234055 -0.246277
v -0.074554 -0.465546 0.264618
v -0.074600 -0.281097 0.200623
v -0.074631 -0.048885 0.200623
v -0.074738 -0.311707 0.193802
v -0.074783 0.001087 0.195999
v -0.074814 -0.486145 0.004397
v -0.075089 0.240387 0.193832
v -0.075104 -0.484833 0.129761
v -0.075142 -0.195892 0.157791
v -0.075165 -0.377655 -0.052803
v -0.075180 0.233597 -0.240311
v -0.075233 -0.383820 0.047096
v -0.075325 -0.235428 0.204025
v -0.075447 0.035187 0.201431
v -0.075523 0.041588 0.217850
v -0.075554 -0.486023 0.191727
v -0.075569 -0.202118 0.163742
v -0.075577 -0.134109 -0.235886
v -0.075722 0.387146 0.004260
v -0.075722 -0.075134 0.047050
v -0.075752 -0.432678 0.272888
v -0.076050 0.111229 0.222778
v -0.076080 0.349640 -0.200256
v -0.076096 -0.474945 -0.159821
v -0.076202 0.213089 -0.213913
v -0.076210 -0.346741 0.178970
v -0.076218 -0.197723 0.124817
v -0.076241 -0.069412 -0.212769
v -0.076241 -0.363037 -0.219574
v -0.076370 -0.084976 0.182236
v -0.076515 -0.146881 0.191147
v -0.076668 -0.349060 0.185333
v -0.076790 -0.201172 0.044468
v -0.076828 0.142288 0.219452
v -0.076897 -0.380829 0.217819
v -0.077042 0.270874 0.174057
v -0.077103 -0.355621 0.192917
v -0.077179 -0.206238 0.143646
v -0.077179 -0.425812 -0.275360
v -0.077194 -0.387238 -0.066193
v -0.077248 -0.079742 0.051945
v -0.077377 -0.060677 0.188110
v -0.077545 -0.482300 0.061848
v -0.077591 -0.208588 0.126358
v -0.077644 -0.203461 0.099533
v -0.077652 0.035271 -0.210083
v -0.077705 -0.201157 0.062950
v -0.077797 -0.252350 0.201126
v -0.077805 -0.032799 0.187820
v -0.077827 0.251251 0.184586
v -0.077888 -0.365753 -0.226151
v -0.077904 0.115227 -0.231369
v -0.077934 -0.384674 0.059029
v -0.077957 -0.465149 -0.270081
v -0.077965 -0.217758 0.195419
v -0.078072 -0.189499 0.171448
v -0.078117 -0.480865 -0.199249
v -0.078125 0.101143 0.235260
v -0.078148 -0.379150 0.042255
v -0.078239 0.030378 0.185074
v -0.078247 -0.120270 -0.228363
v -0.078369 -0.195511 0.096077
v -0.078445 -0.477966 0.268951
v -0.078461 0.211700 0.202042
v -0.078705 -0.374207 0.075462
v -0.078835 -0.329254 0.181183
v -0.078873 0.386749 -0.054874
v -0.078979 -0.397156 -0.056839
v -0.078995 -0.192688 -0.228958
v -0.079002 -0.073822 0.152481
v -0.079010 -0.177521 -0.239365
v -0.079216 -0.355988 -0.059666
v -0.079285 -0.350616 0.050228
v -0.079315 -0.365417 -0.078491
v -0.079422 0.377655 0.097954
v -0.079590 0.290314 -0.263947
v -0.079613 -0.079834 0.154755
v -0.079651 0.347168 0.140671
v -0.079727 -0.083488 0.041771
v -0.079765 -0.076736 -0.195511
v -0.079796 0.101547 0.220398
v -0.080017 -0.094086 0.041946
v -0.080048 -0.380035 0.176880
v -0.080124 -0.004574 0.174820
v -0.080261 -0.061337 -0.215576
v -0.080261 -0.225250 0.187500
v -0.080261 -0.279205 0.186554
v -0.080391 -0.066780 0.042130
v -0.080521 -0.487244 0.053391
v -0.080551 -0.376831 -0.081696
v -0.080666 0.264465 -0.253174
v -0.080704 0.326080 -0.159332
v -0.080742 -0.369751 0.181656
v -0.080750 -0.274231 0.195496
v -0.080757 0.287750 0.169098
v -0.080849 -0.109016 -0.222031
v -0.080887 -0.481750 -0.100906
v -0.080917 -0.373474 -0.048740
v -0.080956 -0.093391 0.170975
v -0.080963 -0.212097 0.042622
v -0.081085 -0.359406 0.042641
v -0.081108 -0.065575 0.048588
v -0.081161 -0.206802 0.164810
v -0.081161 -0.395782 -0.050827
v -0.081406 -0.193649 0.132065
v -0.081421 -0.484253 0.167084
v -0.081444 -0.084267 0.163223
v -0.081505 -0.126831 0.171219
v -0.081505 -0.149582 0.041351
v -0.081512 -0.478119 -0.072189
v -0.081528 -0.384857 0.177933
v -0.081551 -0.361969 -0.051395
v -0.081604 -0.077080 -0.059372
v -0.081657 -0.247849 0.192184
v -0.081665 -0.038639 0.042042
v -0.081665 -0.077141 -0.052486
v -0.081757 -0.363525 0.070328
v -0.081764 0.346161 -0.242218
v -0.081833 -0.188354 0.040874
v -0.081848 0.048367 -0.242508
v -0.081902 -0.044907 0.049644
v -0.081924 0.004697 0.044888
v -0.082100 0.108192 0.214279
v -0.082176 -0.484619 0.104149
v -0.082253 0.322113 -0.253418
v -0.082260 -0.228806 0.143509
v -0.082268 -0.070198 -0.054749
v -0.082336 -0.093277 -0.215805
v -0.082336 -0.212494 0.176041
v -0.082382 -0.475128 0.062210
v -0.082397 -0.260712 0.180267
v -0.082413 -0.061005 0.165878
v -0.082436 0.166733 0.214844
v -0.082466 -0.297821 0.173828
v -0.082565 0.128265 -0.228485
v -0.082634 -0.077904 0.063789
v -0.082672 -0.222137 -0.242203
v -0.082687 0.112518 -0.266937
v -0.082756 -0.211411 0.070763
v -0.082771 0.345856 -0.223175
v -0.082832 -0.189835 0.151520
v -0.082901 0.232483 0.191071
v -0.082909 -0.207306 0.038815
v -0.082924 -0.233063 0.038960
v -0.082947 -0.183578 0.062988
v -0.082993 -0.083740 0.059338
v -0.083015 -0.266022 0.048050
v -0.083023 -0.015835 0.050365
v -0.083023 -0.066299 0.056374
v -0.083023 -0.163422 0.167175
v -0.083084 -0.179825 0.167114
v -0.083115 0.325287 0.160751
v -0.083115 0.366730 0.117836
v -0.083160 -0.270294 -0.238113
v -0.083168 -0.073891 -0.064789
v -0.083176 -0.323395 -0.226196
v -0.083244 0.041492 -0.210953
v -0.083267 -0.112175 0.060570
v -0.083366 -0.410309 0.049866
v -0.083374 -0.360504 -0.074753
v -0.083382 0.034088 0.052719
v -0.083481 -0.189911 0.112801
v -0.083534 -0.391022 0.157059
v -0.083565 -0.072609 -0.049023
v -0.083618 -0.480316 -0.083321
v -0.083664 -0.271332 0.037254
v -0.083725 -0.218307 0.054363
v -0.083839 0.122574 0.217499
v -0.083946 -0.263123 0.187988
v -0.084038 0.029970 0.152206
v -0.084068 0.033894 0.132919
v -0.084129 0.004047 0.052166
v -0.084167 -0.241348 0.055264
v -0.084183 -0.483673 0.150803
v -0.084213 0.022850 0.069244
v -0.084290 0.139114 0.216248
v -0.084297 0.011706 0.138611
v -0.084312 -0.201233 -0.054790
v -0.084351 -0.348389 -0.216446
v -0.084358 0.156265 0.209976
v -0.084511 -0.330811 0.042412
v -0.084526 -0.073708 0.113312
v -0.084534 -0.201111 -0.066307
v -0.084564 -0.137527 -0.234695
v -0.084564 -0.150787 0.061726
v -0.084572 -0.214523 0.152008
v -0.084610 -0.391113 0.167114
v -0.084618 0.062828 0.248215
v -0.084633 -0.160904 -0.238022
v -0.084656 -0.275940 0.168198
v -0.084656 -0.483185 0.055950
v -0.084679 0.347443 -0.143539
v -0.084717 -0.083641 -0.198013
v -0.084732 0.036633 0.090485
v -0.084816 -0.201996 -0.220978
v -0.084846 -0.194489 -0.051556
v -0.084938 -0.110298 0.036613
v -0.084999 0.080864 0.248322
v -0.085014 0.059349 -0.259644
v -0.085060 -0.126770 -0.213394
v -0.085083 0.017258 0.105682
v -0.085228 0.099129 0.201920
v -0.085243 -0.007769 0.068855
v -0.085320 -0.127960 -0.228180
v -0.085457 -0.157516 0.036839
v -0.085457 -0.219940 0.125351
v -0.085495 0.049442 0.236694
v -0.085533 -0.075546 0.094368
v -0.085541 0.029343 0.042339
v -0.085541 -0.306305 0.037926
v -0.085556 -0.291962 -0.229813
v -0.085556 -0.483765 0.264252
v -0.085617 -0.039082 0.147797
v -0.085655 -0.070969 -0.190506
v -0.085800 -0.340759 0.038807
v -0.085808 -0.332092 0.158997
v -0.085815 0.327332 -0.185104
v -0.085884 0.095078 0.234741
v -0.086075 -0.381897 0.194717
v -0.086090 -0.230270 0.151367
v -0.086113 -0.408325 -0.063660
v -0.086189 -0.487091 -0.033745
v -0.086205 0.189865 0.207504
v -0.086205 0.310303 0.164032
v -0.086250 -0.124870 0.148483
v -0.086281 -0.235977 0.161652
v -0.086281 -0.294495 0.058773
v -0.086311 -0.286957 0.073189
v -0.086342 -0.214783 -0.233047
v -0.086349 -0.179794 0.099075
v -0.086380 -0.408691 0.043247
v -0.086395 -0.067604 -0.059048
v -0.086441 -0.063423 0.037327
v -0.086502 0.220978 -0.198242
v -0.086502 0.248901 -0.221817
v -0.086525 -0.015835 0.063011
v -0.086624 -0.114258 0.078224
v -0.086670 -0.004635 0.039177
v -0.086670 -0.101997 0.139038
v -0.086700 0.037952 0.199615
v -0.086708 0.034832 0.172623
v -0.086716 -0.480743 0.080322
v -0.086731 -0.412628 0.273285
v -0.086792 -0.347321 -0.056061
v -0.086800 -0.483154 0.170059
v -0.086830 -0.173538 0.148163
v -0.086853 0.074730 -0.277527
v -0.086853 -0.480072 0.159454
v -0.086861 -0.261230 -0.054329
v -0.086937 -0.190292 -0.065987
v -0.087029 -0.356964 0.175323
v -0.087051 -0.452698 -0.267914
v -0.087181 -0.386017 -0.046322
v -0.087189 -0.080727 -0.069115
v -0.087280 -0.485504 0.129120
v -0.087318 -0.088127 0.129761
v -0.087318 -0.433411 -0.061039
v -0.087334 -0.394531 0.063599
v -0.087357 -0.214417 0.116508
v -0.087357 -0.252502 0.033764
v -0.087402 -0.242813 0.142975
v -0.087410 -0.041298 -0.216248
v -0.087463 0.043282 0.118675
v -0.087517 -0.256134 0.156204
v -0.087517 -0.386292 0.181595
v -0.087524 -0.038517 0.112045
v -0.087555 -0.084579 0.110512
v -0.087585 -0.032719 0.071892
v -0.087608 -0.288086 0.043564
v -0.087654 -0.383331 0.084854
v -0.087662 -0.469666 0.053967
v -0.087685 -0.165054 0.081947
v -0.087700 0.039196 0.071259
v -0.087708 -0.486542 0.177490
v -0.087791 -0.211441 0.100052
v -0.087891 -0.303101 0.033630
v -0.087898 -0.083870 -0.059307
v -0.087936 -0.048428 0.085457
v -0.087967 -0.483734 -0.065269
v -0.088020 -0.350769 0.154099
v -0.088074 -0.345978 0.061596
v -0.088135 -0.468323 -0.074478
v -0.088142 -0.321716 0.070023
v -0.088203 -0.214920 0.084251
v -0.088234 0.036648 0.044659
v -0.088287 -0.368317 -0.090813
v -0.088310 -0.207733 -0.049873
v -0.088318 -0.051888 0.072403
v -0.088333 -0.081734 -0.045719
v -0.088341 -0.304047 0.158722
v -0.088364 -0.366211 -0.209717
v -0.088402 -0.179321 -0.233780
v -0.088440 -0.083763 0.078766
v -0.088440 -0.458405 0.056774
v -0.088486 -0.421753 -0.280243
v -0.088539 -0.318512 0.081734
v -0.088547 0.236191 -0.200577
v -0.088570 -0.269287 -0.062340
v -0.088577 -0.259735 -0.072235
v -0.088593 -0.005575 -0.209183
v -0.088623 -0.069534 -0.195908
v -0.088638 -0.056526 -0.052132
v -0.088638 -0.066315 0.112175
v -0.088646 -0.462585 -0.063873
v -0.088669 -0.062668 -0.045612
v -0.088676 -0.346008 -0.062630
v -0.088692 -0.277832 0.160736
v -0.088730 -0.150269 -0.215378
v -0.088760 0.361237 -0.124527
v -0.088783 0.220306 0.193390
v -0.088799 -0.249542 0.065590
v -0.088814 0.091537 -0.279877
v -0.088882 -0.083755 0.090462
v -0.088913 0.252716 0.176712
v -0.088928 -0.378479 0.149704
v -0.088997 0.015862 -0.106247
v -0.088997 -0.011470 0.055363
v -0.089058 0.027948 -0.096130
v -0.089088 -0.105820 0.123451
v -0.089127 -0.073730 -0.178406
v -0.089134 -0.142853 0.149887
v -0.089149 -0.236618 -0.236496
v -0.089172 0.037003 0.138031
v -0.089180 -0.489319 0.240295
v -0.089195 0.060707 0.241837
v -0.089256 -0.095314 0.089401
v -0.089325 -0.428467 -0.054886
v -0.089363 -0.325165 0.052017
v -0.089371 -0.065674 -0.121887
v -0.089371 -0.268951 0.077950
v -0.089394 -0.490265 0.028374
v -0.089417 -0.035683 0.055904
v -0.089531 -0.036366 -0.047165
v -0.089554 -0.388336 0.137115
v -0.089577 -0.138138 0.076538
v -0.089600 -0.329834 -0.052036
v -0.089615 -0.246704 -0.058376
v -0.089645 -0.205032 -0.067085
v -0.089645 -0.382324 0.100563
v -0.089691 0.392181 -0.028860
v -0.089691 -0.243790 -0.046947
v -0.089691 -0.334839 0.079041
v -0.089806 -0.437347 0.050522
v -0.089821 -0.187073 -0.047955
v -0.089851 -0.426910 0.058483
v -0.089905 -0.225357 0.069229
v -0.089920 -0.027456 -0.055790
v -0.089996 0.035736 -0.202347
v -0.090019 0.028683 -0.107452
v -0.090019 -0.477295 0.262756
v -0.090027 -0.485657 0.195389
v -0.090164 -0.235703 0.063744
v -0.090210 0.003330 -0.049446
v -0.090210 -0.347260 -0.050068
v -0.090240 0.286407 -0.233643
v -0.090263 -0.143494 -0.223633
v -0.090286 0.091736 0.211563
v -0.090294 -0.066376 0.082588
v -0.090363 0.140854 0.187851
v -0.090401 -0.395264 -0.070999
v -0.090408 -0.385223 -0.082626
v -0.090454 -0.381775 0.036804
v -0.090576 -0.273895 -0.044918
v -0.090637 -0.205658 -0.044945
v -0.090652 0.070175 0.229568
v -0.090668 -0.078575 -0.136169
v -0.090668 -0.113037 -0.193192
v -0.090706 0.026255 -0.190933
v -0.090736 0.041431 0.098869
v -0.090744 -0.057232 -0.202164
v -0.090797 -0.480713 -0.131104
v -0.090805 0.019505 -0.062500
v -0.090805 -0.068619 -0.138306
v -0.090813 -0.185913 0.126999
v -0.090866 -0.376862 0.105835
v -0.090919 -0.069069 0.066574
v -0.090996 -0.075645 -0.113457
v -0.091026 -0.192139 -0.222076
v -0.091057 0.031448 -0.051476
v -0.091072 -0.109062 -0.046001
v -0.091080 -0.359558 -0.202271
v -0.091095 0.187469 0.183044
v -0.091095 -0.301758 -0.045811
v -0.091125 -0.115540 0.085838
v -0.091133 -0.027754 0.066200
v -0.091148 -0.104126 -0.057953
v -0.091171 -0.146317 -0.048401
v -0.091194 -0.475616 -0.264496
v -0.091209 -0.124039 0.134354
v -0.091232 -0.210464 -0.056007
v -0.091248 -0.354187 -0.078125
v -0.091255 -0.097435 0.114883
v -0.091278 -0.477234 -0.179962
v -0.091316 -0.001774 -0.067665
v -0.091354 0.321594 0.158249
v -0.091385 -0.273804 -0.052376
v -0.091408 0.284058 0.165421
v -0.091438 -0.220078 -0.046661
v -0.091438 -0.313263 0.060349
v -0.091530 -0.296326 0.096436
v -0.091553 -0.328278 0.106674
v -0.091629 0.007785 -0.091133
v -0.091644 -0.169434 -0.053497
v -0.091644 -0.375702 -0.100670
v -0.091652 0.101585 0.182983
v -0.091660 -0.382996 0.117279
v -0.091789 -0.483154 0.116791
v -0.091812 0.312256 -0.221634
v -0.091812 -0.073997 -0.157623
v -0.091850 -0.076195 0.084549
v -0.091866 -0.046028 0.065269
v -0.091881 -0.346558 0.113083
v -0.091896 -0.425690 0.274231
v -0.091972 -0.162766 -0.203644
v -0.092041 0.392609 0.044819
v -0.092072 -0.223572 -0.057213
v -0.092094 -0.333710 -0.067451
v -0.092102 -0.051365 -0.067795
v -0.092117 -0.344360 0.150116
v -0.092133 -0.401306 0.166962
v -0.092140 -0.212921 -0.219696
v -0.092178 -0.178345 0.114899
v -0.092186 -0.079773 0.079781
v -0.092186 -0.161560 0.139145
v -0.092186 -0.313171 0.108017
v -0.092308 -0.157913 -0.227463
v -0.092331 -0.130859 0.105888
v -0.092400 0.387482 0.065895
v -0.092422 0.004925 -0.044640
v -0.092438 -0.005276 -0.177170
v -0.092529 -0.112221 0.119240
v -0.092545 -0.050770 -0.124069
v -0.092545 -0.301331 -0.221008
v -0.092583 0.166199 -0.226425
v -0.092606 -0.162155 0.101105
v -0.092636 -0.236420 0.132858
v -0.092644 0.113899 -0.246216
v -0.092644 -0.024038 -0.068993
v -0.092651 -0.034481 -0.042156
v -0.092674 -0.036701 -0.101013
v -0.092697 -0.024948 -0.081650
v -0.092720 -0.481598 0.143692
v -0.092735 -0.178650 -0.062469
v -0.092743 -0.063667 -0.112572
v -0.092766 -0.362549 -0.189697
v -0.092773 -0.041889 -0.182358
v -0.092789 0.039536 0.202866
v -0.092957 -0.195190 -0.080231
v -0.092979 -0.359528 0.154770
v -0.092995 0.390594 -0.011793
v -0.093002 -0.237762 0.071182
v -0.093025 -0.345367 0.141342
v -0.093056 -0.374023 -0.183197
v -0.093079 0.313721 -0.198563
v -0.093086 -0.447174 0.061382
v -0.093132 -0.071457 -0.071861
v -0.093147 0.236572 0.170532
v -0.093185 -0.440704 0.046925
v -0.093246 0.031731 -0.088921
v -0.093262 -0.070030 -0.175812
v -0.093277 0.035690 -0.166992
v -0.093277 0.037037 -0.051083
v -0.093330 -0.007166 -0.110947
v -0.093384 -0.265839 0.087471
v -0.093399 -0.338989 0.077156
v -0.093422 -0.100243 0.104187
v -0.093430 0.030134 -0.045715
v -0.093430 -0.203217 -0.087044
v -0.093445 0.337769 0.139465
v -0.093468 -0.363068 0.092247
v -0.093506 -0.299713 0.157623
v -0.093506 -0.369263 -0.200928
v -0.093643 -0.367676 -0.145645
v -0.093674 -0.160324 0.034004
v -0.093704 0.047714 0.219406
v -0.093727 0.021492 -0.151352
v -0.093727 -0.379608 -0.158218
v -0.093758 0.249985 -0.187469
v -0.093758 -0.442596 -0.078613
v -0.093765 0.373291 -0.090981
v -0.093781 -0.069603 0.074112
v -0.093781 -0.330872 0.143219
v -0.093796 0.036201 -0.065117
v -0.093842 0.026871 -0.116516
v -0.093857 -0.375793 -0.125961
v -0.093872 -0.263123 -0.039898
v -0.093887 -0.255219 0.120598
v -0.093910 -0.224777 0.081779
v -0.093956 -0.406647 -0.075775
v -0.094002 0.286224 0.158035
v -0.094063 -0.418091 -0.077423
v -0.094116 -0.300751 -0.065208
v -0.094139 -0.231888 0.118965
v -0.094147 -0.353333 0.139267
v -0.094162 -0.100494 -0.041897
v -0.094193 -0.474518 0.162018
v -0.094238 -0.266479 0.147491
v -0.094254 -0.085480 -0.168488
v -0.094315 -0.298981 -0.040695
v -0.094421 -0.093506 -0.072655
v -0.094429 -0.360962 -0.109543
v -0.094475 -0.277649 -0.071701
v -0.094498 -0.057003 -0.096512
v -0.094513 0.300995 -0.175400
v -0.094582 0.241455 -0.186447
v -0.094582 -0.386841 0.243118
v -0.094589 -0.239822 0.093018
v -0.094650 -0.330627 -0.213440
v -0.094681 -0.337677 0.114082
v -0.094688 0.100906 -0.279816
v -0.094696 -0.203690 -0.212082
v -0.094727 -0.061054 -0.136261
v -0.094765 0.389496 0.014749
v -0.094772 -0.282776 0.117111
v -0.094795 -0.441498 0.268402
v -0.094795 -0.475433 0.150223
v -0.094818 -0.322876 0.151016
v -0.094833 -0.343475 0.034866
v -0.094879 -0.132278 -0.059204
v -0.094879 -0.267548 0.130661
v -0.094910 -0.435394 -0.276764
v -0.094925 -0.264221 -0.220581
v -0.094933 -0.145645 -0.184494
v -0.095055 -0.487244 0.186798
v -0.095093 0.315826 0.145020
v -0.095108 -0.341797 0.124298
v -0.095146 0.196381 0.165131
v -0.095261 -0.406372 0.159714
v -0.095268 0.229645 0.163254
v -0.095383 -0.068596 -0.150696
v -0.095406 -0.348938 -0.204391
v -0.095421 0.045811 -0.227295
v -0.095428 -0.040451 -0.138229
v -0.095451 -0.218735 0.099190
v -0.095482 -0.168045 -0.193588
v -0.095490 -0.241882 -0.219086
v -0.095497 -0.164291 -0.211899
v -0.095497 -0.232208 -0.076637
v -0.095787 -0.170135 -0.059830
v -0.095856 -0.284302 0.156586
v -0.095863 -0.350891 0.101013
v -0.095955 -0.151123 -0.041332
v -0.096062 -0.061817 -0.040222
v -0.096130 0.266174 -0.192535
v -0.096153 -0.357452 -0.163300
v -0.096161 -0.443054 -0.271515
v -0.096214 0.299194 -0.163498
v -0.096214 -0.307739 0.111755
v -0.096237 0.213715 -0.197906
v -0.096268 -0.180038 -0.073387
v -0.096291 -0.371521 -0.237045
v -0.096359 -0.232803 -0.040279
v -0.096428 0.285583 -0.200302
v -0.096527 0.377808 0.084488
v -0.096573 -0.491058 0.042435
v -0.096581 -0.203369 -0.114861
v -0.096588 0.269287 0.154709
v -0.096611 -0.266174 -0.082779
v -0.096611 -0.486969 0.213898
v -0.096657 -0.487061 -0.055847
v -0.096748 -0.473969 -0.166718
v -0.096779 -0.366852 0.121895
v -0.096863 0.034058 -0.117920
v -0.096863 -0.471069 -0.089531
v -0.096886 0.340881 0.123207
v -0.096962 0.296509 0.145523
v -0.097000 -0.084038 -0.131561
v -0.097015 -0.151505 -0.071869
v -0.097031 -0.216537 -0.208878
v -0.097069 -0.228485 0.100510
v -0.097176 0.363068 0.103699
v -0.097229 -0.488770 0.256866
v -0.097267 -0.114838 -0.079178
v -0.097267 -0.209869 -0.085442
v -0.097481 -0.352783 -0.190323
v -0.097488 -0.022705 -0.074730
v -0.097557 -0.387268 0.106102
v -0.097595 -0.393127 0.175491
v -0.097618 0.164688 0.162872
v -0.097626 -0.098541 0.033699
v -0.097900 -0.479614 -0.107498
v -0.097908 -0.475067 -0.151001
v -0.097977 -0.339813 -0.105614
v -0.098000 -0.082870 -0.107857
v -0.098015 -0.160507 -0.180283
v -0.098038 0.087250 0.152344
v -0.098045 0.035313 -0.044582
v -0.098053 -0.179108 -0.087631
v -0.098129 -0.193008 -0.209930
v -0.098160 -0.357544 0.133011
v -0.098190 -0.484344 0.175674
v -0.098198 -0.177734 -0.216202
v -0.098251 0.108635 -0.272278
v -0.098351 -0.393768 0.088623
v -0.098381 -0.377838 -0.133759
v -0.098419 -0.201767 -0.143951
v -0.098442 0.042332 -0.179993
v -0.098549 0.035942 0.153641
v -0.098640 0.186691 -0.213257
v -0.098648 -0.010422 -0.040222
v -0.098671 -0.117340 -0.162216
v -0.098686 -0.284515 -0.084816
v -0.098709 -0.092339 -0.083984
v -0.098793 -0.171310 -0.200455
v -0.098808 0.051010 0.196014
v -0.098846 -0.377838 -0.115257
v -0.098869 -0.302155 0.149399
v -0.098885 -0.281494 0.128174
v -0.098999 0.086479 0.166031
v -0.099022 -0.355408 -0.133591
v -0.099037 -0.190414 -0.040600
v -0.099106 0.276703 -0.172501
v -0.099144 -0.328491 0.133423
v -0.099159 0.115479 0.148926
v -0.099266 0.007419 0.035934
v -0.099304 -0.248550 -0.095184
v -0.099426 -0.066040 0.032055
v -0.099480 -0.067307 -0.074142
v -0.099518 -0.468475 0.089607
v -0.099541 -0.280396 0.142365
v -0.099556 -0.151993 -0.104233
v -0.099762 -0.392761 -0.083977
v -0.099785 -0.190506 -0.118935
v -0.099792 0.033669 -0.102798
v -0.099800 -0.194901 -0.162659
v -0.099808 -0.097404 -0.129623
v -0.099892 -0.337311 -0.195007
v -0.099930 -0.117538 -0.094109
v -0.099991 -0.289429 -0.094635
v -0.100029 -0.326874 0.121864
v -0.100067 -0.046917 -0.075691
v -0.100174 -0.271301 -0.118828
v -0.100243 0.040977 0.051941
v -0.100258 -0.049824 -0.087654
v -0.100258 -0.395569 0.137848
v -0.100273 0.392334 0.026543
v -0.100281 -0.486359 0.051636
v -0.100342 -0.302307 -0.197815
v -0.100365 0.046474 0.121124
v -0.100403 -0.233597 -0.141434
v -0.100410 0.041016 0.131866
v -0.100418 0.321594 0.127945
v -0.100426 0.044357 -0.204514
v -0.100479 -0.303253 -0.108040
v -0.100525 -0.184540 -0.170761
v -0.100548 -0.211533 -0.195496
v -0.100647 0.067459 0.172699
v -0.100723 0.041412 0.182434
v -0.100723 -0.097801 -0.115234
v -0.100777 -0.343750 -0.166153
v -0.100792 -0.300903 0.132217
v -0.100983 -0.411652 0.081482
v -0.101013 0.039627 -0.142517
v -0.101028 -0.480164 -0.215454
v -0.101105 -0.228394 -0.112312
v -0.101112 -0.465057 0.155197
v -0.101166 -0.054508 -0.034096
v -0.101189 0.322632 -0.150650
v -0.101196 -0.175018 -0.145721
v -0.101265 -0.252289 -0.187653
v -0.101311 -0.387726 0.115860
v -0.101387 -0.168701 -0.184494
v -0.101448 -0.260468 0.029110
v -0.101471 -0.486847 0.190079
v -0.101547 -0.292267 -0.160294
v -0.101608 -0.341370 -0.151627
v -0.101616 -0.200119 -0.180618
v -0.101631 -0.482666 -0.243927
v -0.101639 0.193970 0.165421
v -0.101692 -0.488007 0.182175
v -0.101730 -0.371704 -0.212906
v -0.101753 -0.075386 -0.102203
v -0.101776 -0.390259 -0.170792
v -0.101791 -0.146957 -0.163422
v -0.101814 -0.410797 -0.081741
v -0.101814 -0.481293 0.112541
v -0.101830 -0.414429 -0.279175
v -0.101845 -0.255859 -0.117752
v -0.101852 -0.383453 -0.106750
v -0.101913 -0.319305 -0.130157
v -0.102005 -0.374939 -0.197327
v -0.102043 -0.395355 0.256012
v -0.102058 -0.248474 -0.162750
v -0.102066 -0.089394 -0.038582
v -0.102097 -0.251648 -0.200043
v -0.102097 -0.336731 -0.042027
v -0.102165 0.345032 -0.134827
v -0.102180 0.342621 0.105820
v -0.102219 -0.402618 -0.080978
v -0.102333 -0.466400 -0.157944
v -0.102386 -0.413971 0.038765
v -0.102486 -0.450806 0.081398
v -0.102570 -0.429474 0.075768
v -0.102684 -0.180206 -0.188843
v -0.102699 -0.210999 -0.151749
v -0.102737 -0.458710 -0.056145
v -0.102753 -0.212234 -0.129074
v -0.102760 -0.277954 -0.130325
v -0.102821 -0.126785 -0.138794
v -0.102890 -0.411407 -0.091377
v -0.102913 -0.480713 0.128525
v -0.102928 0.133652 0.154266
v -0.103004 -0.226517 -0.129395
v -0.103035 -0.374878 -0.250397
v -0.103081 -0.322723 -0.155502
v -0.103081 -0.465820 0.160828
v -0.103088 -0.376282 -0.041916
v -0.103111 -0.454956 -0.268616
v -0.103203 -0.081673 -0.085594
v -0.103226 0.021519 -0.040207
v -0.103241 -0.041729 0.029661
v -0.103256 -0.400970 -0.276306
v -0.103294 0.087616 0.128555
v -0.103340 -0.139648 -0.117645
v -0.103485 -0.161865 -0.144867
v -0.103508 0.388214 0.054604
v -0.103516 -0.288971 -0.182404
v -0.103531 -0.273895 -0.089470
v -0.103699 -0.329712 -0.165833
v -0.103706 0.037952 -0.074242
v -0.103714 0.027931 0.037601
v -0.103752 -0.308075 -0.035648
v -0.103821 -0.300568 0.026674
v -0.103958 -0.280670 -0.096420
v -0.104141 -0.442078 0.075394
v -0.104370 0.356415 0.085197
v -0.104401 0.369965 0.070999
v -0.104439 -0.479553 -0.129944
v -0.104515 -0.221436 0.030529
v -0.104530 -0.384705 -0.151001
v -0.104538 0.041126 -0.048443
v -0.104706 -0.078369 -0.092636
v -0.104706 -0.376282 0.031590
v -0.104721 0.385437 0.002872
v -0.104904 -0.333771 0.027554
v -0.105156 -0.263184 -0.101982
v -0.105202 -0.402008 0.177277
v -0.105324 -0.489227 0.012987
v -0.105339 -0.466766 -0.163818
v -0.105469 0.046741 0.109909
v -0.105499 -0.077888 -0.033775
v -0.105522 -0.459900 0.046032
v -0.105537 -0.171417 -0.166489
v -0.105537 -0.452484 -0.100822
v -0.105682 -0.485718 0.195633
v -0.105705 0.067772 0.121437
v -0.105736 0.040817 0.044647
v -0.105782 -0.100609 -0.110252
v -0.105789 0.354309 -0.127411
v -0.105873 -0.079277 0.025841
v -0.105927 -0.485962 0.260803
v -0.105988 0.080345 0.133301
v -0.106064 0.276978 0.152008
v -0.106071 0.390717 0.036587
v -0.106117 0.035076 -0.095070
v -0.106155 -0.403076 -0.092323
v -0.106186 -0.488556 0.190552
v -0.106201 -0.473114 0.103867
v -0.106277 0.375702 -0.078522
v -0.106285 0.389069 -0.034836
v -0.106361 -0.465149 0.264740
v -0.106506 -0.419952 -0.098305
v -0.106667 -0.473785 0.135483
v -0.106758 -0.418335 0.172485
v -0.106812 -0.431763 0.141251
v -0.106880 -0.460938 0.147476
v -0.106949 0.081924 0.113823
v -0.106956 -0.142456 -0.036655
v -0.106987 0.160019 0.164047
v -0.107002 0.049530 0.118706
v -0.107155 0.065994 0.111855
v -0.107185 -0.386597 -0.181854
v -0.107216 0.361145 -0.116875
v -0.107254 -0.156769 0.030653
v -0.107368 -0.442810 0.133530
v -0.107376 -0.152008 -0.159821
v -0.107376 -0.467194 -0.141281
v -0.107513 -0.475800 -0.121315
v -0.107590 -0.283569 -0.032742
v -0.107712 -0.113464 -0.099884
v -0.107712 -0.468597 -0.113373
v -0.107765 0.037819 -0.122833
v -0.107780 -0.078461 -0.022644
v -0.107872 -0.337952 -0.033356
v -0.107887 0.044575 0.137207
v -0.108009 -0.453918 0.154358
v -0.108009 -0.485138 0.179459
v -0.108147 -0.392395 0.109314
v -0.108192 -0.129944 -0.110748
v -0.108208 0.099052 0.137497
v -0.108315 -0.464325 0.104645
v -0.108345 -0.386749 0.214493
v -0.108421 -0.204376 -0.037746
v -0.108498 0.056198 0.133499
v -0.108513 0.244232 0.160049
v -0.108528 0.216568 0.164764
v -0.108597 -0.074867 0.017807
v -0.108688 -0.430542 -0.275635
v -0.108711 -0.473511 0.120033
v -0.108788 -0.409210 -0.167267
v -0.108795 0.388245 -0.015974
v -0.108856 -0.444122 0.149063
v -0.108879 -0.364594 -0.040691
v -0.109009 0.387848 0.017363
v -0.109200 -0.130066 -0.131897
v -0.109200 -0.385681 -0.129929
v -0.109253 -0.394196 -0.159454
v -0.109314 0.086563 0.122383
v -0.109314 -0.116486 -0.034416
v -0.109329 -0.336975 0.019272
v -0.109367 -0.417450 0.152557
v -0.109398 -0.151779 -0.139679
v -0.109421 -0.396820 0.123474
v -0.109444 -0.035511 -0.032276
v -0.109474 0.042152 -0.103134
v -0.109528 -0.420349 0.124367
v -0.109558 -0.389008 -0.267090
v -0.109573 0.364044 0.056908
v -0.109657 -0.456787 0.134064
v -0.109795 -0.357666 -0.036594
v -0.109856 0.380096 0.027891
v -0.109879 -0.433289 0.106750
v -0.109947 -0.410828 -0.173615
v -0.110039 -0.451355 -0.112343
v -0.110268 -0.397552 -0.106415
v -0.110374 -0.136826 -0.129044
v -0.110481 -0.452728 -0.152863
v -0.110695 -0.422974 0.140503
v -0.110703 -0.446198 0.096077
v -0.110863 -0.116508 -0.109703
v -0.110870 -0.488037 0.183777
v -0.111008 0.045021 -0.139038
v -0.111008 0.233322 -0.184998
v -0.111015 -0.433319 0.150726
v -0.111031 -0.352722 0.016729
v -0.111053 -0.406860 0.268280
v -0.111076 0.120705 0.150650
v -0.111191 -0.175003 -0.037300
v -0.111259 -0.404327 -0.101715
v -0.111328 -0.243805 -0.034248
v -0.111443 -0.464539 -0.127670
v -0.111549 -0.474518 -0.266388
v -0.111580 -0.150574 -0.147415
v -0.111603 0.382538 0.006510
v -0.111671 0.341248 0.104942
v -0.111786 0.045078 -0.065704
v -0.111900 -0.096764 0.026611
v -0.112007 -0.415039 0.114487
v -0.112122 0.145401 -0.222046
v -0.112320 -0.410614 0.100159
v -0.112587 -0.454926 -0.142380
v -0.112648 -0.438416 0.088448
v -0.112656 -0.454559 -0.159073
v -0.112694 -0.092827 0.005517
v -0.112816 -0.091820 -0.009833
v -0.112869 -0.401917 0.114342
v -0.112915 -0.358734 -0.023966
v -0.112946 -0.411194 0.134201
v -0.113029 -0.487091 0.188461
v -0.113060 -0.353333 -0.014054
v -0.113075 0.354797 0.080299
v -0.113091 -0.462402 0.162048
v -0.113106 -0.424530 0.102913
v -0.113136 0.364136 -0.063293
v -0.113182 -0.389343 0.197861
v -0.113266 -0.330566 -0.025217
v -0.113312 -0.098969 -0.031860
v -0.113342 0.272217 -0.168381
v -0.113380 -0.430664 -0.104385
v -0.113419 0.088852 0.129639
v -0.113510 -0.416016 0.127686
v -0.113571 0.042179 0.096138
v -0.113640 -0.098167 -0.017273
v -0.113716 -0.396790 -0.140793
v -0.113815 -0.063850 -0.022676
v -0.114174 0.375214 -0.009177
v -0.114220 -0.429657 0.166473
v -0.114288 0.340302 -0.123863
v -0.114304 -0.436188 -0.159180
v -0.114326 -0.011838 0.029165
v -0.114349 -0.416077 -0.161484
v -0.114380 0.115021 -0.222260
v -0.114586 -0.269867 -0.032757
v -0.114647 0.045982 -0.101219
v -0.114655 -0.367737 0.023245
v -0.114738 -0.355988 0.001035
v -0.114845 0.012628 -0.034046
v -0.114990 0.320343 -0.143723
v -0.115044 -0.487946 0.036732
v -0.115097 -0.428986 -0.169769
v -0.115211 -0.416748 -0.043079
v -0.115410 -0.420319 0.273193
v -0.115471 -0.449707 0.157349
v -0.115677 0.367889 0.029928
v -0.115822 -0.309418 0.019611
v -0.115898 -0.442657 -0.160461
v -0.115921 0.369751 0.008801
v -0.116096 -0.403442 -0.180466
v -0.116203 -0.488495 0.193420
v -0.116325 -0.472961 -0.169067
v -0.116371 0.181030 0.165985
v -0.116371 -0.446136 -0.115692
v -0.116425 -0.457520 -0.121269
v -0.116470 -0.459381 -0.134293
v -0.116524 -0.332886 0.013712
v -0.116592 0.012534 0.030891
v -0.116837 0.299286 0.138626
v -0.116852 -0.419525 -0.113289
v -0.116859 0.043873 0.071693
v -0.117035 -0.366760 -0.000254
v -0.117477 -0.078369 -0.014099
v -0.117599 0.045918 0.053936
v -0.117714 -0.482422 0.264923
v -0.117767 -0.414703 -0.128891
v -0.117790 -0.484741 0.180969
v -0.117943 -0.125244 0.023817
v -0.117943 -0.205475 0.027296
v -0.118034 -0.065300 0.014582
v -0.118057 -0.087288 0.002550
v -0.118126 -0.418427 -0.149857
v -0.118256 0.012621 0.013448
v -0.118332 0.012895 -0.030470
v -0.118332 -0.490784 0.024208
v -0.118385 -0.350433 -0.002519
v -0.118408 -0.334961 -0.014594
v -0.118484 0.336975 -0.109482
v -0.118492 0.119484 -0.219406
v -0.118500 -0.478180 -0.181564
v -0.118591 -0.440918 -0.148285
v -0.118668 -0.300659 -0.024828
v -0.118683 0.064201 -0.265900
v -0.118690 -0.011052 -0.029972
v -0.118813 0.010100 -0.021076
v -0.118950 -0.317047 -0.000195
v -0.119003 0.046047 -0.174393
v -0.119026 0.113853 -0.240005
v -0.119110 -0.283905 -0.028044
v -0.119209 -0.283447 0.020918
v -0.119324 0.016705 -0.022629
v -0.119324 0.330078 0.117279
v -0.119408 -0.069946 0.006384
v -0.119423 0.349274 0.094604
v -0.119537 -0.158539 -0.027573
v -0.119614 -0.018887 0.005510
v -0.119644 0.065849 0.110664
v -0.119705 0.018826 0.031258
v -0.119736 0.347046 -0.071991
v -0.120132 0.359192 0.066864
v -0.120201 -0.376373 -0.210449
v -0.120277 -0.055264 -0.011662
v -0.120285 -0.011085 -0.015783
v -0.120338 -0.295166 0.011867
v -0.120445 0.164322 -0.218735
v -0.120514 0.019896 -0.032925
v -0.120514 -0.004202 0.016199
v -0.120583 -0.483307 0.045605
v -0.120605 0.006949 0.020233
v -0.120605 -0.037655 -0.024649
v -0.120605 -0.375061 -0.026604
v -0.120750 -0.433289 0.271271
v -0.120789 0.047684 0.106712
v -0.120789 -0.392395 -0.033634
v -0.120804 -0.477478 0.171997
v -0.120819 0.153214 0.160217
v -0.121056 -0.024113 0.023094
v -0.121178 0.365692 -0.007030
v -0.121292 0.018658 0.002707
v -0.121346 -0.446594 0.165253
v -0.121376 0.005420 -0.029907
v -0.121376 -0.114319 0.000807
v -0.121422 0.212906 -0.194443
v -0.121468 0.006024 0.027256
v -0.121681 0.358582 -0.027918
v -0.121689 -0.450104 -0.128922
v -0.121742 -0.458252 0.163834
v -0.121773 0.083786 0.112656
v -0.121887 -0.487366 0.197266
v -0.121895 0.039165 0.040646
v -0.121979 -0.377106 -0.237152
v -0.122055 0.328033 -0.119514
v -0.122078 -0.438995 -0.127075
v -0.122162 0.113312 -0.264954
v -0.122292 0.005696 -0.023952
v -0.122299 -0.007529 -0.026131
v -0.122421 -0.292511 -0.015129
v -0.122437 0.034775 -0.038383
v -0.122566 -0.437592 0.173706
v -0.122673 -0.483643 -0.053982
v -0.122681 -0.299896 -0.000883
v -0.122864 0.019718 -0.022953
v -0.124023 0.090736 0.128983
v -0.124405 0.309174 -0.141861
v -0.124565 -0.387573 -0.200195
v -0.124802 -0.489777 -0.022730
v -0.124901 0.106766 -0.275085
v -0.124947 -0.405487 0.189621
v -0.125046 0.019981 0.020586
v -0.125168 0.048767 -0.240616
v -0.125168 0.122765 0.149460
v -0.125504 -0.384125 -0.029770
v -0.125534 -0.123863 -0.022541
v -0.125702 -0.397217 0.026323
v -0.125732 0.343201 -0.081970
v -0.125946 -0.180298 -0.029375
v -0.126022 0.353027 0.086250
v -0.126083 -0.417511 0.183380
v -0.126160 -0.242691 0.022367
v -0.126266 -0.375885 -0.222153
v -0.126343 -0.396606 0.199081
v -0.126556 -0.380157 0.008913
v -0.126663 0.297211 -0.153915
v -0.126816 0.195847 0.164841
v -0.126831 -0.384521 0.019846
v -0.126938 -0.270081 -0.025778
v -0.126968 -0.151154 -0.023663
v -0.126984 0.127396 -0.216797
v -0.127075 0.365845 0.035080
v -0.127441 -0.177063 0.020393
v -0.127472 0.100342 -0.279877
v -0.127609 0.046070 -0.220612
v -0.127716 0.165466 0.161804
v -0.127823 0.114151 -0.213058
v -0.128082 -0.274536 0.011770
v -0.128128 -0.285767 -0.011570
v -0.128189 0.232712 0.159912
v -0.128265 -0.490448 0.195847
v -0.128387 -0.232788 -0.028625
v -0.128403 -0.125977 0.014778
v -0.128464 0.147308 -0.217163
v -0.128586 -0.489075 0.188370
v -0.128647 0.366394 0.006073
v -0.128693 0.030447 0.034431
v -0.128708 0.042694 0.097977
v -0.128723 0.104637 0.138657
v -0.128845 -0.415344 -0.185837
v -0.128860 0.272064 0.150055
v -0.129059 -0.257660 0.019707
v -0.129333 -0.161865 0.016466
v -0.129349 -0.486908 0.212860
v -0.129364 0.046432 -0.076988
v -0.129379 0.170975 -0.210403
v -0.129395 -0.467773 -0.164551
v -0.129639 -0.424957 -0.180481
v -0.129654 0.117302 -0.207016
v -0.129868 0.089317 -0.279877
v -0.130005 -0.447540 0.266571
v -0.130096 -0.263763 -0.013210
v -0.130249 -0.449646 -0.161270
v -0.130325 0.045601 -0.051285
v -0.130325 0.203766 -0.198898
v -0.130356 -0.383911 -0.250732
v -0.130402 0.131958 0.151962
v -0.130646 0.355591 0.067810
v -0.130997 0.046471 -0.119675
v -0.131241 -0.431366 0.184479
v -0.131302 -0.395935 0.244263
v -0.131378 -0.238861 -0.025888
v -0.131409 0.077621 -0.277832
v -0.131500 0.176926 0.144684
v -0.131531 -0.169876 -0.017248
v -0.131546 0.124008 -0.209122
v -0.131927 0.021553 -0.028452
v -0.132034 -0.184372 -0.019379
v -0.132172 -0.481873 -0.256256
v -0.132202 -0.449280 0.171875
v -0.132263 0.316498 0.122986
v -0.132477 -0.246109 -0.013541
v -0.132507 -0.393402 0.214462
v -0.132584 0.339844 0.100220
v -0.132675 -0.415649 0.273468
v -0.132736 -0.435974 -0.271790
v -0.132858 -0.385712 -0.008232
v -0.132874 0.110611 0.140869
v -0.133087 0.253174 0.143875
v -0.133163 -0.202850 0.019943
v -0.133194 0.208878 0.139450
v -0.133331 0.242538 -0.178421
v -0.133499 -0.439270 0.180618
v -0.133652 0.135086 -0.202209
v -0.133713 -0.252258 -0.000874
v -0.133789 -0.239655 0.013323
v -0.133972 0.062515 -0.262024
v -0.134018 0.293762 0.134262
v -0.134064 -0.426270 0.276215
v -0.134262 -0.461517 -0.267365
v -0.134293 0.092934 0.126617
v -0.134766 -0.439880 0.273529
v -0.135071 0.136566 0.129379
v -0.135086 0.334564 -0.100182
v -0.135101 -0.489380 0.240036
v -0.135193 0.108925 -0.196548
v -0.135300 -0.429382 -0.172882
v -0.135422 0.086754 0.109756
v -0.135498 0.020926 0.000898
v -0.135529 -0.136185 -0.010397
v -0.135880 0.112312 -0.220795
v -0.135956 -0.458862 0.168121
v -0.136047 0.025000 0.030592
v -0.136230 -0.175323 0.008078
v -0.136383 0.058693 0.109169
v -0.136398 -0.468781 0.170166
v -0.136459 -0.383148 -0.231369
v -0.136627 -0.183792 0.004036
v -0.136780 0.347626 0.083023
v -0.136871 0.344910 -0.055866
v -0.136887 -0.424408 -0.276306
v -0.136948 0.044861 0.046089
v -0.137009 -0.406433 -0.193390
v -0.137131 -0.477112 -0.205948
v -0.137329 0.182938 -0.194885
v -0.137375 -0.176727 -0.009683
v -0.137589 0.335602 0.100121
v -0.137634 -0.402985 0.260803
v -0.137695 0.169739 -0.186462
v -0.137772 -0.139481 0.004118
v -0.137802 0.278015 0.123466
v -0.137817 -0.201401 -0.021784
v -0.138000 -0.150085 -0.014826
v -0.138077 0.109383 -0.267059
v -0.138123 0.313202 -0.124252
v -0.138321 0.112045 -0.250458
v -0.138367 -0.151489 0.010081
v -0.138397 -0.386780 -0.213562
v -0.138428 -0.200333 0.015181
v -0.138458 -0.422485 0.029600
v -0.138580 0.313995 0.098061
v -0.138672 -0.461273 -0.046024
v -0.138824 -0.228104 -0.019833
v -0.138870 -0.487366 0.029778
v -0.138931 0.093025 0.110199
v -0.138947 0.157700 0.111580
v -0.139008 0.201950 -0.190964
v -0.139038 0.244781 0.129044
v -0.139053 -0.207458 -0.003258
v -0.139267 0.051693 0.101288
v -0.139313 0.212158 0.128738
v -0.139328 0.045959 0.091812
v -0.139420 0.184708 0.122673
v -0.139511 0.096169 0.068710
v -0.139557 -0.225510 0.014476
v -0.139816 0.359314 0.026432
v -0.139908 -0.238571 0.005175
v -0.140015 -0.491058 0.199265
v -0.140137 0.089951 -0.278809
v -0.140152 -0.240097 -0.006978
v -0.140305 -0.461914 -0.164093
v -0.140381 -0.167160 0.009027
v -0.140488 -0.158737 -0.003251
v -0.140533 0.241928 -0.176376
v -0.140656 0.045628 0.067131
v -0.140656 0.099228 0.095367
v -0.140656 0.101906 -0.277252
v -0.140732 0.069191 0.108070
v -0.140732 0.092117 0.095505
v -0.140732 -0.438690 -0.164688
v -0.140823 -0.166489 -0.012435
v -0.140915 0.108513 0.103004
v -0.141083 0.103188 -0.177429
v -0.141113 -0.172989 0.000333
v -0.141266 -0.392853 0.014932
v -0.141464 0.109077 -0.207962
v -0.141678 0.082321 0.105553
v -0.141785 0.269257 -0.162491
v -0.141861 0.021421 0.020899
v -0.141861 0.114891 -0.171936
v -0.141907 0.047421 -0.137787
v -0.141953 0.104858 -0.200180
v -0.142059 0.098671 0.050076
v -0.142090 0.345337 0.071648
v -0.142166 -0.444427 0.268829
v -0.142242 0.039448 0.036705
v -0.142487 0.345001 -0.028156
v -0.142517 -0.488068 -0.043304
v -0.142715 -0.483887 0.038219
v -0.142929 -0.393280 -0.019903
v -0.142975 -0.406860 -0.031799
v -0.143021 -0.396912 0.227875
v -0.143097 -0.490021 0.213715
v -0.143387 -0.475433 -0.264984
v -0.143402 0.264282 0.088295
v -0.143509 0.208115 0.100754
v -0.143921 0.022129 -0.026354
v -0.144012 0.284973 -0.151154
v -0.144150 0.205994 0.092972
v -0.144302 0.071999 -0.270050
v -0.144302 0.144318 -0.163239
v -0.144470 0.104279 -0.154419
v -0.144592 0.232025 -0.174744
v -0.144775 0.337219 0.053139
v -0.144836 0.237320 0.085350
v -0.144867 0.254730 -0.158066
v -0.145081 0.354126 0.010824
v -0.145157 0.036533 -0.033825
v -0.145157 -0.415771 -0.192795
v -0.145309 0.104614 0.058231
v -0.145370 0.093674 0.043655
v -0.145508 -0.421814 0.190170
v -0.145554 0.105812 -0.232254
v -0.145599 0.113586 0.072395
v -0.145737 0.051449 0.088036
v -0.145813 0.027706 0.022945
v -0.145859 0.104431 0.070053
v -0.146027 0.021801 -0.007549
v -0.146271 0.083290 0.097435
v -0.146439 0.064125 0.099480
v -0.146469 0.047848 0.043175
v -0.146622 0.049885 -0.102943
v -0.146820 -0.410858 0.197464
v -0.146835 0.166641 0.096680
v -0.146866 -0.471252 -0.172806
v -0.146896 0.050514 0.065697
v -0.146957 0.056435 -0.239349
v -0.147018 0.167114 -0.163818
v -0.147034 0.264923 0.065262
v -0.147202 0.068085 0.083862
v -0.147232 0.231552 -0.155716
v -0.147247 0.088600 0.061321
v -0.147263 -0.436768 0.275208
v -0.147308 0.079727 -0.269379
v -0.147354 0.048004 -0.217407
v -0.147552 0.194519 -0.169662
v -0.147568 0.300354 0.048717
v -0.147751 0.047455 -0.066849
v -0.147949 0.304443 -0.124969
v -0.148178 0.352509 0.033962
v -0.148300 0.178284 0.087242
v -0.148315 0.103561 -0.263916
v -0.148331 0.130844 0.077866
v -0.148407 0.097504 -0.269653
v -0.148483 -0.485840 0.263763
v -0.148499 -0.478058 0.179901
v -0.148560 -0.404938 -0.198425
v -0.148621 -0.490234 0.256958
v -0.148804 0.347748 0.018024
v -0.148895 0.056652 0.046124
v -0.148911 0.047577 -0.190720
v -0.148972 -0.450684 0.173355
v -0.149002 0.277069 0.048145
v -0.149124 0.054813 -0.131363
v -0.149139 0.047031 -0.152939
v -0.149246 0.045700 -0.046055
v -0.149246 0.096329 -0.131653
v -0.149338 0.026142 0.012511
v -0.149429 0.075684 0.045151
v -0.149597 0.039341 0.026825
v -0.150085 0.101646 -0.192245
v -0.150208 0.050510 -0.140518
v -0.150299 -0.409698 0.025434
v -0.150314 0.064178 -0.250244
v -0.150391 0.025541 -0.011605
v -0.150391 0.106438 0.052864
v -0.150497 0.028177 -0.023884
v -0.150986 0.321198 -0.100273
v -0.151077 0.033226 0.006502
v -0.151077 0.099449 -0.156250
v -0.151123 0.073845 -0.129578
v -0.151321 0.069824 -0.110504
v -0.151428 -0.462738 -0.169342
v -0.151535 0.273590 -0.116653
v -0.151581 0.113380 -0.129486
v -0.151611 -0.463501 0.169479
v -0.151642 -0.395355 0.002374
v -0.151718 0.052979 -0.098122
v -0.151718 0.087860 0.035805
v -0.151779 -0.467743 0.034210
v -0.151947 0.212982 -0.147903
v -0.151947 0.285309 0.023016
v -0.151993 0.147491 0.069031
v -0.152054 0.099625 -0.236282
v -0.152161 -0.448425 0.185516
v -0.152176 0.055710 0.002914
v -0.152252 -0.414124 -0.275116
v -0.152313 0.052441 -0.224777
v -0.152313 0.177567 -0.139923
v -0.152390 -0.426727 0.273499
v -0.152435 0.240967 0.078362
v -0.152451 0.339020 -0.046593
v -0.152557 -0.432770 -0.170181
v -0.152603 0.198730 -0.125854
v -0.152695 0.039474 -0.028088
v -0.152817 0.079147 0.021206
v -0.152863 0.076935 -0.228165
v -0.153137 0.098824 0.038490
v -0.153183 0.070412 -0.076729
v -0.153229 0.340271 -0.008291
v -0.153290 0.312592 0.002887
v -0.153458 0.048889 -0.051128
v -0.153656 0.052105 -0.042156
v -0.153824 0.097633 -0.198807
v -0.153885 -0.482880 -0.248215
v -0.153915 0.139343 -0.113907
v -0.153946 0.052025 -0.207947
v -0.153961 0.051311 -0.167068
v -0.153961 0.116982 0.046925
v -0.154068 0.133881 0.051369
v -0.154114 0.333008 -0.073265
v -0.154312 0.077599 -0.000476
v -0.154343 0.231659 -0.104683
v -0.154388 -0.491852 0.211365
v -0.154465 -0.449524 0.269653
v -0.154480 0.067474 -0.026451
v -0.154724 0.333313 -0.035515
v -0.154800 0.066078 -0.135880
v -0.154846 -0.445038 -0.167389
v -0.155060 0.072609 -0.049999
v -0.155197 -0.402130 0.214966
v -0.155365 0.312286 -0.068153
v -0.155396 -0.481720 -0.045425
v -0.155594 0.123741 0.027622
v -0.155655 0.119392 -0.008124
v -0.155670 0.285370 -0.012457
v -0.155685 0.089066 -0.142960
v -0.155716 0.113083 0.007869
v -0.155716 0.324066 -0.024845
v -0.155731 0.055553 -0.146988
v -0.155746 0.170670 -0.090385
v -0.155777 0.074806 -0.169693
v -0.155777 0.086159 0.028130
v -0.155792 0.094940 -0.167038
v -0.156082 0.108429 -0.081772
v -0.156158 0.193726 -0.084465
v -0.156204 0.089081 -0.084007
v -0.156219 0.162094 -0.074821
v -0.156235 0.138153 -0.070702
v -0.156235 -0.488037 0.196884
v -0.156342 0.128265 -0.038158
v -0.156387 0.247910 -0.071037
v -0.156387 -0.422638 -0.184631
v -0.156494 0.222504 -0.082558
v -0.156631 0.110161 -0.036491
v -0.156998 -0.391296 -0.228119
v -0.157013 -0.404510 0.018053
v -0.157028 0.274597 0.041283
v -0.157181 0.263885 -0.059639
v -0.157303 -0.436676 -0.271088
v -0.157379 0.286407 -0.034740
v -0.157455 0.313324 -0.046211
v -0.157578 0.208084 0.083664
v -0.157776 0.097214 0.018055
v -0.157791 0.162354 0.073471
v -0.157822 0.082741 -0.005094
v -0.157867 0.282562 -0.071167
v -0.158249 0.267395 -0.073807
v -0.158325 0.101875 -0.011695
v -0.158478 0.075172 -0.041309
v -0.158615 0.145386 -0.059414
v -0.158737 0.303589 -0.036354
v -0.158890 0.272736 -0.047318
v -0.159073 -0.459045 0.170990
v -0.159149 -0.429626 -0.275421
v -0.159225 -0.414703 -0.197769
v -0.159363 -0.419373 0.268219
v -0.159454 -0.400116 0.236893
v -0.159576 -0.396973 -0.257660
v -0.159637 -0.399109 -0.213364
v -0.159729 0.265930 -0.066025
v -0.160126 0.092361 -0.057377
v -0.160278 -0.469452 0.176529
v -0.160370 0.087227 -0.035049
v -0.160446 -0.406830 -0.270050
v -0.160461 -0.404968 0.253174
v -0.160477 0.182281 0.079514
v -0.160934 0.281525 -0.057484
v -0.161438 -0.469635 0.265656
v -0.161453 0.280670 0.009551
v -0.162201 0.126312 0.019957
v -0.162201 -0.491486 -0.021160
v -0.162308 0.260071 -0.055012
v -0.162460 0.141556 0.050163
v -0.162872 -0.471985 -0.190155
v -0.162994 -0.416473 0.199738
v -0.163254 -0.494019 0.229050
v -0.163269 -0.454468 0.177292
v -0.163315 -0.440155 -0.033409
v -0.163422 0.254639 0.058865
v -0.163437 -0.425232 0.196442
v -0.163528 -0.491241 0.008236
v -0.163803 -0.464050 -0.181427
v -0.163956 0.133163 -0.034966
v -0.164474 -0.447266 0.273132
v -0.164581 0.126663 -0.010629
v -0.164688 -0.484985 -0.039764
v -0.165207 -0.477539 -0.220520
v -0.165482 -0.450378 -0.177902
v -0.165665 -0.399109 0.004983
v -0.165970 -0.433563 0.025829
v -0.166199 0.239090 -0.066940
v -0.166214 -0.409058 -0.024088
v -0.166229 0.164536 -0.066856
v -0.166321 -0.398407 -0.009042
v -0.166748 0.179962 -0.073189
v -0.166824 -0.419525 0.024035
v -0.166840 -0.479584 0.031757
v -0.167267 -0.429901 -0.184586
v -0.167389 -0.418762 -0.195038
v -0.167419 -0.452789 0.267273
v -0.167557 0.269104 -0.033894
v -0.167984 -0.489868 0.248169
v -0.168350 -0.441437 0.197174
v -0.168671 -0.393951 -0.240265
v -0.168701 -0.471832 -0.039429
v -0.168945 -0.434479 0.271271
v -0.169113 -0.425781 -0.033226
v -0.169113 -0.494354 0.215958
v -0.169510 -0.412872 0.209122
v -0.169678 0.148407 -0.049019
v -0.169846 0.232224 0.067421
v -0.169907 -0.451385 0.199356
v -0.169998 0.204819 -0.072891
v -0.170624 -0.485046 0.023279
v -0.170883 0.271759 -0.015718
v -0.170883 -0.417358 -0.205444
v -0.171356 -0.459076 0.193863
v -0.172195 -0.438629 -0.269928
v -0.172226 0.166229 0.060734
v -0.172607 0.258789 0.041420
v -0.173035 -0.444153 0.269104
v -0.173630 -0.478943 -0.257324
v -0.174133 -0.432129 -0.273987
v -0.174606 -0.422333 -0.273193
v -0.174606 -0.478943 -0.038967
v -0.174744 -0.490875 0.211685
v -0.174759 -0.407532 -0.218674
v -0.174881 -0.488251 0.259888
v -0.175095 -0.471344 0.188446
v -0.175400 -0.463379 0.187820
v -0.175674 -0.483215 0.199280
v -0.175720 0.265228 0.021563
v -0.175751 -0.407654 0.225937
v -0.175797 -0.493256 0.227173
v -0.175858 0.142746 0.028746
v -0.175964 -0.469666 -0.265198
v -0.176132 -0.431824 0.202209
v -0.176132 -0.490906 -0.027929
v -0.176300 -0.483124 0.265320
v -0.176727 -0.412781 0.253754
v -0.176758 -0.466400 -0.199753
v -0.177261 -0.456970 -0.266144
v -0.177429 -0.489380 0.240509
v -0.177872 -0.453461 -0.193512
v -0.178482 0.140121 0.004287
v -0.178665 0.218155 0.061852
v -0.178665 -0.458862 0.265411
v -0.178864 0.227325 -0.058327
v -0.179214 0.171555 -0.054882
v -0.179337 -0.423096 -0.200882
v -0.179459 0.189835 0.061478
v -0.179611 -0.482788 -0.033375
v -0.179657 -0.436768 0.024063
v -0.179855 -0.482117 -0.248398
v -0.179993 0.239471 0.049862
v -0.180099 -0.474426 0.265381
v -0.180161 0.262604 0.001354
v -0.180359 -0.472900 -0.215286
v -0.180374 0.244537 -0.043922
v -0.180420 -0.432800 -0.266266
v -0.180603 -0.400513 -0.229874
v -0.180725 -0.488525 0.008581
v -0.180923 -0.423798 0.206161
v -0.180939 -0.403839 -0.002775
v -0.181030 0.151657 -0.030674
v -0.181076 -0.491547 -0.013664
v -0.181168 -0.407745 -0.012581
v -0.181168 -0.479462 -0.236252
v -0.181381 -0.454163 -0.032291
v -0.181656 -0.439484 -0.034454
v -0.181839 -0.479706 0.202896
v -0.182251 -0.423096 0.018246
v -0.182602 -0.423035 -0.211426
v -0.182693 -0.429291 0.262634
v -0.182785 -0.436768 -0.198944
v -0.183075 -0.411499 0.008503
v -0.183105 -0.413422 -0.262390
v -0.183441 -0.421936 -0.025909
v -0.183640 -0.471069 0.204803
v -0.183655 -0.473969 0.024296
v -0.183685 -0.474487 -0.256073
v -0.183716 -0.483826 0.214020
v -0.183731 0.198410 -0.056332
v -0.183899 -0.486969 0.244217
v -0.183929 -0.487213 -0.022404
v -0.184219 -0.403107 -0.249649
v -0.184341 0.250275 -0.026257
v -0.184662 -0.415070 -0.224487
v -0.184906 -0.446930 0.262970
v -0.185135 -0.409882 0.238693
v -0.185425 0.164032 0.036995
v -0.185455 -0.464996 -0.263306
v -0.185455 -0.474365 0.260864
v -0.185638 -0.456360 0.023438
v -0.185684 -0.482300 0.256409
v -0.185883 -0.401306 -0.239441
v -0.186127 -0.420654 0.219131
v -0.186356 -0.482330 0.222900
v -0.186417 -0.466492 -0.030647
v -0.186554 -0.455200 -0.260773
v -0.186768 -0.451477 0.204880
v -0.187378 -0.484619 -0.007605
v -0.187485 -0.425293 -0.258881
v -0.187592 0.205231 0.050274
v -0.187897 -0.477783 0.015287
v -0.187912 -0.426605 -0.218735
v -0.187927 -0.430206 -0.207520
v -0.187927 -0.434814 -0.241882
v -0.187973 -0.419922 -0.247559
v -0.188141 -0.437195 -0.223907
v -0.188217 -0.465393 0.020235
v -0.188354 -0.472595 -0.244476
v -0.188370 -0.446014 -0.245178
v -0.188446 -0.468353 -0.220963
v -0.188492 0.158737 0.019880
v -0.188751 -0.471222 0.004242
v -0.188828 -0.464355 -0.256500
v -0.189072 0.156784 -0.012620
v -0.189087 -0.459259 -0.211075
v -0.189209 -0.411285 -0.005908
v -0.189209 -0.468384 -0.024305
v -0.189316 -0.431671 0.211731
v -0.189362 -0.419708 -0.234436
v -0.189636 0.241135 0.023037
v -0.189682 -0.407257 -0.231812
v -0.189758 -0.413696 -0.250183
v -0.189758 -0.440186 0.255890
v -0.190277 -0.436707 0.002199
v -0.190277 -0.453979 0.012029
v -0.190521 -0.419922 0.247925
v -0.190582 0.186874 0.042610
v -0.190613 -0.438843 -0.011559
v -0.190643 -0.418213 -0.013618
v -0.190811 -0.435150 -0.026051
v -0.191025 -0.446533 -0.226471
v -0.191208 -0.482117 0.224380
v -0.191437 0.224030 -0.036327
v -0.191559 -0.444336 -0.212112
v -0.191772 0.181122 -0.035736
v -0.191788 0.222549 0.037109
v -0.191818 -0.415924 -0.001334
v -0.191956 -0.453064 -0.029732
v -0.192047 -0.449493 0.018887
v -0.192108 -0.472382 0.214874
v -0.192169 -0.409302 -0.240097
v -0.192184 -0.477386 0.229568
v -0.192459 -0.450317 -0.240021
v -0.192627 0.162994 0.002088
v -0.192703 -0.414368 -0.232620
v -0.192902 -0.450745 0.236877
v -0.193436 -0.426361 -0.013317
v -0.193588 -0.446533 -0.221054
v -0.193619 0.238754 -0.007674
v -0.193695 -0.436523 0.010505
v -0.193710 -0.460938 -0.226456
v -0.193863 -0.419067 0.234314
v -0.194046 -0.458862 -0.238800
v -0.194763 0.179489 0.025822
v -0.195145 0.205292 -0.033566
v -0.195175 -0.445068 -0.020794
v -0.195312 -0.450378 0.217422
v -0.195358 0.172333 -0.013616
v -0.195404 -0.427277 0.243607
v -0.195755 -0.427124 0.230850
v -0.196365 0.200455 0.030239
v -0.198303 0.189621 -0.019115
v -0.199203 0.217361 0.009898
v -0.199600 0.212570 -0.013490
v -0.199646 0.190872 0.004636
vt 0.205322 0.399414
vt 0.197266 0.394287
vt 0.214355 0.391846
vt 0.190674 0.396484
vt 0.193848 0.389404
vt 0.206787 0.386475
vt 0.204346 0.379150
vt 0.197998 0.400879
vt 0.194580 0.405273
vt 0.204346 0.409912
vt 0.193604 0.414551
vt 0.184326 0.405762
vt 0.218506 0.424072
vt 0.191406 0.420166
vt 0.212646 0.405518
vt 0.219238 0.413086
vt 0.220215 0.398682
vt 0.228516 0.410889
vt 0.239502 0.421875
vt 0.231934 0.396729
vt 0.242188 0.407959
vt 0.232910 0.391113
vt 0.229004 0.382080
vt 0.247803 0.418945
vt 0.250000 0.426025
vt 0.240967 0.433594
vt 0.258545 0.424316
vt 0.254150 0.418701
vt 0.253906 0.408936
vt 0.262207 0.419678
vt 0.265381 0.431152
vt 0.271973 0.427734
vt 0.255615 0.399170
vt 0.274170 0.413574
vt 0.299561 0.437500
vt 0.253906 0.388184
vt 0.280762 0.425781
vt 0.239258 0.377686
vt 0.300293 0.432373
vt 0.310547 0.422119
vt 0.221191 0.371826
vt 0.200195 0.371094
vt 0.209473 0.365479
vt 0.235840 0.368164
vt 0.252686 0.379639
vt 0.220215 0.358643
vt 0.201660 0.352295
vt 0.216553 0.351318
vt 0.218506 0.344727
vt 0.250000 0.366943
vt 0.247803 0.357666
vt 0.242676 0.345459
vt 0.217773 0.333740
vt 0.237061 0.326660
vt 0.234863 0.313965
vt 0.245850 0.316406
vt 0.254639 0.328857
vt 0.266357 0.352783
vt 0.276855 0.343994
vt 0.300781 0.359863
vt 0.269775 0.362793
vt 0.306885 0.349854
vt 0.321045 0.367920
vt 0.331787 0.356689
vt 0.296143 0.372803
vt 0.277588 0.374756
vt 0.259766 0.376709
vt 0.263184 0.386230
vt 0.275635 0.384277
vt 0.272705 0.395996
vt 0.292480 0.383301
vt 0.292236 0.392578
vt 0.294189 0.403564
vt 0.305420 0.382080
vt 0.303955 0.388184
vt 0.301025 0.396729
vt 0.302979 0.402100
vt 0.310059 0.396973
vt 0.315430 0.392334
vt 0.310547 0.407227
vt 0.322266 0.389160
vt 0.324463 0.400635
vt 0.317871 0.406738
vt 0.317627 0.411865
vt 0.323730 0.408691
vt 0.322998 0.417480
vt 0.330078 0.413574
vt 0.322266 0.426270
vt 0.318359 0.431885
vt 0.326172 0.427490
vt 0.333252 0.403076
vt 0.335938 0.414551
vt 0.316406 0.436768
vt 0.323730 0.436035
vt 0.339600 0.428467
vt 0.323730 0.445068
vt 0.313232 0.444092
vt 0.290527 0.447510
vt 0.333008 0.447754
vt 0.331787 0.453125
vt 0.344482 0.435547
vt 0.338379 0.454346
vt 0.330322 0.457031
vt 0.320557 0.448486
vt 0.331299 0.463623
vt 0.320068 0.457031
vt 0.311768 0.456299
vt 0.298096 0.464600
vt 0.316650 0.464111
vt 0.321777 0.465576
vt 0.307373 0.467529
vt 0.312744 0.478516
vt 0.326172 0.471924
vt 0.329346 0.478271
vt 0.332031 0.468506
vt 0.335693 0.476562
vt 0.340820 0.464111
vt 0.347900 0.443115
vt 0.353516 0.451172
vt 0.358887 0.435303
vt 0.372803 0.421387
vt 0.366211 0.423096
vt 0.360840 0.425781
vt 0.362793 0.418213
vt 0.355957 0.430420
vt 0.352051 0.427002
vt 0.357422 0.421143
vt 0.347900 0.418213
vt 0.352539 0.415771
vt 0.354004 0.405518
vt 0.358887 0.405273
vt 0.348145 0.378906
vt 0.343018 0.412598
vt 0.346924 0.410400
vt 0.346680 0.392822
vt 0.340576 0.403564
vt 0.342529 0.395020
vt 0.334473 0.391846
vt 0.339600 0.379639
vt 0.331787 0.382324
vt 0.337646 0.371338
vt 0.340576 0.364014
vt 0.315430 0.375000
vt 0.679199 0.568359
vt 0.666016 0.557861
vt 0.682861 0.551758
vt 0.672363 0.565430
vt 0.676270 0.574463
vt 0.668213 0.580078
vt 0.683350 0.575928
vt 0.687500 0.557129
vt 0.694824 0.546143
vt 0.692627 0.560547
vt 0.698730 0.570801
vt 0.686523 0.586426
vt 0.708008 0.552002
vt 0.717529 0.567627
vt 0.713379 0.575439
vt 0.702148 0.581299
vt 0.716064 0.585938
vt 0.683350 0.594238
vt 0.701660 0.592285
vt 0.708740 0.596680
vt 0.703369 0.602051
vt 0.686279 0.606201
vt 0.697021 0.609375
vt 0.707764 0.610107
vt 0.671387 0.602539
vt 0.686035 0.617188
vt 0.701904 0.623291
vt 0.694824 0.628418
vt 0.673828 0.614258
vt 0.676514 0.624756
vt 0.695312 0.637451
vt 0.674805 0.634277
vt 0.659668 0.597656
vt 0.661621 0.605225
vt 0.662109 0.612549
vt 0.662109 0.619629
vt 0.653320 0.611328
vt 0.649658 0.602539
vt 0.661865 0.625977
vt 0.647461 0.646484
vt 0.676758 0.662598
vt 0.647217 0.672119
vt 0.639893 0.625244
vt 0.622559 0.652344
vt 0.619873 0.671875
vt 0.607910 0.629883
vt 0.589111 0.655518
vt 0.593262 0.686279
vt 0.642090 0.609375
vt 0.638428 0.597168
vt 0.629150 0.602783
vt 0.646240 0.592285
vt 0.635254 0.588379
vt 0.653076 0.589844
vt 0.644775 0.581787
vt 0.651855 0.568359
vt 0.640137 0.575439
vt 0.651367 0.552490
vt 0.662354 0.545654
vt 0.622070 0.577881
vt 0.672607 0.545410
vt 0.687744 0.540283
vt 0.671143 0.531494
vt 0.650635 0.540283
vt 0.641113 0.553467
vt 0.700439 0.532471
vt 0.629883 0.552979
vt 0.642822 0.539551
vt 0.652344 0.527588
vt 0.635498 0.539795
vt 0.638184 0.534424
vt 0.622559 0.536865
vt 0.627930 0.528809
vt 0.636719 0.519531
vt 0.613037 0.551514
vt 0.614990 0.536133
vt 0.619629 0.523926
vt 0.645020 0.507324
vt 0.627930 0.508301
vt 0.611572 0.523438
vt 0.604248 0.553711
vt 0.614502 0.496826
vt 0.600098 0.539062
vt 0.600586 0.572021
vt 0.592285 0.564453
vt 0.597168 0.583008
vt 0.588867 0.578369
vt 0.614746 0.586670
vt 0.600586 0.589600
vt 0.621826 0.593750
vt 0.614746 0.598389
vt 0.568604 0.587158
vt 0.597168 0.599365
vt 0.568115 0.577148
vt 0.573975 0.551025
vt 0.555176 0.563232
vt 0.579346 0.533691
vt 0.561279 0.535889
vt 0.555664 0.578125
vt 0.551514 0.572510
vt 0.546631 0.577148
vt 0.540527 0.570312
vt 0.547363 0.555908
vt 0.551025 0.584961
vt 0.540039 0.580566
vt 0.555176 0.544678
vt 0.548584 0.540771
vt 0.542236 0.541504
vt 0.556396 0.532959
vt 0.546875 0.532227
vt 0.555420 0.525879
vt 0.562256 0.527344
vt 0.565430 0.526123
vt 0.563232 0.512451
vt 0.558350 0.512939
vt 0.570312 0.502441
vt 0.566406 0.489990
vt 0.571289 0.527100
vt 0.574463 0.520996
vt 0.583496 0.526123
vt 0.592773 0.529053
vt 0.592285 0.517822
vt 0.598389 0.526123
vt 0.604492 0.515869
vt 0.583984 0.509277
vt 0.597168 0.508545
vt 0.587402 0.491699
vt 0.575684 0.488281
vt 0.573975 0.483398
vt 0.581055 0.482422
vt 0.601074 0.493652
vt 0.593506 0.483398
vt 0.580566 0.477051
vt 0.575928 0.477539
vt 0.607422 0.484863
vt 0.623535 0.484863
vt 0.605957 0.478760
vt 0.594238 0.474609
vt 0.610840 0.466309
vt 0.639893 0.491211
vt 0.629883 0.462158
vt 0.614258 0.443115
vt 0.588379 0.465332
vt 0.598145 0.436768
vt 0.607178 0.422363
vt 0.591064 0.440430
vt 0.597900 0.420166
vt 0.585449 0.464111
vt 0.587891 0.435303
vt 0.585938 0.425049
vt 0.573486 0.460938
vt 0.582031 0.464111
vt 0.636963 0.438965
vt 0.632568 0.422607
vt 0.646729 0.449219
vt 0.653320 0.430908
vt 0.659912 0.441162
vt 0.667480 0.421387
vt 0.679443 0.428955
vt 0.657227 0.456787
vt 0.644531 0.466553
vt 0.639648 0.481689
vt 0.651123 0.480713
vt 0.648438 0.487793
vt 0.664795 0.445801
vt 0.679199 0.470215
vt 0.670410 0.451904
vt 0.682617 0.449951
vt 0.698242 0.444336
vt 0.700928 0.418945
vt 0.713379 0.426270
vt 0.714355 0.455078
vt 0.697998 0.469727
vt 0.712646 0.480957
vt 0.692139 0.468018
vt 0.704834 0.486816
vt 0.697021 0.486084
vt 0.672607 0.484131
vt 0.706543 0.492920
vt 0.716797 0.486084
vt 0.689697 0.489990
vt 0.666504 0.489502
vt 0.653320 0.493164
vt 0.681396 0.499512
vt 0.705322 0.502197
vt 0.718506 0.504639
vt 0.712158 0.519531
vt 0.653809 0.500244
vt 0.668945 0.516113
vt 0.686035 0.518799
vt 0.695068 0.513672
vt 0.721436 0.532715
vt 0.707275 0.544678
vt 0.723633 0.541748
vt 0.196777 0.428467
vt 0.202393 0.437744
vt 0.181396 0.431885
vt 0.215088 0.430664
vt 0.227539 0.437744
vt 0.219971 0.463379
vt 0.195312 0.461182
vt 0.260742 0.444336
vt 0.244141 0.456299
vt 0.266602 0.463135
vt 0.288574 0.464844
vt 0.253662 0.477783
vt 0.284424 0.474854
vt 0.211914 0.483154
vt 0.187744 0.476318
vt 0.197510 0.504150
vt 0.230957 0.478760
vt 0.225342 0.507568
vt 0.213867 0.523438
vt 0.230713 0.494141
vt 0.236572 0.528076
vt 0.246582 0.493896
vt 0.244629 0.515137
vt 0.253174 0.505127
vt 0.249512 0.517822
vt 0.246338 0.533447
vt 0.250732 0.524902
vt 0.254639 0.512695
vt 0.257812 0.495605
vt 0.258789 0.500977
vt 0.262207 0.488525
vt 0.255859 0.522217
vt 0.252930 0.531006
vt 0.257080 0.528076
vt 0.259521 0.520264
vt 0.263672 0.524902
vt 0.259277 0.510742
vt 0.267090 0.516602
vt 0.273682 0.522461
vt 0.271484 0.515625
vt 0.265381 0.509521
vt 0.267334 0.507568
vt 0.263672 0.502686
vt 0.262207 0.493164
vt 0.269775 0.489990
vt 0.283203 0.492676
vt 0.267090 0.482178
vt 0.271484 0.484863
vt 0.263428 0.476074
vt 0.271240 0.479736
vt 0.273682 0.475342
vt 0.275879 0.486328
vt 0.281982 0.485352
vt 0.290039 0.480713
vt 0.277588 0.482910
vt 0.274414 0.479004
vt 0.279053 0.480225
vt 0.281006 0.477295
vt 0.289795 0.475830
vt 0.298340 0.474609
vt 0.805664 0.202637
vt 0.821777 0.192871
vt 0.816895 0.209961
vt 0.803955 0.209473
vt 0.809082 0.212891
vt 0.820801 0.215332
vt 0.813477 0.219238
vt 0.821777 0.234375
vt 0.827393 0.215820
vt 0.831787 0.212891
vt 0.839844 0.215576
vt 0.830811 0.189941
vt 0.835449 0.223633
vt 0.827393 0.219727
vt 0.834229 0.227295
vt 0.831055 0.230469
vt 0.838379 0.235107
vt 0.841309 0.230713
vt 0.835693 0.242920
vt 0.831299 0.246582
vt 0.847656 0.238770
vt 0.845459 0.244141
vt 0.839111 0.250488
vt 0.825928 0.252686
vt 0.838135 0.256592
vt 0.848633 0.250488
vt 0.851807 0.255615
vt 0.854736 0.250000
vt 0.854004 0.261230
vt 0.844727 0.262695
vt 0.823242 0.260010
vt 0.853516 0.240234
vt 0.847412 0.267578
vt 0.834473 0.269775
vt 0.840332 0.272461
vt 0.860596 0.261963
vt 0.848877 0.275879
vt 0.845703 0.281006
vt 0.835693 0.279297
vt 0.852539 0.270752
vt 0.853516 0.285889
vt 0.843750 0.297119
vt 0.859375 0.275635
vt 0.855225 0.299561
vt 0.846924 0.302979
vt 0.850342 0.306885
vt 0.858154 0.291260
vt 0.861572 0.303223
vt 0.862305 0.290771
vt 0.864502 0.281982
vt 0.866211 0.293945
vt 0.861572 0.313477
vt 0.854980 0.317139
vt 0.844482 0.312012
vt 0.867188 0.313477
vt 0.858154 0.321777
vt 0.847168 0.323486
vt 0.867432 0.329590
vt 0.855713 0.332275
vt 0.870605 0.309082
vt 0.861328 0.331299
vt 0.848877 0.341064
vt 0.853760 0.338623
vt 0.858643 0.344482
vt 0.862549 0.341064
vt 0.859131 0.352051
vt 0.866699 0.347412
vt 0.866211 0.356689
vt 0.874268 0.349854
vt 0.861328 0.368896
vt 0.870605 0.363037
vt 0.876465 0.359863
vt 0.874512 0.364990
vt 0.866943 0.373779
vt 0.885498 0.361084
vt 0.872314 0.330811
vt 0.885010 0.347900
vt 0.903809 0.365479
vt 0.871826 0.379639
vt 0.883301 0.385254
vt 0.905273 0.360596
vt 0.910156 0.355469
vt 0.875000 0.320312
vt 0.883057 0.327881
vt 0.906738 0.344482
vt 0.931641 0.340820
vt 0.936035 0.352051
vt 0.894287 0.334961
vt 0.912842 0.334717
vt 0.883789 0.317383
vt 0.895264 0.323730
vt 0.877930 0.311035
vt 0.891602 0.302002
vt 0.914307 0.317139
vt 0.927734 0.331299
vt 0.872314 0.297363
vt 0.882812 0.297607
vt 0.925781 0.326416
vt 0.937256 0.322754
vt 0.932617 0.313721
vt 0.923828 0.306885
vt 0.914795 0.299805
vt 0.933105 0.306885
vt 0.927002 0.303223
vt 0.927246 0.293457
vt 0.901367 0.293213
vt 0.912354 0.291260
vt 0.908691 0.278076
vt 0.887207 0.285400
vt 0.876953 0.287354
vt 0.894287 0.269043
vt 0.870117 0.285400
vt 0.879883 0.269287
vt 0.867920 0.272949
vt 0.871094 0.261475
vt 0.865967 0.260498
vt 0.860352 0.250488
vt 0.868164 0.248291
vt 0.860840 0.241943
vt 0.873047 0.254150
vt 0.881592 0.257324
vt 0.895508 0.250488
vt 0.894287 0.259033
vt 0.879395 0.248779
vt 0.910889 0.261719
vt 0.916748 0.251709
vt 0.928711 0.273193
vt 0.926025 0.257324
vt 0.912598 0.240234
vt 0.929688 0.246582
vt 0.936768 0.296143
vt 0.931885 0.264893
vt 0.935547 0.254639
vt 0.935303 0.276123
vt 0.941650 0.307617
vt 0.939697 0.279541
vt 0.938477 0.267090
vt 0.942383 0.268311
vt 0.939941 0.258301
vt 0.943359 0.280518
vt 0.943359 0.259766
vt 0.945557 0.262451
vt 0.950928 0.273193
vt 0.949951 0.254395
vt 0.940674 0.244873
vt 0.943115 0.251465
vt 0.948730 0.246338
vt 0.949951 0.237549
vt 0.935059 0.239258
vt 0.942627 0.233398
vt 0.956787 0.240234
vt 0.955566 0.245361
vt 0.977539 0.232666
vt 0.955811 0.249756
vt 0.954590 0.231689
vt 0.974854 0.239258
vt 0.990234 0.237305
vt 0.982910 0.243896
vt 0.975830 0.227051
vt 0.969727 0.246826
vt 0.984375 0.250244
vt 0.957275 0.253418
vt 0.966797 0.259033
vt 0.983154 0.264160
vt 0.950928 0.260986
vt 0.965088 0.282959
vt 0.994385 0.285645
vt 0.967773 0.303467
vt 0.999756 0.304443
vt 0.987549 0.327148
vt 0.952393 0.304443
vt 0.964600 0.319580
vt 0.972412 0.328613
vt 0.954346 0.321045
vt 0.947510 0.304199
vt 0.963379 0.326416
vt 0.966553 0.330811
vt 0.974121 0.333008
vt 0.947754 0.315674
vt 0.949219 0.322021
vt 0.943604 0.320312
vt 0.954102 0.326416
vt 0.955078 0.330566
vt 0.970215 0.337891
vt 0.947998 0.325439
vt 0.945312 0.327393
vt 0.950195 0.333984
vt 0.955566 0.339111
vt 0.947021 0.338135
vt 0.950195 0.342041
vt 0.948975 0.345703
vt 0.087891 0.494629
vt 0.086670 0.508789
vt 0.074463 0.489990
vt 0.083008 0.479492
vt 0.094238 0.483398
vt 0.098145 0.489746
vt 0.103027 0.478516
vt 0.097900 0.507568
vt 0.108887 0.488037
vt 0.112793 0.473389
vt 0.099365 0.501221
vt 0.119873 0.483887
vt 0.104492 0.498535
vt 0.109375 0.502930
vt 0.105957 0.507568
vt 0.103027 0.509521
vt 0.102295 0.516113
vt 0.096680 0.515381
vt 0.088623 0.516113
vt 0.094727 0.519531
vt 0.088135 0.521484
vt 0.088867 0.524170
vt 0.106201 0.514893
vt 0.113525 0.515625
vt 0.108154 0.519287
vt 0.103516 0.522217
vt 0.099365 0.523682
vt 0.098633 0.526855
vt 0.075928 0.526855
vt 0.089600 0.535400
vt 0.106445 0.525391
vt 0.106445 0.534668
vt 0.109619 0.521973
vt 0.119873 0.520752
vt 0.111084 0.524170
vt 0.110840 0.528320
vt 0.119385 0.526123
vt 0.123535 0.515869
vt 0.114014 0.533691
vt 0.122803 0.509033
vt 0.127930 0.515869
vt 0.132080 0.522217
vt 0.124023 0.494141
vt 0.127441 0.508057
vt 0.130127 0.481934
vt 0.122803 0.464600
vt 0.128662 0.496582
vt 0.132324 0.514404
vt 0.138916 0.496582
vt 0.141113 0.468262
vt 0.131836 0.507324
vt 0.147461 0.480225
vt 0.139648 0.513184
vt 0.141602 0.516846
vt 0.147461 0.507568
vt 0.148926 0.491455
vt 0.152588 0.471924
vt 0.157227 0.481934
vt 0.151367 0.507568
vt 0.155762 0.502197
vt 0.161377 0.488281
vt 0.163330 0.476074
vt 0.160645 0.508789
vt 0.151611 0.514648
vt 0.167725 0.492676
vt 0.172852 0.474121
vt 0.171387 0.470215
vt 0.177002 0.497070
vt 0.176270 0.471436
vt 0.169678 0.508301
vt 0.177490 0.508545
vt 0.161865 0.514893
vt 0.173096 0.514893
vt 0.181885 0.510498
vt 0.157959 0.517578
vt 0.149170 0.523682
vt 0.156250 0.525391
vt 0.135254 0.528320
vt 0.143555 0.542969
vt 0.178955 0.519043
vt 0.129883 0.527100
vt 0.126953 0.544678
vt 0.122314 0.535400
vt 0.186768 0.513672
vt 0.190430 0.511475
vt 0.187500 0.508545
vt 0.196289 0.517822
vt 0.197998 0.534180
vt 0.201904 0.520508
vt 0.202637 0.529785
vt 0.208008 0.543701
vt 0.212402 0.534424
vt 0.216553 0.547607
vt 0.221924 0.543213
vt 0.216553 0.534668
vt 0.225342 0.540771
vt 0.221680 0.535645
vt 0.227051 0.549561
vt 0.222656 0.556152
vt 0.227295 0.560059
vt 0.209717 0.557129
vt 0.214844 0.562988
vt 0.221680 0.567383
vt 0.223145 0.572021
vt 0.231445 0.559326
vt 0.203613 0.554932
vt 0.212646 0.576416
vt 0.217773 0.580566
vt 0.206299 0.574219
vt 0.202393 0.570312
vt 0.197021 0.567627
vt 0.192627 0.584229
vt 0.198242 0.588135
vt 0.195068 0.556152
vt 0.189209 0.577637
vt 0.188965 0.552979
vt 0.180664 0.574463
vt 0.176025 0.602051
vt 0.188965 0.599854
vt 0.198975 0.596436
vt 0.210205 0.590332
vt 0.201660 0.600586
vt 0.211670 0.594482
vt 0.218506 0.588379
vt 0.223145 0.586426
vt 0.229736 0.574707
vt 0.226562 0.593262
vt 0.237549 0.592285
vt 0.220215 0.601074
vt 0.225830 0.609375
vt 0.237305 0.620117
vt 0.232178 0.625732
vt 0.222412 0.611816
vt 0.219727 0.616211
vt 0.216309 0.602539
vt 0.211182 0.605225
vt 0.213867 0.629883
vt 0.217773 0.630371
vt 0.206299 0.606934
vt 0.202881 0.620850
vt 0.196045 0.614258
vt 0.191895 0.629883
vt 0.187988 0.614746
vt 0.187256 0.628906
vt 0.184814 0.625000
vt 0.181152 0.618652
vt 0.174561 0.632080
vt 0.169922 0.623779
vt 0.165527 0.610107
vt 0.164551 0.627686
vt 0.168945 0.592041
vt 0.156250 0.608398
vt 0.157227 0.627441
vt 0.162354 0.594727
vt 0.174561 0.574219
vt 0.182373 0.563477
vt 0.170898 0.571533
vt 0.182373 0.557373
vt 0.185791 0.548340
vt 0.175781 0.559570
vt 0.160156 0.584229
vt 0.188965 0.538818
vt 0.165039 0.557373
vt 0.162598 0.572754
vt 0.183350 0.527832
vt 0.182861 0.536621
vt 0.177734 0.536133
vt 0.172607 0.531982
vt 0.175049 0.542725
vt 0.159912 0.547607
vt 0.156982 0.534180
vt 0.154785 0.569092
vt 0.146729 0.558838
vt 0.147705 0.564697
vt 0.155273 0.581787
vt 0.145996 0.573975
vt 0.141113 0.571777
vt 0.138184 0.558594
vt 0.157959 0.591309
vt 0.146240 0.591309
vt 0.153320 0.599854
vt 0.147949 0.605225
vt 0.153076 0.617676
vt 0.137451 0.597168
vt 0.137451 0.579102
vt 0.144531 0.623535
vt 0.149414 0.634766
vt 0.143311 0.609863
vt 0.138672 0.626953
vt 0.138916 0.613525
vt 0.132568 0.605469
vt 0.134521 0.626465
vt 0.134277 0.637939
vt 0.132324 0.585938
vt 0.126953 0.609863
vt 0.129883 0.562256
vt 0.127441 0.591553
vt 0.131836 0.637695
vt 0.131348 0.627441
vt 0.125244 0.629395
vt 0.125000 0.636719
vt 0.121094 0.625488
vt 0.121094 0.639893
vt 0.116943 0.611816
vt 0.117432 0.604004
vt 0.112061 0.603760
vt 0.123779 0.599365
vt 0.115479 0.597412
vt 0.109131 0.601318
vt 0.115723 0.594482
vt 0.116943 0.590088
vt 0.103516 0.595459
vt 0.107910 0.589111
vt 0.121338 0.580566
vt 0.113281 0.583740
vt 0.104736 0.580078
vt 0.106934 0.568359
vt 0.095703 0.570801
vt 0.115967 0.577393
vt 0.103271 0.556885
vt 0.093994 0.552979
vt 0.109619 0.550537
vt 0.116699 0.562988
vt 0.095947 0.544189
vt 0.105713 0.545410
vt 0.115234 0.542480
vt 0.121094 0.550049
vt 0.122070 0.563477
vt 0.125488 0.575439
vt 0.132812 0.546631
vt 0.690674 0.039795
vt 0.673584 0.033691
vt 0.677002 0.028564
vt 0.684082 0.023438
vt 0.703369 0.018066
vt 0.685059 0.056885
vt 0.700195 0.059814
vt 0.720703 0.028320
vt 0.717041 0.012939
vt 0.728760 0.023193
vt 0.717041 0.051758
vt 0.730469 0.036133
vt 0.716797 0.066406
vt 0.726562 0.056641
vt 0.741699 0.035645
vt 0.741455 0.013428
vt 0.735107 0.058105
vt 0.745361 0.024902
vt 0.754883 0.023926
vt 0.726807 0.077393
vt 0.747559 0.047607
vt 0.742432 0.061768
vt 0.757324 0.055664
vt 0.749512 0.061523
vt 0.741943 0.070068
vt 0.747803 0.068848
vt 0.738770 0.080078
vt 0.755615 0.078369
vt 0.759766 0.075439
vt 0.750244 0.082520
vt 0.762451 0.086914
vt 0.754395 0.094238
vt 0.776367 0.090820
vt 0.775146 0.083984
vt 0.741943 0.094238
vt 0.755371 0.101074
vt 0.731445 0.087158
vt 0.728271 0.089844
vt 0.770996 0.103760
vt 0.766357 0.110840
vt 0.772217 0.116455
vt 0.783447 0.110352
vt 0.719971 0.085449
vt 0.713135 0.087402
vt 0.718018 0.075439
vt 0.709961 0.083496
vt 0.690918 0.084717
vt 0.704102 0.076172
vt 0.688232 0.079346
vt 0.680176 0.083740
vt 0.782471 0.090088
vt 0.785156 0.094482
vt 0.780273 0.081543
vt 0.783936 0.085693
vt 0.788086 0.070557
vt 0.791260 0.076416
vt 0.797607 0.076904
vt 0.795410 0.059570
vt 0.786621 0.058105
vt 0.790283 0.056396
vt 0.795410 0.048340
vt 0.804199 0.049561
vt 0.792969 0.042969
vt 0.803223 0.039307
vt 0.799316 0.029297
vt 0.777588 0.072266
vt 0.789062 0.040283
vt 0.779785 0.051514
vt 0.764893 0.063965
vt 0.763916 0.049316
vt 0.779785 0.036865
vt 0.760986 0.033691
vt 0.776611 0.032471
vt 0.767822 0.033691
vt 0.764893 0.014893
vt 0.768066 0.003662
vt 0.773682 0.019531
vt 0.772217 0.009766
vt 0.781494 0.017822
vt 0.782959 0.028076
vt 0.788330 0.027832
vt 0.798584 0.017334
vt 0.791992 0.007812
vt 0.812256 0.018066
vt 0.866943 0.196533
vt 0.878418 0.193115
vt 0.882812 0.205811
vt 0.896484 0.187744
vt 0.869141 0.186279
vt 0.881836 0.178711
vt 0.876709 0.169434
vt 0.855713 0.182373
vt 0.893066 0.177734
vt 0.899170 0.166748
vt 0.859863 0.195312
vt 0.850830 0.200439
vt 0.859863 0.207275
vt 0.868164 0.208984
vt 0.912109 0.186279
vt 0.921387 0.173096
vt 0.909912 0.157471
vt 0.923096 0.158691
vt 0.927734 0.166260
vt 0.903809 0.199707
vt 0.915039 0.191162
vt 0.923340 0.190674
vt 0.929688 0.190674
vt 0.916504 0.202148
vt 0.901123 0.211914
vt 0.926758 0.202881
vt 0.920166 0.222656
vt 0.880615 0.218506
vt 0.895996 0.230225
vt 0.930420 0.224609
vt 0.865234 0.215332
vt 0.886719 0.236816
vt 0.853516 0.212402
vt 0.863770 0.229492
vt 0.856201 0.225830
vt 0.846924 0.207275
vt 0.839844 0.191650
vt 0.851074 0.224854
vt 0.869629 0.237549
vt 0.847412 0.226318
vt 0.874023 0.242432
vt 0.841064 0.206055
vt 0.835938 0.189697
vt 0.895996 0.243408
vt 0.907715 0.234619
vt 0.923096 0.232178
vt 0.925537 0.237305
vt 0.931396 0.232178
vt 0.933838 0.224609
vt 0.937744 0.235352
vt 0.936768 0.223633
vt 0.933838 0.213379
vt 0.936523 0.208496
vt 0.942627 0.219238
vt 0.947510 0.228516
vt 0.955078 0.225830
vt 0.974121 0.219482
vt 0.986084 0.218506
vt 0.950439 0.212646
vt 0.945312 0.207764
vt 0.961670 0.208252
vt 0.973633 0.212646
vt 0.987793 0.214111
vt 0.971436 0.201904
vt 0.939453 0.197754
vt 0.950439 0.199707
vt 0.951904 0.185547
vt 0.963135 0.185059
vt 0.977783 0.193848
vt 0.974121 0.165039
vt 0.977539 0.166016
vt 0.967285 0.157959
vt 0.950928 0.163086
vt 0.939209 0.175293
vt 0.962646 0.147217
vt 0.975586 0.138916
vt 0.950928 0.150635
vt 0.942139 0.157959
vt 0.937988 0.161377
vt 0.936279 0.185547
vt 0.932129 0.170898
vt 0.931152 0.153076
vt 0.933105 0.190918
vt 0.628906 0.615234
vt 0.622314 0.622314
vt 0.622070 0.606934
vt 0.623779 0.614990
vt 0.614258 0.608398
vt 0.607422 0.602539
vt 0.613525 0.613281
vt 0.620117 0.618164
vt 0.597900 0.610107
vt 0.603516 0.618652
vt 0.604004 0.623779
vt 0.590088 0.619141
vt 0.587158 0.607666
vt 0.573730 0.622070
vt 0.583496 0.608154
vt 0.585449 0.601807
vt 0.563721 0.594482
vt 0.544189 0.596680
vt 0.554443 0.632568
vt 0.564697 0.659912
vt 0.539551 0.657471
vt 0.555176 0.681641
vt 0.577637 0.714600
vt 0.546631 0.700684
vt 0.287598 0.815186
vt 0.280029 0.815186
vt 0.279785 0.806152
vt 0.270020 0.813477
vt 0.288330 0.824463
vt 0.278320 0.822510
vt 0.270752 0.801025
vt 0.269531 0.825684
vt 0.281006 0.795898
vt 0.299561 0.794189
vt 0.294434 0.773193
vt 0.278809 0.780518
vt 0.266602 0.813965
vt 0.268555 0.794434
vt 0.286621 0.760498
vt 0.302734 0.759277
vt 0.272949 0.780273
vt 0.330078 0.750732
vt 0.309082 0.741943
vt 0.300293 0.735107
vt 0.310547 0.731689
vt 0.322754 0.737305
vt 0.291748 0.738037
vt 0.300049 0.722412
vt 0.288574 0.722168
vt 0.276611 0.755127
vt 0.278320 0.718750
vt 0.264160 0.780029
vt 0.255127 0.750732
vt 0.262207 0.794434
vt 0.255859 0.769287
vt 0.252441 0.783447
vt 0.244385 0.772461
vt 0.255859 0.737793
vt 0.269531 0.717529
vt 0.252930 0.795654
vt 0.260010 0.817139
vt 0.260254 0.834717
vt 0.256592 0.727295
vt 0.265137 0.706543
vt 0.246338 0.715576
vt 0.250977 0.732178
vt 0.239014 0.754150
vt 0.236328 0.740967
vt 0.238281 0.727051
vt 0.224121 0.758057
vt 0.225342 0.734863
vt 0.239014 0.710693
vt 0.250244 0.696533
vt 0.229736 0.770996
vt 0.233643 0.778076
vt 0.222168 0.772461
vt 0.213135 0.759277
vt 0.242432 0.780518
vt 0.214355 0.768311
vt 0.219971 0.782715
vt 0.235352 0.786133
vt 0.246582 0.786133
vt 0.241699 0.787598
vt 0.244141 0.793213
vt 0.239502 0.792725
vt 0.245605 0.798828
vt 0.230713 0.792725
vt 0.241455 0.799072
vt 0.248535 0.809326
vt 0.237793 0.799072
vt 0.239014 0.803711
vt 0.251465 0.832031
vt 0.228516 0.797363
vt 0.242432 0.812988
vt 0.221191 0.801514
vt 0.221436 0.794434
vt 0.230225 0.816406
vt 0.242188 0.833008
vt 0.252686 0.850098
vt 0.242188 0.855225
vt 0.225830 0.838867
vt 0.214600 0.821777
vt 0.233887 0.850830
vt 0.210449 0.843262
vt 0.226318 0.862793
vt 0.218506 0.851562
vt 0.200684 0.824707
vt 0.232666 0.874268
vt 0.204102 0.849365
vt 0.215576 0.859619
vt 0.224609 0.877686
vt 0.228027 0.890625
vt 0.212402 0.862549
vt 0.215576 0.875488
vt 0.199951 0.857666
vt 0.214111 0.894043
vt 0.209961 0.878662
vt 0.201660 0.865967
vt 0.198486 0.870850
vt 0.209717 0.885986
vt 0.189697 0.856201
vt 0.193604 0.872314
vt 0.181396 0.856689
vt 0.179443 0.844238
vt 0.186523 0.837402
vt 0.168213 0.834229
vt 0.159912 0.840820
vt 0.172607 0.858398
vt 0.140381 0.831299
vt 0.147217 0.841309
vt 0.145020 0.824707
vt 0.156982 0.853027
vt 0.160889 0.861084
vt 0.177734 0.868164
vt 0.188965 0.874512
vt 0.186523 0.879150
vt 0.200439 0.883057
vt 0.200195 0.892090
vt 0.205811 0.891357
vt 0.161621 0.824219
vt 0.180420 0.826172
vt 0.150879 0.814941
vt 0.131104 0.819092
vt 0.127441 0.807861
vt 0.174805 0.810059
vt 0.144775 0.802246
vt 0.117188 0.797852
vt 0.114014 0.788574
vt 0.191650 0.829590
vt 0.192383 0.815430
vt 0.170654 0.797607
vt 0.147949 0.790039
vt 0.138428 0.780762
vt 0.116943 0.779785
vt 0.162842 0.782715
vt 0.124756 0.764160
vt 0.141357 0.762207
vt 0.134033 0.753906
vt 0.187256 0.805664
vt 0.186768 0.791992
vt 0.194580 0.805420
vt 0.158447 0.768066
vt 0.187500 0.772217
vt 0.170166 0.769775
vt 0.185303 0.760986
vt 0.198975 0.776855
vt 0.198486 0.788086
vt 0.206543 0.769775
vt 0.198242 0.763916
vt 0.198975 0.799316
vt 0.200195 0.748047
vt 0.208496 0.778076
vt 0.203125 0.789307
vt 0.200439 0.805420
vt 0.207275 0.794434
vt 0.212646 0.788818
vt 0.213867 0.799561
vt 0.196289 0.813721
vt 0.210938 0.809570
vt 0.487549 0.286865
vt 0.471191 0.286377
vt 0.476318 0.280029
vt 0.465088 0.282959
vt 0.457520 0.294189
vt 0.452881 0.289062
vt 0.439697 0.298340
vt 0.470215 0.293945
vt 0.442139 0.307129
vt 0.461914 0.301270
vt 0.430664 0.311279
vt 0.436279 0.297119
vt 0.420654 0.312256
vt 0.436279 0.314941
vt 0.421143 0.318848
vt 0.412842 0.307373
vt 0.432861 0.322998
vt 0.449951 0.310303
vt 0.413086 0.312744
vt 0.407227 0.305664
vt 0.397705 0.314941
vt 0.415771 0.322021
vt 0.419434 0.325439
vt 0.406738 0.325684
vt 0.427002 0.331543
vt 0.377441 0.322510
vt 0.356201 0.313965
vt 0.344971 0.323486
vt 0.356689 0.331299
vt 0.418457 0.332031
vt 0.378174 0.328369
vt 0.396973 0.333984
vt 0.370605 0.336670
vt 0.366211 0.343994
vt 0.393066 0.346191
vt 0.420410 0.343750
vt 0.424561 0.338623
vt 0.366943 0.352539
vt 0.360107 0.346680
vt 0.392822 0.351318
vt 0.394531 0.358154
vt 0.419434 0.351318
vt 0.360352 0.363525
vt 0.424316 0.349121
vt 0.429199 0.360352
vt 0.400879 0.370361
vt 0.435547 0.350830
vt 0.364746 0.370605
vt 0.414307 0.367188
vt 0.436035 0.332275
vt 0.447754 0.318604
vt 0.465088 0.309814
vt 0.451416 0.326172
vt 0.468506 0.316406
vt 0.474854 0.304688
vt 0.445068 0.336670
vt 0.461914 0.333496
vt 0.454590 0.350830
vt 0.485352 0.299805
vt 0.481689 0.311523
vt 0.483887 0.322266
vt 0.503418 0.310059
vt 0.505859 0.297607
vt 0.506104 0.288330
vt 0.510742 0.299805
vt 0.504883 0.282715
vt 0.498779 0.271240
vt 0.519775 0.281982
vt 0.515137 0.290527
vt 0.528076 0.290283
vt 0.528076 0.312012
vt 0.533936 0.301514
vt 0.517090 0.306885
vt 0.511719 0.313232
vt 0.518555 0.316650
vt 0.536133 0.329590
vt 0.503662 0.317627
vt 0.544434 0.308350
vt 0.551025 0.331055
vt 0.531250 0.343750
vt 0.523193 0.328125
vt 0.518311 0.330566
vt 0.520996 0.340576
vt 0.512207 0.323486
vt 0.501953 0.341064
vt 0.514648 0.346924
vt 0.524902 0.347168
vt 0.530762 0.349609
vt 0.537354 0.353760
vt 0.522949 0.353027
vt 0.516602 0.350830
vt 0.514893 0.354980
vt 0.509766 0.350830
vt 0.505615 0.354980
vt 0.498047 0.354248
vt 0.488037 0.362793
vt 0.486084 0.351807
vt 0.485596 0.359131
vt 0.472412 0.363770
vt 0.469971 0.369141
vt 0.474854 0.346924
vt 0.484375 0.342285
vt 0.488525 0.328857
vt 0.459229 0.367920
vt 0.462402 0.372070
vt 0.451416 0.377686
vt 0.482910 0.333252
vt 0.475830 0.333984
vt 0.466309 0.354980
vt 0.465820 0.341797
vt 0.469727 0.330566
vt 0.444336 0.371582
vt 0.438232 0.375244
vt 0.443848 0.383057
vt 0.433105 0.377441
vt 0.435303 0.386963
vt 0.442627 0.393555
vt 0.420898 0.381592
vt 0.430420 0.393799
vt 0.391113 0.374756
vt 0.408691 0.385742
vt 0.374512 0.376953
vt 0.356934 0.375244
vt 0.372803 0.389160
vt 0.391846 0.385498
vt 0.392822 0.400146
vt 0.388184 0.411621
vt 0.365723 0.399414
vt 0.381592 0.421387
vt 0.413818 0.399902
vt 0.403320 0.409424
vt 0.401855 0.430664
vt 0.406006 0.419189
vt 0.418457 0.413818
vt 0.429932 0.405518
vt 0.441162 0.410645
vt 0.446289 0.416748
vt 0.434570 0.414795
vt 0.436768 0.429199
vt 0.439453 0.432617
vt 0.436279 0.440674
vt 0.429199 0.426514
vt 0.432373 0.436279
vt 0.433105 0.445557
vt 0.426270 0.438965
vt 0.426758 0.445557
vt 0.416748 0.428955
vt 0.414307 0.439941
vt 0.421875 0.455566
vt 0.416016 0.447021
vt 0.406006 0.442871
vt 0.390625 0.434814
vt 0.374512 0.431396
vt 0.380127 0.440430
vt 0.396729 0.447266
vt 0.409912 0.462646
vt 0.404297 0.455566
vt 0.395996 0.459961
vt 0.401611 0.466797
vt 0.386475 0.447510
vt 0.375977 0.449707
vt 0.374023 0.449951
vt 0.375000 0.455566
vt 0.385742 0.454834
vt 0.390381 0.463623
vt 0.382324 0.467041
vt 0.372803 0.466309
vt 0.361572 0.469727
vt 0.449951 0.404785
vt 0.466309 0.382324
vt 0.467773 0.408691
vt 0.463867 0.418213
vt 0.483887 0.390381
vt 0.477295 0.433105
vt 0.492432 0.412109
vt 0.520020 0.392090
vt 0.497803 0.365723
vt 0.516846 0.359375
vt 0.533447 0.366455
vt 0.554443 0.373047
vt 0.558594 0.398926
vt 0.576416 0.365967
vt 0.584473 0.396729
vt 0.580078 0.423828
vt 0.563232 0.434082
vt 0.527832 0.414062
vt 0.537598 0.439941
vt 0.550293 0.466553
vt 0.503906 0.430908
vt 0.523193 0.460449
vt 0.527832 0.489746
vt 0.495850 0.444824
vt 0.509033 0.472412
vt 0.505615 0.499023
vt 0.523682 0.505859
vt 0.506836 0.512695
vt 0.493896 0.478516
vt 0.491455 0.504639
vt 0.495850 0.467285
vt 0.486328 0.449707
vt 0.488281 0.462891
vt 0.477295 0.446045
vt 0.465820 0.438721
vt 0.476807 0.450439
vt 0.468262 0.458496
vt 0.460205 0.446777
vt 0.482422 0.477783
vt 0.457031 0.453125
vt 0.489014 0.493896
vt 0.477295 0.490967
vt 0.469971 0.475342
vt 0.459717 0.461426
vt 0.459961 0.475342
vt 0.454346 0.463623
vt 0.449707 0.459717
vt 0.467529 0.491455
vt 0.454834 0.481201
vt 0.448242 0.467529
vt 0.459473 0.495361
vt 0.479248 0.506348
vt 0.468994 0.501953
vt 0.496826 0.517334
vt 0.478271 0.517822
vt 0.486816 0.523682
vt 0.494873 0.524658
vt 0.470215 0.512695
vt 0.481934 0.528809
vt 0.485352 0.536133
vt 0.463623 0.515869
vt 0.471924 0.529541
vt 0.479736 0.541260
vt 0.464111 0.530029
vt 0.465820 0.540039
vt 0.449707 0.498291
vt 0.453125 0.512939
vt 0.457275 0.531738
vt 0.461914 0.545166
vt 0.448730 0.531250
vt 0.456055 0.550293
vt 0.442871 0.510010
vt 0.446045 0.544922
vt 0.442383 0.489990
vt 0.436279 0.506592
vt 0.440186 0.525635
vt 0.437012 0.537109
vt 0.443848 0.549561
vt 0.434570 0.544189
vt 0.438232 0.475586
vt 0.436768 0.470459
vt 0.424316 0.486328
vt 0.431152 0.491455
vt 0.430664 0.510986
vt 0.421875 0.497314
vt 0.417725 0.489746
vt 0.432129 0.526855
vt 0.426758 0.534668
vt 0.427734 0.522217
vt 0.424561 0.546387
vt 0.425293 0.558594
vt 0.416748 0.531494
vt 0.423828 0.512695
vt 0.420410 0.525879
vt 0.412109 0.506592
vt 0.407959 0.515869
vt 0.407959 0.495117
vt 0.404053 0.504150
vt 0.400391 0.498535
vt 0.148926 0.056641
vt 0.152832 0.067383
vt 0.142822 0.054199
vt 0.133789 0.043701
vt 0.130859 0.048828
vt 0.143311 0.044434
vt 0.146484 0.066650
vt 0.125732 0.048584
vt 0.141357 0.069092
vt 0.147217 0.078613
vt 0.153076 0.079102
vt 0.158691 0.075439
vt 0.161865 0.072754
vt 0.163574 0.077148
vt 0.158936 0.065674
vt 0.168945 0.071045
vt 0.170898 0.081055
vt 0.155518 0.058838
vt 0.161621 0.061035
vt 0.153076 0.050537
vt 0.160645 0.053955
vt 0.168457 0.061279
vt 0.179688 0.085449
vt 0.174072 0.085449
vt 0.177490 0.068604
vt 0.179199 0.092773
vt 0.156494 0.044189
vt 0.152100 0.032959
vt 0.143066 0.032227
vt 0.158447 0.035645
vt 0.159668 0.016357
vt 0.163818 0.045898
vt 0.167236 0.032471
vt 0.168945 0.021729
vt 0.169678 0.055908
vt 0.173340 0.051270
vt 0.183105 0.067627
vt 0.193359 0.080811
vt 0.187256 0.053223
vt 0.189697 0.086670
vt 0.181396 0.040771
vt 0.192383 0.096436
vt 0.174805 0.025391
vt 0.175293 0.010742
vt 0.188232 0.033447
vt 0.177246 0.016602
vt 0.186035 0.024414
vt 0.183838 0.093018
vt 0.189209 0.100342
vt 0.185791 0.098389
vt 0.181641 0.017822
vt 0.191162 0.018555
vt 0.177734 0.013672
vt 0.180908 0.008789
vt 0.187500 0.013672
vt 0.800049 0.747803
vt 0.817383 0.728760
vt 0.812500 0.743896
vt 0.815918 0.746582
vt 0.821045 0.716309
vt 0.831299 0.710693
vt 0.802002 0.750488
vt 0.806396 0.752930
vt 0.791016 0.739502
vt 0.791260 0.753174
vt 0.806641 0.726318
vt 0.810547 0.714355
vt 0.820801 0.711426
vt 0.825439 0.706055
vt 0.795166 0.729004
vt 0.798340 0.722656
vt 0.777100 0.729980
vt 0.786865 0.725830
vt 0.807617 0.714844
vt 0.819092 0.706787
vt 0.812256 0.709717
vt 0.798096 0.717529
vt 0.804443 0.712158
vt 0.812500 0.703369
vt 0.821533 0.705566
vt 0.804443 0.704102
vt 0.800049 0.710449
vt 0.803467 0.697266
vt 0.808594 0.690186
vt 0.794189 0.685303
vt 0.791992 0.718262
vt 0.796631 0.710205
vt 0.791748 0.713135
vt 0.787598 0.718506
vt 0.799805 0.705811
vt 0.791992 0.708984
vt 0.798828 0.699951
vt 0.787842 0.712646
vt 0.791016 0.699951
vt 0.794922 0.694336
vt 0.785156 0.708252
vt 0.789062 0.697510
vt 0.789551 0.690918
vt 0.782227 0.689209
vt 0.784180 0.704590
vt 0.783691 0.697510
vt 0.773438 0.688721
vt 0.778809 0.715576
vt 0.774902 0.699219
vt 0.767822 0.693359
vt 0.775146 0.709961
vt 0.769775 0.708252
vt 0.768066 0.713135
vt 0.762939 0.691895
vt 0.761719 0.687012
vt 0.756348 0.699219
vt 0.754395 0.684082
vt 0.747803 0.693848
vt 0.755371 0.715576
vt 0.777100 0.722900
vt 0.782227 0.718750
vt 0.742920 0.704346
vt 0.740479 0.683838
vt 0.768311 0.738770
vt 0.733154 0.691406
vt 0.753906 0.725342
vt 0.774902 0.749268
vt 0.739258 0.713867
vt 0.734863 0.704590
vt 0.728027 0.697510
vt 0.729492 0.684570
vt 0.722412 0.691895
vt 0.733887 0.714111
vt 0.727295 0.711914
vt 0.736572 0.724365
vt 0.745850 0.729492
vt 0.732910 0.725586
vt 0.740234 0.735596
vt 0.753906 0.738525
vt 0.748535 0.741943
vt 0.760742 0.748291
vt 0.729492 0.724609
vt 0.721191 0.707520
vt 0.718262 0.691162
vt 0.713379 0.693604
vt 0.716797 0.708740
vt 0.707031 0.700684
vt 0.721680 0.724121
vt 0.717529 0.719971
vt 0.709717 0.717041
vt 0.713623 0.724609
vt 0.728271 0.731201
vt 0.736084 0.736572
vt 0.703369 0.715332
vt 0.698242 0.704590
vt 0.700928 0.699463
vt 0.700684 0.693359
vt 0.694092 0.708984
vt 0.691895 0.698486
vt 0.685791 0.702393
vt 0.702393 0.725098
vt 0.691162 0.716797
vt 0.681396 0.710938
vt 0.720459 0.734375
vt 0.696045 0.729736
vt 0.689453 0.735107
vt 0.710205 0.739746
vt 0.709961 0.747314
vt 0.672363 0.716553
vt 0.676514 0.702881
vt 0.696777 0.757812
vt 0.677979 0.738281
vt 0.667480 0.727783
vt 0.660156 0.708740
vt 0.661377 0.725830
vt 0.652832 0.715576
vt 0.670654 0.741699
vt 0.684814 0.758545
vt 0.665771 0.745117
vt 0.695801 0.765625
vt 0.654541 0.729248
vt 0.678955 0.758301
vt 0.693848 0.771484
vt 0.646729 0.717041
vt 0.712402 0.775391
vt 0.677002 0.763428
vt 0.658691 0.737793
vt 0.662598 0.756592
vt 0.652832 0.743408
vt 0.648193 0.732666
vt 0.639648 0.718262
vt 0.642090 0.707764
vt 0.644531 0.745361
vt 0.637451 0.739746
vt 0.635742 0.730957
vt 0.635986 0.745361
vt 0.634277 0.720703
vt 0.632080 0.714600
vt 0.630859 0.739990
vt 0.627930 0.732666
vt 0.626465 0.721680
vt 0.625732 0.713135
vt 0.614990 0.713623
vt 0.617920 0.725098
vt 0.603027 0.719238
vt 0.624023 0.734131
vt 0.625977 0.738770
vt 0.626221 0.744629
vt 0.619141 0.743164
vt 0.610596 0.736572
vt 0.615967 0.747559
vt 0.609619 0.745605
vt 0.627197 0.748047
vt 0.585693 0.724854
vt 0.585693 0.712891
vt 0.595947 0.744141
vt 0.598633 0.748779
vt 0.619141 0.750488
vt 0.605469 0.750977
vt 0.628662 0.750977
vt 0.607910 0.753906
vt 0.620117 0.753418
vt 0.638428 0.753662
vt 0.631104 0.755859
vt 0.605469 0.758545
vt 0.648193 0.759277
vt 0.636475 0.760986
vt 0.654541 0.758789
vt 0.643555 0.770264
vt 0.651855 0.770752
vt 0.658447 0.770996
vt 0.626221 0.761963
vt 0.616211 0.761719
vt 0.628662 0.769775
vt 0.622559 0.770264
vt 0.607422 0.766602
vt 0.636719 0.772461
vt 0.630371 0.776611
vt 0.621826 0.782471
vt 0.646240 0.788330
vt 0.637695 0.785400
vt 0.631348 0.785889
vt 0.634766 0.799561
vt 0.626953 0.795898
vt 0.620117 0.799072
vt 0.642578 0.793457
vt 0.640625 0.803711
vt 0.629639 0.806396
vt 0.621094 0.806885
vt 0.633057 0.809814
vt 0.639160 0.812744
vt 0.644287 0.808594
vt 0.629150 0.812012
vt 0.634277 0.817383
vt 0.645264 0.814209
vt 0.624756 0.814453
vt 0.642334 0.817383
vt 0.650391 0.814453
vt 0.648193 0.802246
vt 0.643066 0.820068
vt 0.629883 0.819580
vt 0.634521 0.821777
vt 0.619873 0.815674
vt 0.624023 0.822021
vt 0.615234 0.803955
vt 0.611572 0.812500
vt 0.608887 0.798828
vt 0.612305 0.789062
vt 0.602051 0.811523
vt 0.603516 0.771973
vt 0.591797 0.789307
vt 0.590332 0.808105
vt 0.600098 0.819580
vt 0.598145 0.765381
vt 0.586670 0.769775
vt 0.592773 0.764404
vt 0.590088 0.760498
vt 0.580078 0.765137
vt 0.588867 0.755371
vt 0.570312 0.760010
vt 0.570068 0.765381
vt 0.567627 0.767090
vt 0.572754 0.773438
vt 0.552734 0.770508
vt 0.558105 0.763672
vt 0.552734 0.758301
vt 0.565918 0.754395
vt 0.568848 0.788574
vt 0.553711 0.795654
vt 0.572021 0.809082
vt 0.578857 0.805420
vt 0.582764 0.818848
vt 0.565186 0.823730
vt 0.552490 0.823242
vt 0.563232 0.832031
vt 0.589844 0.827148
vt 0.579834 0.832275
vt 0.607666 0.825195
vt 0.603271 0.828613
vt 0.623047 0.825195
vt 0.590576 0.833740
vt 0.567383 0.843018
vt 0.616943 0.829590
vt 0.613770 0.834473
vt 0.629639 0.829834
vt 0.633301 0.825195
vt 0.636230 0.828125
vt 0.639893 0.825195
vt 0.640137 0.832275
vt 0.639404 0.822510
vt 0.644531 0.825439
vt 0.647461 0.821777
vt 0.645752 0.834717
vt 0.650391 0.828125
vt 0.652100 0.818604
vt 0.650635 0.824219
vt 0.656982 0.820557
vt 0.660400 0.816406
vt 0.656494 0.824951
vt 0.655273 0.833496
vt 0.660156 0.824951
vt 0.662598 0.821289
vt 0.663818 0.836182
vt 0.669434 0.817871
vt 0.669678 0.830322
vt 0.655273 0.811279
vt 0.662354 0.811035
vt 0.654785 0.803223
vt 0.672119 0.820312
vt 0.652832 0.793945
vt 0.657471 0.785156
vt 0.664062 0.794434
vt 0.663086 0.779541
vt 0.673828 0.809082
vt 0.672119 0.798828
vt 0.666260 0.774658
vt 0.677002 0.817139
vt 0.681396 0.813721
vt 0.680420 0.822266
vt 0.677490 0.838867
vt 0.680420 0.831055
vt 0.687256 0.832031
vt 0.689209 0.828857
vt 0.691162 0.836670
vt 0.699463 0.836426
vt 0.694824 0.823975
vt 0.711426 0.838379
vt 0.714600 0.826660
vt 0.727539 0.843750
vt 0.690918 0.812012
vt 0.708740 0.817871
vt 0.738770 0.839355
vt 0.743164 0.847900
vt 0.756348 0.847412
vt 0.731201 0.828613
vt 0.720459 0.822998
vt 0.739502 0.825684
vt 0.757080 0.833008
vt 0.759766 0.852051
vt 0.767822 0.853027
vt 0.765625 0.844727
vt 0.774414 0.852539
vt 0.729736 0.818359
vt 0.772705 0.839111
vt 0.781494 0.851318
vt 0.749512 0.821289
vt 0.765869 0.828857
vt 0.779297 0.837402
vt 0.785889 0.850586
vt 0.754883 0.816895
vt 0.769775 0.822266
vt 0.779297 0.827148
vt 0.785156 0.839844
vt 0.785400 0.829102
vt 0.776123 0.818848
vt 0.761719 0.810547
vt 0.737305 0.807617
vt 0.747559 0.800293
vt 0.782715 0.819092
vt 0.793945 0.830811
vt 0.791016 0.817383
vt 0.771240 0.806641
vt 0.783447 0.794922
vt 0.800781 0.806152
vt 0.759277 0.798828
vt 0.792969 0.791992
vt 0.750000 0.789062
vt 0.760986 0.789551
vt 0.779541 0.781006
vt 0.772461 0.783691
vt 0.756836 0.781738
vt 0.753662 0.784180
vt 0.762451 0.779053
vt 0.751709 0.778320
vt 0.758789 0.774170
vt 0.786133 0.777100
vt 0.798828 0.788574
vt 0.797119 0.776123
vt 0.766113 0.769531
vt 0.781494 0.767578
vt 0.794922 0.768066
vt 0.804932 0.772949
vt 0.801514 0.766113
vt 0.799072 0.763428
vt 0.803955 0.763428
vt 0.744141 0.765381
vt 0.803467 0.757324
vt 0.808105 0.757812
vt 0.809082 0.752686
vt 0.798584 0.759766
vt 0.789062 0.759521
vt 0.781494 0.753662
vt 0.776367 0.756592
vt 0.767334 0.759277
vt 0.763428 0.752441
vt 0.755615 0.759033
vt 0.751953 0.748535
vt 0.742920 0.753174
vt 0.741455 0.742432
vt 0.733398 0.742432
vt 0.728760 0.750977
vt 0.726318 0.757812
vt 0.738770 0.769775
vt 0.719971 0.765625
vt 0.738525 0.779297
vt 0.732178 0.788330
vt 0.706787 0.780518
vt 0.731934 0.794678
vt 0.687256 0.779053
vt 0.708984 0.787598
vt 0.720947 0.798340
vt 0.698975 0.793945
vt 0.709961 0.807617
vt 0.696777 0.805908
vt 0.683838 0.794678
vt 0.681396 0.785645
vt 0.669922 0.783447
vt 0.675049 0.772217
vt 0.865723 0.449463
vt 0.860352 0.454346
vt 0.859131 0.438232
vt 0.861328 0.436035
vt 0.854004 0.423828
vt 0.860840 0.419189
vt 0.848389 0.427246
vt 0.849609 0.434326
vt 0.837402 0.428223
vt 0.852051 0.444824
vt 0.838379 0.444580
vt 0.862793 0.470947
vt 0.854004 0.457520
vt 0.856689 0.471680
vt 0.843994 0.453613
vt 0.853516 0.468506
vt 0.848633 0.466309
vt 0.859131 0.475098
vt 0.839844 0.462402
vt 0.851562 0.477295
vt 0.859375 0.487549
vt 0.865479 0.480957
vt 0.854248 0.482910
vt 0.855225 0.495605
vt 0.864258 0.496338
vt 0.847656 0.488525
vt 0.842773 0.477783
vt 0.845459 0.495850
vt 0.856689 0.506592
vt 0.838379 0.474365
vt 0.851562 0.514648
vt 0.832275 0.458740
vt 0.837402 0.487549
vt 0.830811 0.475830
vt 0.838623 0.503174
vt 0.841797 0.517578
vt 0.854980 0.516602
vt 0.845215 0.523438
vt 0.829590 0.488281
vt 0.831299 0.507324
vt 0.817627 0.478027
vt 0.822510 0.490967
vt 0.822510 0.499512
vt 0.810547 0.494873
vt 0.818115 0.511963
vt 0.829834 0.521240
vt 0.834717 0.527588
vt 0.810547 0.518066
vt 0.856445 0.525146
vt 0.851562 0.529297
vt 0.821533 0.525391
vt 0.839355 0.539062
vt 0.853760 0.532471
vt 0.848389 0.539307
vt 0.833984 0.535645
vt 0.840332 0.548584
vt 0.851562 0.544434
vt 0.829102 0.551514
vt 0.818604 0.540527
vt 0.838623 0.558594
vt 0.844971 0.554199
vt 0.855469 0.548584
vt 0.844971 0.562012
vt 0.815430 0.550537
vt 0.834717 0.564453
vt 0.832520 0.561035
vt 0.822754 0.558105
vt 0.826416 0.567383
vt 0.843506 0.567139
vt 0.849854 0.565674
vt 0.835938 0.572021
vt 0.843994 0.574707
vt 0.849854 0.573242
vt 0.836670 0.581299
vt 0.848877 0.580078
vt 0.826904 0.580811
vt 0.840088 0.584473
vt 0.844482 0.586670
vt 0.834229 0.593750
vt 0.832520 0.588135
vt 0.826904 0.593994
vt 0.829346 0.609619
vt 0.841309 0.606445
vt 0.823975 0.598633
vt 0.844971 0.633057
vt 0.819092 0.577393
vt 0.820557 0.606689
vt 0.821045 0.595703
vt 0.816650 0.565186
vt 0.815918 0.575195
vt 0.817139 0.593018
vt 0.810303 0.559082
vt 0.814209 0.556641
vt 0.806885 0.549561
vt 0.812988 0.574219
vt 0.800293 0.562988
vt 0.807373 0.579346
vt 0.809814 0.598633
vt 0.798828 0.591064
vt 0.794922 0.578857
vt 0.794678 0.595947
vt 0.791260 0.593262
vt 0.807129 0.605957
vt 0.800049 0.553955
vt 0.789551 0.567139
vt 0.792725 0.560547
vt 0.786621 0.575684
vt 0.776123 0.557129
vt 0.786621 0.599854
vt 0.786621 0.555420
vt 0.794189 0.546875
vt 0.774170 0.544678
vt 0.795410 0.535156
vt 0.775391 0.529297
vt 0.761475 0.528809
vt 0.808838 0.541260
vt 0.802246 0.530029
vt 0.811035 0.531738
vt 0.810547 0.524658
vt 0.786377 0.518555
vt 0.805176 0.520996
vt 0.791748 0.514893
vt 0.766846 0.516846
vt 0.781494 0.511230
vt 0.796875 0.511963
vt 0.784424 0.501465
vt 0.773193 0.509277
vt 0.800293 0.505371
vt 0.789062 0.492676
vt 0.778564 0.475098
vt 0.797363 0.478027
vt 0.810791 0.480469
vt 0.785889 0.471436
vt 0.808838 0.469482
vt 0.806152 0.458008
vt 0.817627 0.466064
vt 0.816406 0.452637
vt 0.795654 0.447754
vt 0.808594 0.445801
vt 0.821289 0.443359
vt 0.828125 0.435791
vt 0.810059 0.433350
vt 0.820068 0.430664
vt 0.828613 0.423828
vt 0.808350 0.427246
vt 0.790283 0.441406
vt 0.794189 0.433594
vt 0.781982 0.423828
vt 0.782959 0.455811
vt 0.780762 0.441650
vt 0.778564 0.434814
vt 0.758545 0.425049
vt 0.763184 0.437988
vt 0.777100 0.454102
vt 0.774658 0.443359
vt 0.767822 0.456543
vt 0.742188 0.426514
vt 0.772217 0.467285
vt 0.756592 0.455566
vt 0.775879 0.490479
vt 0.763184 0.474365
vt 0.769775 0.487305
vt 0.755859 0.493408
vt 0.769287 0.506836
vt 0.762451 0.511963
vt 0.755371 0.517334
vt 0.748291 0.511230
vt 0.745361 0.524414
vt 0.744873 0.497070
vt 0.736084 0.515381
vt 0.734863 0.507568
vt 0.741455 0.505859
vt 0.737793 0.526855
vt 0.741943 0.547363
vt 0.729736 0.543213
vt 0.736816 0.492676
vt 0.734375 0.499023
vt 0.736816 0.474121
vt 0.730225 0.465088
vt 0.728760 0.478271
vt 0.739014 0.458252
vt 0.724121 0.446289
vt 0.729248 0.434326
vt 0.735352 0.435791
vt 0.731201 0.426025
vt 0.724121 0.420654
vt 0.739990 0.435547
vt 0.748779 0.436035
vt 0.746094 0.449463
vt 0.944580 0.859619
vt 0.943115 0.871094
vt 0.932129 0.859863
vt 0.929932 0.864502
vt 0.921875 0.858643
vt 0.939941 0.880371
vt 0.921875 0.867920
vt 0.924805 0.851562
vt 0.932861 0.847656
vt 0.917236 0.838623
vt 0.928223 0.830811
vt 0.940674 0.835449
vt 0.922607 0.823975
vt 0.958008 0.838867
vt 0.910400 0.831299
vt 0.910156 0.849854
vt 0.908447 0.859863
vt 0.905029 0.841064
vt 0.904785 0.833252
vt 0.900635 0.847412
vt 0.902832 0.826904
vt 0.901123 0.835938
vt 0.895264 0.831299
vt 0.898438 0.840332
vt 0.894531 0.836670
vt 0.893311 0.843994
vt 0.886230 0.834473
vt 0.884766 0.841309
vt 0.889160 0.851318
vt 0.896240 0.853516
vt 0.874512 0.854736
vt 0.881592 0.861328
vt 0.891113 0.864014
vt 0.891113 0.872803
vt 0.874023 0.879639
vt 0.862549 0.847168
vt 0.863770 0.862061
vt 0.864990 0.873047
vt 0.854248 0.867188
vt 0.852295 0.857422
vt 0.850830 0.881348
vt 0.851807 0.836426
vt 0.852051 0.895996
vt 0.837402 0.903076
vt 0.869873 0.833252
vt 0.855957 0.827881
vt 0.847412 0.816650
vt 0.838623 0.813721
vt 0.835449 0.796875
vt 0.824951 0.787842
vt 0.822998 0.770508
vt 0.877197 0.827637
vt 0.864502 0.823486
vt 0.859131 0.812256
vt 0.872803 0.812256
vt 0.890137 0.822998
vt 0.849121 0.803223
vt 0.863770 0.796387
vt 0.894287 0.814697
vt 0.842285 0.787598
vt 0.833008 0.776855
vt 0.822266 0.758545
vt 0.843262 0.779297
vt 0.832764 0.766113
vt 0.825195 0.751465
vt 0.838867 0.758057
vt 0.821533 0.736816
vt 0.831543 0.733154
vt 0.841797 0.746582
vt 0.838867 0.736572
vt 0.852539 0.757568
vt 0.854736 0.776367
vt 0.870850 0.777588
vt 0.876709 0.797852
vt 0.884766 0.790527
vt 0.893311 0.800293
vt 0.907959 0.796387
vt 0.905762 0.811279
vt 0.909180 0.819092
vt 0.916992 0.810547
vt 0.919922 0.817871
vt 0.917480 0.805176
vt 0.923584 0.796631
vt 0.916748 0.787354
vt 0.927734 0.799561
vt 0.928955 0.805664
vt 0.929443 0.790283
vt 0.933350 0.776855
vt 0.952148 0.795410
vt 0.977539 0.787598
vt 0.965820 0.802734
vt 0.945801 0.802979
vt 0.936279 0.813232
vt 0.954834 0.810791
vt 0.943115 0.820068
vt 0.973877 0.813721
vt 0.952148 0.826416
vt 0.964600 0.823486
vt 0.971436 0.822266
vt 0.974854 0.822021
vt 0.976562 0.830078
vt 0.969482 0.836426
vt 0.980225 0.848389
vt 0.964844 0.858398
vt 0.979980 0.865234
vt 0.969238 0.875488
vt 0.959473 0.875977
vt 0.958252 0.882568
vt 0.967773 0.881348
vt 0.952881 0.891357
vt 0.931641 0.882324
vt 0.916260 0.873779
vt 0.937988 0.895508
vt 0.920166 0.887451
vt 0.907227 0.872070
vt 0.924805 0.901367
vt 0.914551 0.889160
vt 0.902344 0.878174
vt 0.910645 0.888184
vt 0.916992 0.901855
vt 0.904053 0.894043
vt 0.912354 0.901611
vt 0.921875 0.906494
vt 0.913818 0.913574
vt 0.907471 0.902832
vt 0.907959 0.913330
vt 0.933838 0.917969
vt 0.917969 0.919922
vt 0.909180 0.921875
vt 0.913574 0.937988
vt 0.927246 0.933838
vt 0.903564 0.929688
vt 0.898438 0.937744
vt 0.890625 0.930908
vt 0.897949 0.922607
vt 0.898682 0.911133
vt 0.882812 0.920898
vt 0.885742 0.937012
vt 0.869385 0.935791
vt 0.895020 0.901611
vt 0.871826 0.921631
vt 0.862061 0.935059
vt 0.882568 0.908447
vt 0.890869 0.894287
vt 0.870361 0.913086
vt 0.887451 0.886963
vt 0.875244 0.887451
vt 0.866455 0.904785
vt 0.858154 0.931396
vt 0.853760 0.923096
vt 0.852051 0.912598
vt 0.836914 0.917236
vt 0.820312 0.923340
vt 0.836426 0.941406
vt 0.825439 0.934570
vt 0.814697 0.941650
vt 0.828613 0.948486
vt 0.815674 0.953125
vt 0.818848 0.958252
vt 0.832275 0.955811
vt 0.828125 0.963135
vt 0.845947 0.941406
vt 0.850342 0.943115
vt 0.845947 0.951660
vt 0.248779 0.157471
vt 0.260010 0.167480
vt 0.243408 0.168701
vt 0.237793 0.156006
vt 0.260254 0.146729
vt 0.233887 0.167969
vt 0.235107 0.171143
vt 0.227295 0.171631
vt 0.230957 0.156006
vt 0.241455 0.142090
vt 0.229248 0.137207
vt 0.269531 0.151123
vt 0.274658 0.165771
vt 0.234863 0.135498
vt 0.220947 0.145020
vt 0.227051 0.126221
vt 0.239258 0.117920
vt 0.250000 0.134033
vt 0.264160 0.139160
vt 0.254150 0.122314
vt 0.253662 0.108643
vt 0.229980 0.119385
vt 0.227783 0.107422
vt 0.223633 0.113770
vt 0.217529 0.124023
vt 0.212158 0.106201
vt 0.200684 0.112793
vt 0.265625 0.126221
vt 0.269531 0.105225
vt 0.279297 0.117676
vt 0.276123 0.137207
vt 0.297363 0.108154
vt 0.289307 0.115479
vt 0.278076 0.144531
vt 0.283691 0.130127
vt 0.289307 0.121582
vt 0.294434 0.111572
vt 0.290039 0.136230
vt 0.283691 0.154053
vt 0.287842 0.173584
vt 0.291504 0.160645
vt 0.292969 0.174805
vt 0.293945 0.123779
vt 0.295410 0.138916
vt 0.299316 0.114990
vt 0.305420 0.109863
vt 0.298584 0.121826
vt 0.308105 0.116943
vt 0.303223 0.130859
vt 0.296143 0.157959
vt 0.300537 0.154785
vt 0.299316 0.175049
vt 0.306641 0.185303
vt 0.219727 0.164307
vt 0.219971 0.178223
vt 0.212158 0.163086
vt 0.209229 0.138428
vt 0.199707 0.148682
vt 0.193604 0.120361
vt 0.184814 0.105469
vt 0.185547 0.180420
vt 0.174805 0.121094
vt 0.163330 0.107910
vt 0.181885 0.136475
vt 0.182861 0.157227
vt 0.170654 0.174561
vt 0.176758 0.189941
vt 0.175293 0.149658
vt 0.160156 0.130859
vt 0.170654 0.166992
vt 0.162598 0.157959
vt 0.167725 0.187500
vt 0.168945 0.200928
vt 0.162598 0.193359
vt 0.166504 0.174072
vt 0.156738 0.177979
vt 0.153564 0.182129
vt 0.144287 0.158203
vt 0.141602 0.162109
vt 0.152100 0.155273
vt 0.138428 0.146240
vt 0.157715 0.139160
vt 0.148682 0.139893
vt 0.141602 0.136719
vt 0.150879 0.132568
vt 0.140137 0.129150
vt 0.148438 0.127930
vt 0.149658 0.121826
vt 0.147705 0.117920
vt 0.151855 0.108398
vt 0.157715 0.097656
vt 0.147705 0.096680
vt 0.137939 0.135254
vt 0.132812 0.130615
vt 0.133057 0.137695
vt 0.152588 0.685791
vt 0.175049 0.691895
vt 0.158203 0.705322
vt 0.168701 0.680908
vt 0.187988 0.707764
vt 0.180908 0.684326
vt 0.174072 0.717285
vt 0.151611 0.718994
vt 0.194092 0.693359
vt 0.176758 0.677979
vt 0.168213 0.672607
vt 0.176270 0.671387
vt 0.191406 0.684326
vt 0.193115 0.678711
vt 0.198975 0.687256
vt 0.199219 0.696777
vt 0.198975 0.679443
vt 0.191895 0.665283
vt 0.174072 0.656250
vt 0.185547 0.653320
vt 0.196045 0.658447
vt 0.187500 0.635498
vt 0.204102 0.692871
vt 0.197510 0.705078
vt 0.208984 0.708984
vt 0.189209 0.718994
vt 0.178955 0.728271
vt 0.199707 0.720459
vt 0.189209 0.733643
vt 0.217529 0.701660
vt 0.224121 0.681885
vt 0.228027 0.699707
vt 0.228271 0.709473
vt 0.237549 0.697998
vt 0.218994 0.720459
vt 0.203369 0.737549
vt 0.183350 0.754883
vt 0.181641 0.744873
vt 0.165771 0.752441
vt 0.176514 0.736084
vt 0.166992 0.743652
vt 0.152100 0.747559
vt 0.168213 0.738037
vt 0.165283 0.730469
vt 0.160400 0.743652
vt 0.155029 0.735352
vt 0.148682 0.725586
vt 0.132080 0.713867
vt 0.139160 0.727783
vt 0.137207 0.723877
vt 0.149170 0.737061
vt 0.145020 0.737793
vt 0.145020 0.742920
vt 0.131592 0.737305
vt 0.134277 0.743408
vt 0.141602 0.750977
vt 0.134766 0.750732
vt 0.048584 0.281494
vt 0.057861 0.281250
vt 0.050049 0.286133
vt 0.067871 0.284912
vt 0.068848 0.272217
vt 0.049316 0.293213
vt 0.067627 0.295410
vt 0.044434 0.302979
vt 0.038086 0.278809
vt 0.031738 0.284180
vt 0.018555 0.285645
vt 0.016357 0.292725
vt 0.004395 0.273682
vt 0.021973 0.274170
vt 0.007080 0.266113
vt 0.001465 0.259277
vt 0.016602 0.262207
vt 0.027588 0.266846
vt 0.009766 0.257812
vt 0.000000 0.256592
vt 0.002441 0.244385
vt 0.021973 0.257324
vt 0.021240 0.249023
vt 0.016357 0.236328
vt 0.013184 0.229492
vt 0.003906 0.230469
vt 0.001709 0.224609
vt 0.021484 0.218018
vt 0.015625 0.211914
vt 0.023193 0.226318
vt 0.028320 0.241943
vt 0.031006 0.254639
vt 0.033936 0.227539
vt 0.034668 0.240967
vt 0.030518 0.259033
vt 0.036865 0.255859
vt 0.034180 0.264893
vt 0.040039 0.275635
vt 0.043945 0.264648
vt 0.062500 0.270264
vt 0.069580 0.267090
vt 0.074951 0.272705
vt 0.059082 0.263428
vt 0.047119 0.259033
vt 0.065430 0.259033
vt 0.074951 0.253906
vt 0.039551 0.252686
vt 0.050537 0.252197
vt 0.063965 0.242676
vt 0.074219 0.246094
vt 0.060303 0.234863
vt 0.057617 0.244873
vt 0.043945 0.231689
vt 0.042480 0.239258
vt 0.047363 0.227051
vt 0.057617 0.221680
vt 0.047363 0.221191
vt 0.051758 0.215332
vt 0.039795 0.224121
vt 0.041504 0.218994
vt 0.033203 0.222900
vt 0.047119 0.213867
vt 0.051758 0.203125
vt 0.062988 0.208252
vt 0.041260 0.209229
vt 0.034424 0.216553
vt 0.031006 0.212158
vt 0.039062 0.200195
vt 0.023193 0.202148
vt 0.007812 0.202393
vt 0.284424 0.842041
vt 0.275635 0.842285
vt 0.276123 0.831299
vt 0.285400 0.831787
vt 0.266602 0.836182
vt 0.266113 0.843750
vt 0.267334 0.853027
vt 0.278320 0.853271
vt 0.273438 0.860107
vt 0.260254 0.855469
vt 0.272461 0.865723
vt 0.257324 0.849854
vt 0.260498 0.860352
vt 0.260498 0.842773
vt 0.249023 0.858887
vt 0.249756 0.868164
vt 0.254883 0.864258
vt 0.264893 0.870117
vt 0.264648 0.832520
vt 0.261475 0.280273
vt 0.273438 0.270996
vt 0.267090 0.282227
vt 0.260010 0.288574
vt 0.249512 0.293213
vt 0.272217 0.283691
vt 0.277588 0.275879
vt 0.250244 0.286133
vt 0.264160 0.272705
vt 0.287598 0.262207
vt 0.285400 0.276123
vt 0.290771 0.268311
vt 0.307129 0.264404
vt 0.292236 0.274902
vt 0.306885 0.266357
vt 0.301270 0.278076
vt 0.279785 0.259033
vt 0.292236 0.247314
vt 0.283936 0.248291
vt 0.277344 0.257324
vt 0.280762 0.240723
vt 0.256104 0.265381
vt 0.270996 0.246826
vt 0.275146 0.222412
vt 0.267090 0.233643
vt 0.260986 0.248779
vt 0.268555 0.209229
vt 0.273438 0.198242
vt 0.259521 0.236572
vt 0.264893 0.185547
vt 0.268799 0.176514
vt 0.265137 0.225830
vt 0.263184 0.198486
vt 0.253174 0.249023
vt 0.259521 0.210938
vt 0.255371 0.222656
vt 0.252686 0.234619
vt 0.254883 0.205078
vt 0.251953 0.223877
vt 0.247803 0.244873
vt 0.246582 0.242432
vt 0.243896 0.250977
vt 0.251953 0.258789
vt 0.243408 0.256836
vt 0.243408 0.268555
vt 0.243896 0.279297
vt 0.239258 0.262695
vt 0.246094 0.290039
vt 0.244873 0.294189
vt 0.242432 0.282959
vt 0.239014 0.275391
vt 0.233887 0.296143
vt 0.235840 0.306396
vt 0.230957 0.286133
vt 0.223389 0.312744
vt 0.235107 0.271729
vt 0.229736 0.282959
vt 0.213379 0.306641
vt 0.217529 0.294678
vt 0.208496 0.322021
vt 0.219971 0.288574
vt 0.209717 0.296875
vt 0.205811 0.316895
vt 0.220703 0.280029
vt 0.208252 0.288330
vt 0.209717 0.304688
vt 0.206787 0.301025
vt 0.224854 0.272217
vt 0.205811 0.310059
vt 0.205811 0.297363
vt 0.203369 0.308105
vt 0.203369 0.301270
vt 0.198242 0.298828
vt 0.200928 0.314209
vt 0.202148 0.304443
vt 0.191406 0.303711
vt 0.190918 0.318359
vt 0.198242 0.323486
vt 0.192871 0.328125
vt 0.174561 0.315186
vt 0.176758 0.304932
vt 0.179932 0.301758
vt 0.172363 0.337891
vt 0.182129 0.295654
vt 0.169678 0.286133
vt 0.179443 0.282715
vt 0.177979 0.278076
vt 0.200439 0.291260
vt 0.189697 0.283447
vt 0.195068 0.280029
vt 0.205566 0.280029
vt 0.189209 0.277344
vt 0.176758 0.275146
vt 0.203125 0.277344
vt 0.215088 0.277588
vt 0.190674 0.271973
vt 0.174561 0.265625
vt 0.189209 0.256592
vt 0.177246 0.254883
vt 0.181396 0.252930
vt 0.218018 0.272705
vt 0.207520 0.273438
vt 0.202637 0.264160
vt 0.190186 0.249512
vt 0.179443 0.246094
vt 0.190430 0.244141
vt 0.198730 0.252197
vt 0.219482 0.259277
vt 0.204346 0.244873
vt 0.180664 0.236816
vt 0.190918 0.241455
vt 0.203369 0.240479
vt 0.197998 0.235596
vt 0.186035 0.227051
vt 0.197266 0.226562
vt 0.211670 0.250000
vt 0.208984 0.238525
vt 0.214844 0.240967
vt 0.208252 0.235107
vt 0.212402 0.231689
vt 0.208984 0.230713
vt 0.205566 0.228516
vt 0.209229 0.226807
vt 0.216064 0.224854
vt 0.199707 0.224609
vt 0.193848 0.218750
vt 0.199951 0.218994
vt 0.210449 0.222168
vt 0.206299 0.218750
vt 0.198242 0.215332
vt 0.205566 0.204834
vt 0.213135 0.218994
vt 0.218262 0.218750
vt 0.216797 0.215088
vt 0.218750 0.206787
vt 0.218262 0.198486
vt 0.220947 0.210693
vt 0.222168 0.202637
vt 0.216797 0.191650
vt 0.223389 0.216553
vt 0.225586 0.197510
vt 0.229248 0.206299
vt 0.223633 0.236328
vt 0.229980 0.214355
vt 0.228271 0.229004
vt 0.242676 0.218750
vt 0.223145 0.249023
vt 0.231201 0.224609
vt 0.230713 0.241455
vt 0.222656 0.250977
vt 0.231445 0.250244
vt 0.234375 0.256348
vt 0.231445 0.258301
vt 0.230225 0.264648
vt 0.234863 0.261475
vt 0.234131 0.264404
vt 0.238281 0.255859
vt 0.236084 0.250244
vt 0.241211 0.248535
vt 0.235107 0.245850
vt 0.239014 0.243896
vt 0.237549 0.233643
vt 0.251465 0.208740
vt 0.236816 0.201172
vt 0.238281 0.190430
vt 0.224609 0.183350
vt 0.250244 0.191895
vt 0.243652 0.178955
vt 0.248535 0.179443
vt 0.256836 0.183594
vt 0.255615 0.173340
vt 0.953613 0.957520
vt 0.944580 0.966797
vt 0.938232 0.964355
vt 0.933350 0.959229
vt 0.922607 0.964600
vt 0.912109 0.961670
vt 0.921387 0.969727
vt 0.907227 0.969727
vt 0.929199 0.974121
vt 0.915771 0.976074
vt 0.938965 0.973633
vt 0.928467 0.978760
vt 0.946533 0.974854
vt 0.952637 0.975342
vt 0.954834 0.970459
vt 0.959717 0.986328
vt 0.965576 0.986816
vt 0.954346 0.988770
vt 0.941406 0.982666
vt 0.942627 0.996826
vt 0.930664 0.989502
vt 0.922607 0.988281
vt 0.922119 0.981689
vt 0.915283 0.986328
vt 0.918945 0.999023
vt 0.906738 0.977051
vt 0.903076 0.991455
vt 0.895020 0.981201
vt 0.889648 1.000000
vt 0.885498 0.989746
vt 0.892090 0.979980
vt 0.899902 0.973877
vt 0.889893 0.978027
vt 0.896973 0.968018
vt 0.900391 0.968994
vt 0.905273 0.967773
vt 0.904297 0.962402
vt 0.902832 0.947998
vt 0.898926 0.957764
vt 0.893066 0.958984
vt 0.893311 0.968750
vt 0.892090 0.941895
vt 0.888428 0.943604
vt 0.889160 0.950684
vt 0.887207 0.958984
vt 0.031006 0.844971
vt 0.033203 0.828125
vt 0.039795 0.827881
vt 0.027832 0.835693
vt 0.039062 0.840576
vt 0.030518 0.814697
vt 0.022461 0.814453
vt 0.035889 0.816406
vt 0.027588 0.791260
vt 0.018066 0.789307
vt 0.031982 0.801514
vt 0.022217 0.774902
vt 0.012207 0.770508
vt 0.020020 0.763672
vt 0.027832 0.777588
vt 0.025635 0.759766
vt 0.033447 0.767334
vt 0.030273 0.789307
vt 0.035889 0.785889
vt 0.035889 0.803467
vt 0.041992 0.812988
vt 0.040283 0.801270
vt 0.039307 0.784912
vt 0.041992 0.774902
vt 0.029297 0.748291
vt 0.046143 0.792236
vt 0.043945 0.763184
vt 0.053467 0.806396
vt 0.051514 0.789062
vt 0.056396 0.774658
vt 0.046387 0.753174
vt 0.057373 0.759277
vt 0.058350 0.783203
vt 0.064697 0.774170
vt 0.065674 0.762695
vt 0.083252 0.770020
vt 0.065918 0.784668
vt 0.069824 0.782715
vt 0.085205 0.787598
vt 0.097656 0.786133
vt 0.076904 0.789307
vt 0.092285 0.796631
vt 0.102051 0.802979
vt 0.077393 0.798584
vt 0.067627 0.797119
vt 0.058105 0.791992
vt 0.065674 0.815186
vt 0.071289 0.809814
vt 0.052734 0.826904
vt 0.047607 0.854248
vt 0.031982 0.868896
vt 0.063232 0.839844
vt 0.070557 0.825195
vt 0.072266 0.846680
vt 0.081299 0.833252
vt 0.077148 0.813232
vt 0.087646 0.820557
vt 0.100586 0.821777
vt 0.099365 0.831543
vt 0.085938 0.811035
vt 0.090820 0.803955
vt 0.097900 0.810303
vt 0.111328 0.826172
vt 0.106934 0.832275
vt 0.115234 0.834961
vt 0.114502 0.822021
vt 0.130615 0.834717
vt 0.122559 0.826660
vt 0.135498 0.827881
vt 0.197266 0.330322
vt 0.191895 0.333496
vt 0.199951 0.330566
vt 0.205566 0.328857
vt 0.193359 0.339111
vt 0.201660 0.334717
vt 0.189697 0.340576
vt 0.182861 0.339844
vt 0.188965 0.344482
vt 0.195557 0.341309
vt 0.184326 0.347168
vt 0.189697 0.348145
vt 0.182617 0.355469
vt 0.171387 0.346191
vt 0.163086 0.351562
vt 0.178223 0.353027
vt 0.174561 0.363037
vt 0.174561 0.353027
vt 0.171387 0.360107
vt 0.168213 0.352783
vt 0.164307 0.355957
vt 0.165527 0.357666
vt 0.166992 0.361328
vt 0.926025 0.413574
vt 0.902100 0.417480
vt 0.903320 0.397705
vt 0.895020 0.403320
vt 0.889893 0.402832
vt 0.883789 0.406982
vt 0.895264 0.390625
vt 0.891113 0.398193
vt 0.891602 0.390137
vt 0.883545 0.392822
vt 0.878418 0.398438
vt 0.885498 0.405273
vt 0.879639 0.405273
vt 0.897461 0.383789
vt 0.902344 0.380371
vt 0.919922 0.383301
vt 0.909180 0.375488
vt 0.924561 0.397461
vt 0.927979 0.379883
vt 0.932617 0.385254
vt 0.923096 0.374756
vt 0.909424 0.369141
vt 0.926514 0.369141
vt 0.933105 0.379883
vt 0.930420 0.403320
vt 0.937256 0.400391
vt 0.934814 0.392090
vt 0.937744 0.413330
vt 0.944092 0.396729
vt 0.941162 0.416016
vt 0.939697 0.379883
vt 0.948486 0.379883
vt 0.931152 0.366455
vt 0.947754 0.375000
vt 0.944824 0.371826
vt 0.018066 0.642090
vt 0.014648 0.634277
vt 0.027100 0.636475
vt 0.031494 0.647461
vt 0.020996 0.652832
vt 0.028564 0.633057
vt 0.012939 0.632080
vt 0.040039 0.641113
vt 0.030762 0.629883
vt 0.025146 0.621094
vt 0.045898 0.632324
vt 0.047119 0.653320
vt 0.035645 0.618652
vt 0.041016 0.608154
vt 0.018555 0.607910
vt 0.041016 0.628906
vt 0.047607 0.618164
vt 0.055908 0.613281
vt 0.053467 0.629395
vt 0.059082 0.622070
vt 0.060791 0.616943
vt 0.062256 0.614502
vt 0.063232 0.622070
vt 0.066162 0.617432
vt 0.063477 0.611816
vt 0.063965 0.625244
vt 0.069092 0.625977
vt 0.064453 0.632812
vt 0.070557 0.612549
vt 0.074463 0.634521
vt 0.057373 0.635010
vt 0.081543 0.628662
vt 0.067627 0.609375
vt 0.068115 0.599365
vt 0.065918 0.599365
vt 0.065186 0.607910
vt 0.062500 0.601074
vt 0.084717 0.646240
vt 0.090820 0.640869
vt 0.094482 0.634277
vt 0.097656 0.637207
vt 0.093506 0.643799
vt 0.104492 0.644287
vt 0.088379 0.652344
vt 0.080811 0.646484
vt 0.072266 0.640625
vt 0.109375 0.665527
vt 0.115479 0.657227
vt 0.108887 0.642334
vt 0.121582 0.659912
vt 0.114502 0.643555
vt 0.120850 0.671387
vt 0.123291 0.656494
vt 0.122559 0.648926
vt 0.128906 0.662109
vt 0.127930 0.650879
vt 0.129883 0.670654
vt 0.137207 0.657959
vt 0.125732 0.671143
vt 0.135742 0.683594
vt 0.136230 0.676270
vt 0.132080 0.688232
vt 0.139648 0.691162
vt 0.143555 0.691895
vt 0.125977 0.687744
vt 0.128418 0.707764
vt 0.125244 0.712402
vt 0.140381 0.673828
vt 0.146973 0.679688
vt 0.148438 0.665771
vt 0.142578 0.657227
vt 0.150146 0.671143
vt 0.154053 0.664795
vt 0.154785 0.671387
vt 0.121582 0.691162
vt 0.111572 0.696045
vt 0.108643 0.721436
vt 0.102051 0.679932
vt 0.096680 0.662842
vt 0.092529 0.666260
vt 0.104492 0.698975
vt 0.100830 0.719238
vt 0.094971 0.684082
vt 0.079834 0.654297
vt 0.096680 0.734863
vt 0.103516 0.739258
vt 0.093750 0.712158
vt 0.090820 0.728516
vt 0.094482 0.697998
vt 0.089111 0.700928
vt 0.086670 0.713623
vt 0.086426 0.686523
vt 0.083984 0.724854
vt 0.076172 0.737305
vt 0.087891 0.741455
vt 0.090088 0.747314
vt 0.080566 0.749268
vt 0.082520 0.761963
vt 0.067627 0.746094
vt 0.091797 0.759277
vt 0.104736 0.744629
vt 0.067139 0.741455
vt 0.078369 0.729004
vt 0.056396 0.722656
vt 0.055420 0.741699
vt 0.073242 0.722412
vt 0.072754 0.708496
vt 0.061523 0.711670
vt 0.086426 0.701416
vt 0.071045 0.696289
vt 0.062012 0.700684
vt 0.059814 0.708008
vt 0.046875 0.719727
vt 0.044678 0.728516
vt 0.052490 0.711182
vt 0.052979 0.700439
vt 0.045898 0.714844
vt 0.041016 0.720947
vt 0.036133 0.708252
vt 0.047119 0.707031
vt 0.044922 0.708984
vt 0.042480 0.703125
vt 0.036865 0.699707
vt 0.027100 0.697510
vt 0.043213 0.700195
vt 0.035645 0.696777
vt 0.028564 0.694580
vt 0.042725 0.694336
vt 0.036377 0.693604
vt 0.031006 0.687744
vt 0.040527 0.691895
vt 0.040283 0.685303
vt 0.044678 0.687744
vt 0.052490 0.687012
vt 0.030273 0.677246
vt 0.019287 0.687012
vt 0.047852 0.687012
vt 0.044922 0.682373
vt 0.041260 0.675049
vt 0.045654 0.677490
vt 0.032227 0.667969
vt 0.018799 0.672119
vt 0.038086 0.667969
vt 0.045410 0.663818
vt 0.028320 0.661865
vt 0.017578 0.661865
vt 0.051514 0.671631
vt 0.056396 0.673340
vt 0.038086 0.656494
vt 0.055664 0.658936
vt 0.053467 0.656738
vt 0.029541 0.654297
vt 0.021484 0.656494
vt 0.053955 0.644775
vt 0.057617 0.640381
vt 0.065918 0.643311
vt 0.063965 0.647705
vt 0.067383 0.645996
vt 0.064209 0.652100
vt 0.071289 0.647949
vt 0.067139 0.654541
vt 0.075195 0.650391
vt 0.057373 0.663574
vt 0.060303 0.664307
vt 0.070801 0.655273
vt 0.067627 0.668945
vt 0.071289 0.659424
vt 0.076904 0.657959
vt 0.081055 0.663818
vt 0.076904 0.660889
vt 0.080078 0.668945
vt 0.084229 0.673584
vt 0.076660 0.682373
vt 0.062744 0.686035
vt 0.059082 0.689209
vt 0.949951 0.906006
vt 0.962891 0.908203
vt 0.939453 0.906006
vt 0.948486 0.920654
vt 0.959473 0.925049
vt 0.970703 0.935059
vt 0.963623 0.941162
vt 0.976074 0.958984
vt 0.948242 0.930908
vt 0.947510 0.943359
vt 0.961914 0.949463
vt 0.967285 0.961182
vt 0.975342 0.965332
vt 0.988037 0.972656
vt 0.980713 0.976318
vt 0.987793 0.978760
vt 1.000000 0.985352
vt 0.991455 0.986816
vt 0.347168 0.014648
vt 0.355469 0.003662
vt 0.364014 0.015625
vt 0.330322 0.008057
vt 0.354736 0.025879
vt 0.368652 0.023193
vt 0.362305 0.035400
vt 0.340820 0.037354
vt 0.343018 0.047363
vt 0.341309 0.025146
vt 0.323486 0.039062
vt 0.321533 0.054688
vt 0.325439 0.028564
vt 0.313477 0.070801
vt 0.306396 0.055908
vt 0.313721 0.041260
vt 0.310547 0.025146
vt 0.299561 0.035156
vt 0.328857 0.018555
vt 0.315186 0.016357
vt 0.295410 0.011963
vt 0.304199 0.000000
vt 0.501465 0.258545
vt 0.516357 0.258057
vt 0.506592 0.268066
vt 0.509766 0.250244
vt 0.528076 0.250000
vt 0.533936 0.261475
vt 0.517822 0.268555
vt 0.529053 0.246094
vt 0.544678 0.251221
vt 0.545654 0.263184
vt 0.541016 0.274902
vt 0.553467 0.272217
vt 0.555664 0.258545
vt 0.564209 0.261719
vt 0.564209 0.274170
vt 0.557129 0.254883
vt 0.552246 0.242432
vt 0.570068 0.260742
vt 0.574219 0.269775
vt 0.562256 0.246338
vt 0.575439 0.247559
vt 0.581787 0.262695
vt 0.572754 0.230469
vt 0.578125 0.281006
vt 0.569336 0.281250
vt 0.563477 0.227295
vt 0.541504 0.233154
vt 0.589111 0.290283
vt 0.583252 0.294189
vt 0.586914 0.282227
vt 0.583740 0.274902
vt 0.595703 0.288574
vt 0.591064 0.298828
vt 0.597168 0.299072
vt 0.598389 0.305176
vt 0.600586 0.306396
vt 0.600342 0.304443
vt 0.602295 0.303223
vt 0.603516 0.309082
vt 0.609131 0.313965
vt 0.604980 0.300781
vt 0.611572 0.306152
vt 0.609863 0.297852
vt 0.616455 0.304932
vt 0.611816 0.291748
vt 0.602295 0.287109
vt 0.596680 0.279785
vt 0.603027 0.277100
vt 0.620361 0.294678
vt 0.589355 0.268555
vt 0.605225 0.272217
vt 0.614258 0.275635
vt 0.587646 0.261719
vt 0.595703 0.256592
vt 0.586182 0.247559
vt 0.605469 0.262695
vt 0.616455 0.268799
vt 0.627441 0.281250
vt 0.629395 0.263428
vt 0.615479 0.253662
vt 0.600098 0.246094
vt 0.591064 0.238281
vt 0.583008 0.222900
vt 0.596191 0.228027
vt 0.626953 0.249756
vt 0.641113 0.263428
vt 0.637939 0.248291
vt 0.592529 0.214111
vt 0.629150 0.224365
vt 0.656006 0.231445
vt 0.646484 0.197754
vt 0.619873 0.238037
vt 0.609863 0.234131
vt 0.617676 0.220703
vt 0.625732 0.192383
vt 0.645020 0.165039
vt 0.621826 0.169434
vt 0.617920 0.201904
vt 0.618408 0.179443
vt 0.616943 0.164551
vt 0.627686 0.154541
vt 0.612305 0.174316
vt 0.604248 0.161377
vt 0.608154 0.199951
vt 0.614014 0.208740
vt 0.614014 0.220459
vt 0.607178 0.211182
vt 0.603760 0.179932
vt 0.600830 0.200684
vt 0.604492 0.217529
vt 0.596680 0.177490
vt 0.596680 0.164307
vt 0.603027 0.226562
vt 0.597900 0.210205
vt 0.593506 0.195068
vt 0.589355 0.174561
vt 0.588867 0.161377
vt 0.587402 0.203125
vt 0.584961 0.167236
vt 0.584229 0.157227
vt 0.578369 0.209229
vt 0.580078 0.189941
vt 0.581787 0.178223
vt 0.576416 0.163086
vt 0.566406 0.154297
vt 0.578613 0.171631
vt 0.573242 0.183105
vt 0.556396 0.174072
vt 0.546143 0.167236
vt 0.528076 0.162598
vt 0.535645 0.153809
vt 0.507812 0.155518
vt 0.526123 0.172607
vt 0.504150 0.166992
vt 0.484375 0.164795
vt 0.481201 0.155273
vt 0.461182 0.163086
vt 0.483154 0.180420
vt 0.504883 0.179199
vt 0.528564 0.186035
vt 0.467773 0.172363
vt 0.454346 0.177734
vt 0.451904 0.160400
vt 0.462158 0.183838
vt 0.472900 0.201660
vt 0.500244 0.190918
vt 0.507324 0.214600
vt 0.484619 0.221191
vt 0.523193 0.205078
vt 0.549805 0.200928
vt 0.530518 0.223633
vt 0.493652 0.219971
vt 0.505615 0.224854
vt 0.489258 0.228027
vt 0.497559 0.224854
vt 0.481934 0.238525
vt 0.507812 0.234619
vt 0.496094 0.240479
vt 0.486816 0.249512
vt 0.476807 0.247559
vt 0.544189 0.220703
vt 0.555176 0.220215
vt 0.546875 0.214355
vt 0.555420 0.215820
vt 0.558105 0.213379
vt 0.567627 0.217773
vt 0.573730 0.197021
vt 0.447754 0.595459
vt 0.430420 0.608398
vt 0.426758 0.598389
vt 0.462891 0.608887
vt 0.472168 0.593262
vt 0.450928 0.590820
vt 0.440186 0.577393
vt 0.446777 0.582520
vt 0.465332 0.586914
vt 0.468506 0.590332
vt 0.457764 0.581299
vt 0.446289 0.577637
vt 0.481201 0.583008
vt 0.468994 0.582031
vt 0.467041 0.577637
vt 0.447021 0.566162
vt 0.483887 0.577881
vt 0.482666 0.586426
vt 0.483154 0.567139
vt 0.467529 0.570557
vt 0.508301 0.571045
vt 0.496338 0.581055
vt 0.498047 0.576660
vt 0.513916 0.572510
vt 0.512207 0.579346
vt 0.525146 0.573486
vt 0.519531 0.581543
vt 0.507080 0.583984
vt 0.524414 0.586182
vt 0.528564 0.574707
vt 0.496094 0.588623
vt 0.518799 0.596436
vt 0.535400 0.585205
vt 0.534912 0.594238
vt 0.526123 0.603271
vt 0.519287 0.611816
vt 0.526367 0.620117
vt 0.488281 0.598633
vt 0.502441 0.598145
vt 0.510742 0.604980
vt 0.518311 0.636230
vt 0.512207 0.613037
vt 0.505615 0.611572
vt 0.513184 0.628418
vt 0.495117 0.610352
vt 0.485352 0.617432
vt 0.496094 0.625000
vt 0.500000 0.619629
vt 0.507324 0.623047
vt 0.477539 0.622070
vt 0.504150 0.631592
vt 0.510742 0.638428
vt 0.514404 0.644531
vt 0.508301 0.642334
vt 0.499756 0.635254
vt 0.483398 0.638916
vt 0.503174 0.656006
vt 0.518311 0.644043
vt 0.524170 0.633301
vt 0.512451 0.653320
vt 0.513672 0.663574
vt 0.520020 0.660645
vt 0.520020 0.674072
vt 0.509766 0.665527
vt 0.507080 0.685059
vt 0.519287 0.684570
vt 0.497559 0.682129
vt 0.482178 0.675049
vt 0.505859 0.706299
vt 0.510010 0.700195
vt 0.516602 0.703125
vt 0.527344 0.698486
vt 0.527100 0.714355
vt 0.510254 0.716797
vt 0.517822 0.720947
vt 0.530518 0.725098
vt 0.507324 0.720703
vt 0.518799 0.732666
vt 0.533203 0.736816
vt 0.511719 0.726562
vt 0.525635 0.744385
vt 0.514648 0.744141
vt 0.510010 0.734863
vt 0.525635 0.758789
vt 0.533447 0.753174
vt 0.541260 0.767578
vt 0.537109 0.773926
vt 0.502197 0.738037
vt 0.547119 0.789795
vt 0.553955 0.782227
vt 0.508545 0.753174
vt 0.520264 0.760498
vt 0.527832 0.771240
vt 0.539795 0.783447
vt 0.549072 0.796875
vt 0.541016 0.787354
vt 0.524170 0.776611
vt 0.539551 0.794922
vt 0.531738 0.797363
vt 0.510254 0.772949
vt 0.517334 0.789551
vt 0.528076 0.799561
vt 0.517334 0.798584
vt 0.520752 0.810059
vt 0.492920 0.800049
vt 0.509766 0.785645
vt 0.491699 0.784180
vt 0.491699 0.777588
vt 0.474854 0.783203
vt 0.455566 0.795654
vt 0.464111 0.809570
vt 0.455322 0.812500
vt 0.442871 0.797119
vt 0.433594 0.802734
vt 0.429443 0.790039
vt 0.414795 0.794434
vt 0.414551 0.778809
vt 0.403320 0.789307
vt 0.433594 0.783691
vt 0.456787 0.783691
vt 0.426758 0.772705
vt 0.439941 0.780029
vt 0.400635 0.767090
vt 0.445557 0.770752
vt 0.474121 0.772461
vt 0.412598 0.753418
vt 0.403076 0.756104
vt 0.402100 0.747559
vt 0.427246 0.757812
vt 0.413818 0.746826
vt 0.404053 0.739502
vt 0.417725 0.738770
vt 0.405762 0.734863
vt 0.449219 0.751709
vt 0.456787 0.761963
vt 0.462891 0.765625
vt 0.480469 0.762207
vt 0.488770 0.757324
vt 0.488281 0.765869
vt 0.502686 0.769531
vt 0.502930 0.760986
vt 0.494873 0.747803
vt 0.488525 0.746582
vt 0.481689 0.745850
vt 0.488281 0.736328
vt 0.457520 0.742432
vt 0.466553 0.736084
vt 0.502197 0.724854
vt 0.482178 0.717285
vt 0.429932 0.737549
vt 0.495850 0.708740
vt 0.484375 0.694336
vt 0.460449 0.706299
vt 0.464844 0.688477
vt 0.460693 0.669189
vt 0.444824 0.723389
vt 0.434570 0.697754
vt 0.426758 0.727539
vt 0.442627 0.666504
vt 0.423096 0.712158
vt 0.415771 0.728516
vt 0.405029 0.718018
vt 0.413574 0.705566
vt 0.406738 0.688232
vt 0.429688 0.690430
vt 0.421387 0.673828
vt 0.418701 0.662109
vt 0.432617 0.659424
vt 0.426270 0.637939
vt 0.440186 0.641357
vt 0.454590 0.634766
vt 0.436035 0.617432
vt 0.428223 0.618408
vt 0.449951 0.622314
vt 0.444824 0.615234
vt 0.458740 0.619629
vt 0.462891 0.649902
vt 0.755859 0.885986
vt 0.771240 0.874512
vt 0.769775 0.896240
vt 0.752930 0.906982
vt 0.781494 0.877441
vt 0.788330 0.856689
vt 0.789307 0.870605
vt 0.798340 0.848389
vt 0.782959 0.889648
vt 0.775879 0.904297
vt 0.767822 0.912109
vt 0.753662 0.919189
vt 0.741699 0.915771
vt 0.769287 0.920654
vt 0.745850 0.924072
vt 0.732666 0.923340
vt 0.764648 0.929199
vt 0.773438 0.921143
vt 0.776367 0.919922
vt 0.735596 0.935791
vt 0.774414 0.929688
vt 0.779053 0.933838
vt 0.747070 0.933350
vt 0.759766 0.934814
vt 0.746094 0.943359
vt 0.736328 0.943115
vt 0.727295 0.937012
vt 0.737793 0.952393
vt 0.769043 0.936768
vt 0.757568 0.947754
vt 0.770020 0.943359
vt 0.788574 0.942139
vt 0.784180 0.950195
vt 0.768799 0.956787
vt 0.791016 0.960205
vt 0.780518 0.966309
vt 0.755615 0.957520
vt 0.746338 0.959717
vt 0.763428 0.966309
vt 0.772705 0.966553
vt 0.782471 0.970703
vt 0.782471 0.973389
vt 0.769775 0.970459
vt 0.771240 0.978760
vt 0.762207 0.973877
vt 0.770264 0.983643
vt 0.748779 0.967773
vt 0.753906 0.972900
vt 0.757080 0.978271
vt 0.749512 0.980469
vt 0.753906 0.986572
vt 0.745605 0.975342
vt 0.739258 0.967041
vt 0.736816 0.958496
vt 0.740234 0.989014
vt 0.753418 0.992676
vt 0.733887 0.979980
vt 0.735840 0.973633
vt 0.722656 0.985596
vt 0.710205 0.995117
vt 0.729980 0.998779
vt 0.716553 0.979736
vt 0.702881 0.978271
vt 0.724854 0.976074
vt 0.720459 0.973633
vt 0.705322 0.972656
vt 0.728027 0.968262
vt 0.717773 0.970215
vt 0.723389 0.962646
vt 0.708252 0.962891
vt 0.706787 0.967773
vt 0.693848 0.971436
vt 0.072754 0.892578
vt 0.076416 0.885498
vt 0.080566 0.892334
vt 0.078857 0.902588
vt 0.084717 0.912354
vt 0.070557 0.900146
vt 0.069580 0.906738
vt 0.059570 0.896484
vt 0.058594 0.887695
vt 0.042725 0.894775
vt 0.056396 0.907471
vt 0.044189 0.900879
vt 0.033936 0.899902
vt 0.038086 0.890381
vt 0.029785 0.890381
vt 0.038086 0.906006
vt 0.031738 0.906982
vt 0.025391 0.893555
vt 0.026855 0.914307
vt 0.021484 0.896484
vt 0.043701 0.911133
vt 0.052246 0.910889
vt 0.059326 0.919434
vt 0.044678 0.926025
vt 0.075928 0.926758
vt 0.034424 0.928223
vt 0.041504 0.933594
vt 0.016846 0.903076
vt 0.014160 0.885986
vt 0.031006 0.929688
vt 0.019287 0.918701
vt 0.044434 0.940674
vt 0.055420 0.942627
vt 0.062012 0.934570
vt 0.073486 0.932617
vt 0.036621 0.946045
vt 0.057373 0.952393
vt 0.071289 0.951172
vt 0.085938 0.947998
vt 0.083008 0.940918
vt 0.065918 0.958252
vt 0.046143 0.955811
vt 0.025391 0.938721
vt 0.032471 0.952148
vt 0.047363 0.959229
vt 0.020996 0.946289
vt 0.026855 0.954102
vt 0.015869 0.932129
vt 0.012451 0.939453
vt 0.010254 0.928223
vt 0.016846 0.950928
vt 0.011230 0.910645
vt 0.008057 0.912354
vt 0.008301 0.904297
vt 0.004150 0.895020
vt 0.024414 0.960449
vt 0.007324 0.965332
vt 0.010986 0.972656
vt 0.046875 0.970215
vt 0.027588 0.968994
vt 0.017822 0.976074
vt 0.008789 0.983398
vt 0.025879 0.974365
vt 0.014893 0.984619
vt 0.005127 0.994141
vt 0.011475 0.991943
vt 0.016846 0.987549
vt 0.027832 0.979492
vt 0.041016 0.978027
vt 0.034668 0.988281
vt 0.023926 0.995117
vt 0.047363 0.984375
vt 0.043213 0.991211
vt 0.056885 0.989258
vt 0.054932 0.980957
vt 0.067627 0.989014
vt 0.075684 0.995361
vt 0.076904 0.989502
vt 0.080811 1.000000
vt 0.070068 0.972656
vt 0.075684 0.964600
vt 0.091064 0.977783
vt 0.095215 0.988525
vt 0.097168 0.997070
vt 0.099854 0.968018
vt 0.088379 0.963135
vt 0.096680 0.960449
vt 0.096680 0.939453
vt 0.097412 0.946533
vt 0.090088 0.942139
vt 0.090820 0.937256
vt 0.099121 0.932617
vt 0.092041 0.925781
vt 0.098633 0.920898
vt 0.097900 0.908691
vt 0.093750 0.906494
vt 0.107178 0.907227
vt 0.093018 0.897705
vt 0.101318 0.898438
vt 0.087891 0.888916
vt 0.098877 0.890869
vt 0.100342 0.883301
vt 0.174072 0.409180
vt 0.168701 0.405273
vt 0.180420 0.400146
vt 0.176514 0.397705
vt 0.167725 0.397949
vt 0.173584 0.394531
vt 0.160400 0.387939
vt 0.176270 0.382080
vt 0.158447 0.400391
vt 0.165771 0.411377
vt 0.158691 0.392578
vt 0.150879 0.381348
vt 0.153564 0.372070
vt 0.174316 0.374268
vt 0.163330 0.367920
vt 0.147461 0.385986
vt 0.138428 0.378662
vt 0.151855 0.367188
vt 0.156250 0.362061
vt 0.142334 0.368408
vt 0.134521 0.359863
vt 0.156494 0.354248
vt 0.121338 0.363037
vt 0.126709 0.351807
vt 0.148926 0.351562
vt 0.157959 0.343018
vt 0.141846 0.345215
vt 0.132812 0.349121
vt 0.131104 0.342285
vt 0.142578 0.328857
vt 0.130127 0.329346
vt 0.138916 0.313721
vt 0.128418 0.308350
vt 0.123535 0.339111
vt 0.122314 0.331055
vt 0.116943 0.322021
vt 0.119385 0.339600
vt 0.121826 0.340820
vt 0.121338 0.345459
vt 0.105469 0.304932
vt 0.116943 0.298096
vt 0.121094 0.350586
vt 0.120850 0.357422
vt 0.118164 0.348877
vt 0.114502 0.354492
vt 0.111572 0.344482
vt 0.108643 0.335449
vt 0.114990 0.359619
vt 0.095947 0.325928
vt 0.095215 0.282715
vt 0.103027 0.278320
vt 0.078613 0.289307
vt 0.079590 0.309814
vt 0.086914 0.340576
vt 0.099854 0.344238
vt 0.067139 0.328613
vt 0.066895 0.302490
vt 0.085205 0.351807
vt 0.102539 0.354248
vt 0.053711 0.322754
vt 0.050293 0.339355
vt 0.041260 0.339355
vt 0.044434 0.347656
vt 0.058838 0.355469
vt 0.051514 0.360596
vt 0.104492 0.360840
vt 0.091309 0.358398
vt 0.077148 0.361084
vt 0.061035 0.365967
vt 0.056885 0.371826
vt 0.052246 0.367188
vt 0.064453 0.370605
vt 0.066895 0.379639
vt 0.076660 0.368164
vt 0.091553 0.365967
vt 0.104004 0.378174
vt 0.116211 0.368652
vt 0.120605 0.375488
vt 0.114746 0.388184
vt 0.083252 0.406006
vt 0.125000 0.382080
vt 0.107666 0.406738
vt 0.118408 0.389893
vt 0.137207 0.384521
vt 0.138428 0.391602
vt 0.117920 0.408936
vt 0.125244 0.395020
vt 0.144287 0.401611
vt 0.151367 0.412109
vt 0.134521 0.413818
vt 0.122314 0.407227
vt 0.162842 0.416992
vt 0.149414 0.420410
vt 0.132568 0.421387
vt 0.159180 0.421875
vt 0.144043 0.427002
vt 0.169434 0.421875
vt 0.169922 0.415771
vt 0.182617 0.423828
vt 0.184082 0.415771
vt 0.132812 0.430420
vt 0.135986 0.434570
vt 0.125488 0.423340
vt 0.130859 0.434326
vt 0.128418 0.444092
vt 0.122559 0.439209
vt 0.122559 0.426514
vt 0.114014 0.426514
vt 0.105225 0.432373
vt 0.091553 0.421631
vt 0.090088 0.430908
vt 0.098389 0.439453
vt 0.076660 0.416748
vt 0.086670 0.437988
vt 0.088379 0.448486
vt 0.080811 0.429199
vt 0.077393 0.445312
vt 0.077148 0.458496
vt 0.071777 0.422607
vt 0.071289 0.435547
vt 0.068604 0.449951
vt 0.071045 0.457520
vt 0.065430 0.431152
vt 0.061279 0.438721
vt 0.054443 0.447510
vt 0.043945 0.454102
vt 0.041504 0.444580
vt 0.050537 0.438477
vt 0.042480 0.435303
vt 0.048340 0.432373
vt 0.047119 0.428467
vt 0.054688 0.433105
vt 0.055420 0.425049
vt 0.056152 0.416016
vt 0.047607 0.413086
vt 0.050781 0.402832
vt 0.065918 0.413818
vt 0.058838 0.406738
vt 0.053955 0.396973
vt 0.066895 0.405273
vt 0.851807 0.405029
vt 0.847168 0.411865
vt 0.845459 0.405029
vt 0.849121 0.418457
vt 0.840820 0.418701
vt 0.843506 0.411865
vt 0.841553 0.399414
vt 0.849609 0.398682
vt 0.838623 0.408936
vt 0.837158 0.416992
vt 0.834717 0.397217
vt 0.835205 0.389160
vt 0.843750 0.388672
vt 0.832764 0.388672
vt 0.833008 0.384277
vt 0.841309 0.387695
vt 0.830322 0.387207
vt 0.835449 0.383301
vt 0.830566 0.398682
vt 0.829102 0.412354
vt 0.825195 0.385254
vt 0.831299 0.379150
vt 0.838623 0.384033
vt 0.842529 0.385010
vt 0.833740 0.377930
vt 0.833252 0.367188
vt 0.846924 0.348145
vt 0.843994 0.343994
vt 0.840576 0.341064
vt 0.824463 0.368896
vt 0.816162 0.394287
vt 0.832764 0.339355
vt 0.835449 0.310303
vt 0.817871 0.381836
vt 0.825439 0.321777
vt 0.826172 0.308105
vt 0.818604 0.352783
vt 0.813721 0.366943
vt 0.821777 0.330566
vt 0.813965 0.334717
vt 0.822266 0.308105
vt 0.824707 0.295410
vt 0.834961 0.289551
vt 0.814941 0.314941
vt 0.817139 0.320557
vt 0.815430 0.325195
vt 0.811768 0.321045
vt 0.813232 0.302246
vt 0.805908 0.317627
vt 0.808594 0.329102
vt 0.804932 0.324219
vt 0.799805 0.320801
vt 0.800293 0.312256
vt 0.794189 0.331055
vt 0.801270 0.332520
vt 0.790527 0.324951
vt 0.793457 0.312988
vt 0.780518 0.332031
vt 0.802490 0.302246
vt 0.791748 0.345215
vt 0.780273 0.347168
vt 0.783447 0.313721
vt 0.799072 0.283691
vt 0.806641 0.288330
vt 0.773926 0.326660
vt 0.802490 0.282227
vt 0.811523 0.270264
vt 0.810303 0.279297
vt 0.813232 0.270264
vt 0.817627 0.277100
vt 0.814697 0.283691
vt 0.821045 0.286377
vt 0.826416 0.285400
vt 0.828613 0.268555
vt 0.798828 0.265381
vt 0.789795 0.275879
vt 0.784424 0.296875
vt 0.780029 0.280518
vt 0.783936 0.264893
vt 0.778076 0.303955
vt 0.776123 0.273438
vt 0.774414 0.294434
vt 0.774414 0.286377
vt 0.768555 0.282715
vt 0.770020 0.270508
vt 0.758301 0.276611
vt 0.768066 0.289795
vt 0.771484 0.292480
vt 0.751221 0.288086
vt 0.749268 0.266602
vt 0.738281 0.275146
vt 0.761719 0.292236
vt 0.768311 0.296387
vt 0.769287 0.300293
vt 0.728027 0.282959
vt 0.728027 0.275391
vt 0.771240 0.305664
vt 0.761719 0.301514
vt 0.716064 0.282715
vt 0.722412 0.271729
vt 0.762207 0.295654
vt 0.750244 0.292725
vt 0.753174 0.297852
vt 0.735107 0.290039
vt 0.730957 0.296875
vt 0.719971 0.288574
vt 0.708740 0.291260
vt 0.700195 0.288086
vt 0.707520 0.268066
vt 0.714844 0.303711
vt 0.702393 0.297363
vt 0.691650 0.296875
vt 0.689941 0.281250
vt 0.714111 0.311768
vt 0.735596 0.320557
vt 0.747314 0.306641
vt 0.755371 0.307129
vt 0.754395 0.322754
vt 0.761963 0.308594
vt 0.762695 0.313965
vt 0.767090 0.314941
vt 0.760742 0.334961
vt 0.747559 0.342285
vt 0.739258 0.340332
vt 0.749512 0.354980
vt 0.768555 0.328369
vt 0.759033 0.351074
vt 0.766602 0.349121
vt 0.757568 0.360840
vt 0.769287 0.354248
vt 0.765869 0.364014
vt 0.774414 0.361328
vt 0.781982 0.357422
vt 0.776367 0.368408
vt 0.789307 0.361328
vt 0.768555 0.375977
vt 0.771729 0.380615
vt 0.763672 0.374756
vt 0.782471 0.370361
vt 0.762695 0.389648
vt 0.782227 0.378906
vt 0.761963 0.368896
vt 0.773193 0.391357
vt 0.760742 0.366211
vt 0.758789 0.369629
vt 0.757080 0.365723
vt 0.751709 0.362793
vt 0.754150 0.366699
vt 0.741943 0.355713
vt 0.747559 0.367920
vt 0.755615 0.371338
vt 0.758545 0.377686
vt 0.748291 0.378662
vt 0.759277 0.388184
vt 0.753418 0.392090
vt 0.756836 0.407227
vt 0.760010 0.408203
vt 0.748047 0.413086
vt 0.765381 0.403076
vt 0.743408 0.402344
vt 0.777100 0.404785
vt 0.774902 0.414795
vt 0.779053 0.412842
vt 0.781006 0.392334
vt 0.780029 0.406738
vt 0.781494 0.413330
vt 0.785889 0.406250
vt 0.783691 0.416016
vt 0.788818 0.385254
vt 0.788818 0.373291
vt 0.797852 0.404785
vt 0.801514 0.420654
vt 0.804443 0.412109
vt 0.792725 0.366211
vt 0.798340 0.371094
vt 0.800781 0.367432
vt 0.799805 0.379395
vt 0.806641 0.402832
vt 0.811523 0.416260
vt 0.808594 0.416504
vt 0.804443 0.382324
vt 0.808350 0.376953
vt 0.814209 0.409180
vt 0.814697 0.420166
vt 0.823486 0.418213
vt 0.812500 0.375000
vt 0.801758 0.355469
vt 0.812256 0.349854
vt 0.808838 0.340576
vt 0.801270 0.340332
vt 0.908447 0.731445
vt 0.927246 0.727051
vt 0.912109 0.740723
vt 0.907471 0.737305
vt 0.910156 0.746826
vt 0.902344 0.731201
vt 0.905029 0.745117
vt 0.906250 0.756348
vt 0.897705 0.736816
vt 0.900635 0.755859
vt 0.899902 0.766846
vt 0.889160 0.730469
vt 0.896729 0.723877
vt 0.884766 0.725586
vt 0.891602 0.756592
vt 0.891357 0.763428
vt 0.892090 0.767822
vt 0.881104 0.741699
vt 0.884766 0.754395
vt 0.882080 0.760010
vt 0.881592 0.767334
vt 0.874268 0.758301
vt 0.878906 0.750732
vt 0.872803 0.751953
vt 0.880859 0.729980
vt 0.875977 0.726807
vt 0.874268 0.732910
vt 0.876709 0.742920
vt 0.860107 0.757080
vt 0.862061 0.751465
vt 0.866211 0.739014
vt 0.870117 0.735107
vt 0.860596 0.730469
vt 0.866699 0.729736
vt 0.857178 0.723389
vt 0.108887 0.120117
vt 0.116455 0.126221
vt 0.108154 0.135254
vt 0.121338 0.118896
vt 0.099854 0.133057
vt 0.105225 0.140381
vt 0.090332 0.135986
vt 0.117676 0.136963
vt 0.126221 0.118896
vt 0.101807 0.147705
vt 0.111816 0.145996
vt 0.120361 0.146729
vt 0.129639 0.122559
vt 0.113037 0.154053
vt 0.131104 0.146729
vt 0.080322 0.146973
vt 0.125000 0.161377
vt 0.083984 0.153320
vt 0.069092 0.148926
vt 0.069580 0.142578
vt 0.098633 0.160156
vt 0.079590 0.159180
vt 0.065430 0.154053
vt 0.062988 0.144287
vt 0.105469 0.165771
vt 0.081055 0.165527
vt 0.067871 0.161621
vt 0.055176 0.154785
vt 0.055176 0.144287
vt 0.064209 0.164307
vt 0.050293 0.156006
vt 0.043213 0.148438
vt 0.076172 0.175293
vt 0.087646 0.175537
vt 0.076416 0.179199
vt 0.077637 0.183105
vt 0.104004 0.169922
vt 0.086426 0.185547
vt 0.074951 0.193359
vt 0.106689 0.182373
vt 0.119629 0.167480
vt 0.135742 0.165283
vt 0.087646 0.207764
vt 0.128174 0.172119
vt 0.135498 0.173340
vt 0.130859 0.182373
vt 0.145752 0.184326
vt 0.124512 0.177246
vt 0.120605 0.172119
vt 0.120605 0.184326
vt 0.128662 0.190674
vt 0.139404 0.197266
vt 0.132812 0.203857
vt 0.150635 0.208984
vt 0.152344 0.221436
vt 0.125000 0.196533
vt 0.118652 0.193115
vt 0.122803 0.201416
vt 0.136475 0.213867
vt 0.150391 0.226562
vt 0.128418 0.215332
vt 0.117432 0.199707
vt 0.111572 0.207764
vt 0.144287 0.238281
vt 0.159424 0.235840
vt 0.125244 0.222168
vt 0.102783 0.220703
vt 0.116943 0.240479
vt 0.141357 0.255859
vt 0.155273 0.268311
vt 0.160889 0.263184
vt 0.102539 0.236572
vt 0.091553 0.235596
vt 0.080811 0.223877
vt 0.076172 0.211182
vt 0.072754 0.228760
vt 0.069092 0.201416
vt 0.067139 0.220703
vt 0.067383 0.207520
vt 0.359619 0.176270
vt 0.369385 0.180176
vt 0.361328 0.195312
vt 0.354248 0.196533
vt 0.352051 0.178223
vt 0.368408 0.197021
vt 0.345215 0.201904
vt 0.341064 0.182861
vt 0.360352 0.203125
vt 0.351807 0.208008
vt 0.331787 0.201904
vt 0.331543 0.192383
vt 0.382568 0.185547
vt 0.374756 0.162109
vt 0.378174 0.202148
vt 0.369629 0.204590
vt 0.358887 0.207520
vt 0.364258 0.214600
vt 0.350098 0.218506
vt 0.343018 0.225342
vt 0.339600 0.213135
vt 0.377930 0.212646
vt 0.350830 0.231689
vt 0.344238 0.238281
vt 0.359619 0.246582
vt 0.376953 0.227051
vt 0.383057 0.212158
vt 0.386719 0.207520
vt 0.389404 0.199951
vt 0.389893 0.215332
vt 0.390381 0.186523
vt 0.390381 0.172363
vt 0.393066 0.202881
vt 0.396240 0.184326
vt 0.400635 0.206055
vt 0.384521 0.220703
vt 0.391357 0.219238
vt 0.388184 0.225342
vt 0.382324 0.232178
vt 0.371582 0.252441
vt 0.408936 0.223877
vt 0.396729 0.225342
vt 0.383057 0.243408
vt 0.372559 0.260010
vt 0.364990 0.269531
vt 0.350342 0.267090
vt 0.343750 0.263916
vt 0.355713 0.274658
vt 0.368652 0.272705
vt 0.388672 0.267334
vt 0.405762 0.244141
vt 0.406250 0.227783
vt 0.416748 0.261230
vt 0.415527 0.232666
vt 0.431152 0.250977
vt 0.421631 0.230225
vt 0.433350 0.236328
vt 0.424072 0.214844
vt 0.421875 0.194580
vt 0.433105 0.203125
vt 0.431641 0.228516
vt 0.440430 0.210693
vt 0.447754 0.206787
vt 0.457275 0.217285
vt 0.469238 0.213623
vt 0.444580 0.225586
vt 0.463379 0.227539
vt 0.452881 0.230713
vt 0.459717 0.238281
vt 0.445801 0.235840
vt 0.455078 0.242676
vt 0.448730 0.244141
vt 0.464600 0.251709
vt 0.457764 0.255859
vt 0.437012 0.260010
vt 0.453369 0.259521
vt 0.478760 0.263916
vt 0.461426 0.265625
vt 0.447510 0.267090
vt 0.434326 0.263428
vt 0.458984 0.276123
vt 0.477539 0.273193
vt 0.435059 0.273926
vt 0.427490 0.270508
vt 0.421143 0.279541
vt 0.415527 0.266846
vt 0.413818 0.276611
vt 0.402100 0.284912
vt 0.399902 0.268066
vt 0.394531 0.274658
vt 0.396240 0.282471
vt 0.387207 0.286865
vt 0.378906 0.274170
vt 0.383545 0.284668
vt 0.375000 0.289551
vt 0.374023 0.283936
vt 0.365723 0.292236
vt 0.372559 0.278809
vt 0.367676 0.277588
vt 0.362549 0.279297
vt 0.363281 0.286621
vt 0.355225 0.295654
vt 0.353516 0.279297
vt 0.353027 0.285400
vt 0.349609 0.293701
vt 0.344482 0.274414
vt 0.344727 0.297119
vt 0.350830 0.300537
vt 0.341797 0.303955
vt 0.343262 0.287109
vt 0.340576 0.299805
vt 0.341553 0.279053
vt 0.339600 0.293457
vt 0.331299 0.308594
vt 0.331787 0.312256
vt 0.336182 0.288818
vt 0.322510 0.320557
vt 0.340332 0.272217
vt 0.327637 0.300049
vt 0.338867 0.265381
vt 0.332764 0.271484
vt 0.331543 0.282959
vt 0.337891 0.252197
vt 0.332031 0.259766
vt 0.333496 0.239258
vt 0.338867 0.225098
vt 0.333252 0.220459
vt 0.330566 0.212891
vt 0.329834 0.230225
vt 0.327881 0.249512
vt 0.328613 0.261475
vt 0.311768 0.231201
vt 0.318115 0.255371
vt 0.317627 0.272949
vt 0.326172 0.283936
vt 0.328613 0.222168
vt 0.315186 0.219727
vt 0.324951 0.217285
vt 0.316650 0.214355
vt 0.324219 0.211670
vt 0.328369 0.208496
vt 0.326660 0.203125
vt 0.314209 0.198242
vt 0.313477 0.193604
vt 0.327637 0.197510
vt 0.326416 0.180664
vt 0.320557 0.190186
vt 0.322021 0.186523
vt 0.312012 0.179443
vt 0.874756 0.148926
vt 0.860596 0.145752
vt 0.873291 0.136963
vt 0.844238 0.134033
vt 0.895752 0.138184
vt 0.891846 0.150879
vt 0.904053 0.149902
vt 0.916504 0.134277
vt 0.916748 0.149170
vt 0.890625 0.123291
vt 0.921875 0.141602
vt 0.925293 0.143555
vt 0.920654 0.119141
vt 0.923096 0.133057
vt 0.925781 0.120850
vt 0.929443 0.116211
vt 0.912109 0.115234
vt 0.860107 0.126709
vt 0.838623 0.121338
vt 0.830078 0.126709
vt 0.875488 0.121826
vt 0.860840 0.119873
vt 0.845459 0.114502
vt 0.830811 0.106201
vt 0.869385 0.105957
vt 0.890869 0.113281
vt 0.844971 0.091553
vt 0.887939 0.105713
vt 0.907715 0.104980
vt 0.872559 0.102783
vt 0.858643 0.092285
vt 0.847168 0.076660
vt 0.831787 0.066406
vt 0.875244 0.093750
vt 0.859375 0.084717
vt 0.842529 0.066406
vt 0.839844 0.054199
vt 0.826904 0.042969
vt 0.846191 0.060791
vt 0.845459 0.041992
vt 0.856689 0.071045
vt 0.868652 0.077637
vt 0.855957 0.050293
vt 0.860352 0.042725
vt 0.858154 0.060303
vt 0.872559 0.053711
vt 0.868652 0.066406
vt 0.881104 0.061768
vt 0.888184 0.048340
vt 0.877930 0.075928
vt 0.893311 0.062500
vt 0.901367 0.054199
vt 0.886963 0.072021
vt 0.904541 0.066895
vt 0.890381 0.082520
vt 0.896973 0.072754
vt 0.888916 0.097412
vt 0.902100 0.089844
vt 0.899658 0.100830
vt 0.909180 0.077393
vt 0.915527 0.095947
vt 0.915527 0.070557
vt 0.916260 0.062744
vt 0.920410 0.083008
vt 0.928711 0.073975
vt 0.930664 0.089844
vt 0.918945 0.101562
vt 0.930908 0.095703
vt 0.941650 0.087402
vt 0.927490 0.105225
vt 0.941406 0.096436
vt 0.944824 0.104980
vt 0.929932 0.112061
vt 0.937500 0.109863
vt 0.934570 0.115967
vt 0.931641 0.123291
vt 0.938721 0.114746
vt 0.945557 0.110596
vt 0.957764 0.106689
vt 0.950928 0.111572
vt 0.944092 0.113770
vt 0.938477 0.123047
vt 0.948242 0.119873
vt 0.968506 0.112549
vt 0.926758 0.135254
vt 0.929443 0.142090
vt 0.934082 0.147217
vt 0.939209 0.144775
vt 0.931641 0.138428
vt 0.942139 0.136963
vt 0.947998 0.143799
vt 0.954590 0.134033
vt 0.957275 0.124512
vt 0.961182 0.125977
vt 0.968018 0.125000
vt 0.314453 0.291260
vt 0.301270 0.290771
vt 0.302490 0.300537
vt 0.301270 0.304443
vt 0.313232 0.300537
vt 0.321289 0.293945
vt 0.308838 0.306885
vt 0.297852 0.307617
vt 0.312500 0.304688
vt 0.306641 0.315186
vt 0.298340 0.314453
vt 0.314941 0.310059
vt 0.317383 0.304199
vt 0.321289 0.307861
vt 0.322266 0.315674
vt 0.315430 0.316162
vt 0.317383 0.323486
vt 0.315918 0.329346
vt 0.311279 0.322021
vt 0.303955 0.325195
vt 0.309570 0.326904
vt 0.301514 0.325195
vt 0.310791 0.330811
vt 0.307861 0.335938
vt 0.309814 0.338867
vt 0.307617 0.331543
vt 0.302002 0.330078
vt 0.295166 0.336426
vt 0.294678 0.330811
vt 0.295654 0.328125
vt 0.291260 0.332520
vt 0.296631 0.325195
vt 0.300049 0.919434
vt 0.312256 0.910889
vt 0.307373 0.920898
vt 0.315674 0.924561
vt 0.304443 0.924561
vt 0.313232 0.927490
vt 0.300293 0.928955
vt 0.309082 0.932861
vt 0.299805 0.937256
vt 0.307617 0.940186
vt 0.322266 0.933838
vt 0.318848 0.938232
vt 0.318115 0.940430
vt 0.303223 0.944336
vt 0.316650 0.943115
vt 0.323730 0.939209
vt 0.320801 0.942383
vt 0.317627 0.944580
vt 0.318848 0.946045
vt 0.322021 0.943604
vt 0.326660 0.948486
vt 0.318115 0.961914
vt 0.326172 0.959717
vt 0.330078 0.935303
vt 0.332031 0.951416
vt 0.328613 0.962891
vt 0.333008 0.947754
vt 0.335205 0.952881
vt 0.339600 0.959229
vt 0.335938 0.949707
vt 0.335449 0.943359
vt 0.342041 0.950195
vt 0.347412 0.945557
vt 0.352539 0.953369
vt 0.342041 0.969238
vt 0.353516 0.964844
vt 0.337402 0.929199
vt 0.356934 0.956543
vt 0.361328 0.961914
vt 0.364990 0.971680
vt 0.362305 0.955811
vt 0.366943 0.956299
vt 0.386230 0.959717
vt 0.367676 0.951904
vt 0.392578 0.953125
vt 0.359863 0.949951
vt 0.357178 0.945557
vt 0.369629 0.945068
vt 0.379639 0.947998
vt 0.361084 0.941162
vt 0.376953 0.941162
vt 0.399170 0.949707
vt 0.343506 0.939453
vt 0.360596 0.937256
vt 0.369385 0.927490
vt 0.349365 0.929688
vt 0.345215 0.918457
vt 0.394043 0.939453
vt 0.413086 0.954834
vt 0.413330 0.949219
vt 0.407227 0.958252
vt 0.401123 0.971924
vt 0.417480 0.972412
vt 0.422119 0.958740
vt 0.427979 0.967773
vt 0.421875 0.955322
vt 0.438477 0.962402
vt 0.437500 0.983643
vt 0.437256 0.971191
vt 0.433594 0.957520
vt 0.428223 0.947998
vt 0.446045 0.968506
vt 0.441895 0.978760
vt 0.455566 0.979980
vt 0.451904 0.968750
vt 0.463623 0.976074
vt 0.470459 0.986816
vt 0.460693 0.970459
vt 0.447510 0.962402
vt 0.464111 0.958984
vt 0.480225 0.973389
vt 0.442383 0.950439
vt 0.486572 0.959229
vt 0.473877 0.943604
vt 0.492432 0.948975
vt 0.486328 0.934570
vt 0.455078 0.942139
vt 0.463623 0.927002
vt 0.447021 0.931641
vt 0.429443 0.935791
vt 0.481934 0.920166
vt 0.498047 0.928955
vt 0.498779 0.912598
vt 0.467285 0.913574
vt 0.479004 0.908936
vt 0.453125 0.913086
vt 0.449463 0.919434
vt 0.453857 0.906006
vt 0.440186 0.927002
vt 0.448730 0.911621
vt 0.441895 0.919189
vt 0.465088 0.906006
vt 0.448486 0.905029
vt 0.453613 0.900635
vt 0.462402 0.898193
vt 0.480469 0.903564
vt 0.443848 0.905762
vt 0.445801 0.898682
vt 0.449219 0.894287
vt 0.465332 0.893555
vt 0.491211 0.902832
vt 0.505127 0.904297
vt 0.501953 0.896729
vt 0.484619 0.895752
vt 0.490723 0.888184
vt 0.477539 0.885742
vt 0.442383 0.884521
vt 0.439209 0.893066
vt 0.429688 0.892334
vt 0.441650 0.901855
vt 0.429932 0.898193
vt 0.423096 0.909424
vt 0.427246 0.884766
vt 0.420166 0.885986
vt 0.413574 0.893555
vt 0.415771 0.886475
vt 0.416016 0.881836
vt 0.426025 0.879150
vt 0.437988 0.877686
vt 0.411133 0.890137
vt 0.405029 0.884277
vt 0.395508 0.890137
vt 0.398926 0.894043
vt 0.393066 0.885742
vt 0.397217 0.905273
vt 0.386475 0.896484
vt 0.381104 0.891602
vt 0.401611 0.878906
vt 0.422363 0.877441
vt 0.434082 0.875977
vt 0.427979 0.872314
vt 0.453369 0.871094
vt 0.422607 0.874023
vt 0.436279 0.863281
vt 0.427490 0.862793
vt 0.418701 0.868408
vt 0.397705 0.863525
vt 0.431396 0.854004
vt 0.424805 0.850342
vt 0.410889 0.850342
vt 0.420898 0.832764
vt 0.415771 0.843506
vt 0.398193 0.851318
vt 0.414307 0.833984
vt 0.401611 0.837158
vt 0.385010 0.844971
vt 0.406250 0.819824
vt 0.390625 0.826904
vt 0.409424 0.814697
vt 0.413086 0.811279
vt 0.395752 0.816895
vt 0.424316 0.826660
vt 0.426758 0.814209
vt 0.440918 0.840576
vt 0.438477 0.825195
vt 0.443604 0.821533
vt 0.436035 0.811523
vt 0.378418 0.833984
vt 0.368408 0.816895
vt 0.375244 0.796143
vt 0.359131 0.849121
vt 0.446777 0.852539
vt 0.465576 0.849121
vt 0.463135 0.857910
vt 0.457520 0.836182
vt 0.453857 0.825439
vt 0.447754 0.816406
vt 0.463867 0.833984
vt 0.472168 0.825928
vt 0.468506 0.844727
vt 0.482178 0.838867
vt 0.473877 0.843506
vt 0.481689 0.850830
vt 0.497803 0.831543
vt 0.491211 0.844727
vt 0.502441 0.849365
vt 0.510986 0.837158
vt 0.494141 0.854004
vt 0.482178 0.860107
vt 0.491211 0.857666
vt 0.503174 0.853271
vt 0.490723 0.873535
vt 0.499268 0.866211
vt 0.477295 0.874023
vt 0.489746 0.881836
vt 0.505371 0.876709
vt 0.475342 0.878906
vt 0.457275 0.877197
vt 0.504883 0.884277
vt 0.454590 0.885010
vt 0.305664 0.902832
vt 0.315918 0.897461
vt 0.314453 0.900879
vt 0.326172 0.905518
vt 0.333252 0.913574
vt 0.333252 0.900391
vt 0.325439 0.919189
vt 0.337646 0.902344
vt 0.330566 0.893799
vt 0.341797 0.891113
vt 0.319824 0.886475
vt 0.306152 0.889160
vt 0.311279 0.880371
vt 0.331055 0.880859
vt 0.355469 0.893066
vt 0.302734 0.879639
vt 0.317383 0.875244
vt 0.351074 0.904053
vt 0.337646 0.915771
vt 0.360352 0.914062
vt 0.334961 0.918701
vt 0.328369 0.923584
vt 0.322021 0.924072
vt 0.321533 0.928223
vt 0.362305 0.917725
vt 0.377930 0.922363
vt 0.375977 0.914795
vt 0.376953 0.903320
vt 0.386230 0.920898
vt 0.380371 0.917480
vt 0.379883 0.907715
vt 0.384033 0.914062
vt 0.392822 0.917969
vt 0.367676 0.904541
vt 0.402344 0.924072
vt 0.411133 0.921875
vt 0.418457 0.936279
vt 0.415283 0.925781
vt 0.419189 0.922852
vt 0.426758 0.925049
vt 0.431641 0.920654
vt 0.442383 0.915283
vt 0.308838 0.846191
vt 0.298340 0.836670
vt 0.306641 0.831299
vt 0.315918 0.841064
vt 0.318115 0.832275
vt 0.316406 0.849609
vt 0.316162 0.820068
vt 0.305176 0.815674
vt 0.326660 0.837891
vt 0.325928 0.825195
vt 0.316650 0.805908
vt 0.301514 0.801514
vt 0.316162 0.791992
vt 0.329102 0.815918
vt 0.327881 0.800781
vt 0.337646 0.830811
vt 0.327393 0.786377
vt 0.317871 0.775146
vt 0.335938 0.806396
vt 0.335938 0.791016
vt 0.329102 0.777832
vt 0.313477 0.770752
vt 0.324707 0.766602
vt 0.341309 0.816650
vt 0.343750 0.790527
vt 0.339111 0.781738
vt 0.340088 0.774414
vt 0.349121 0.789062
vt 0.350586 0.795898
vt 0.355225 0.795898
vt 0.354248 0.788330
vt 0.348145 0.797852
vt 0.353271 0.806396
vt 0.345215 0.800049
vt 0.348633 0.811035
vt 0.357178 0.820312
vt 0.348389 0.829102
vt 0.356689 0.836182
vt 0.348145 0.842285
vt 0.351074 0.853271
vt 0.336914 0.844971
vt 0.345215 0.850586
vt 0.325928 0.854248
vt 0.335938 0.858154
vt 0.343018 0.862305
vt 0.309570 0.859619
vt 0.301270 0.850098
vt 0.318604 0.869141
vt 0.305908 0.868408
vt 0.329834 0.866699
vt 0.331543 0.871582
vt 0.348877 0.866211
vt 0.354492 0.882568
vt 0.371094 0.865967
vt 0.379883 0.882568
vt 0.842529 0.657227
vt 0.849121 0.661621
vt 0.846436 0.676270
vt 0.844727 0.681885
vt 0.824707 0.656982
vt 0.850830 0.698975
vt 0.857910 0.700928
vt 0.852051 0.718506
vt 0.848633 0.701660
vt 0.843506 0.706299
vt 0.837402 0.671387
vt 0.835449 0.700928
vt 0.822510 0.693115
vt 0.811768 0.666992
vt 0.804199 0.637939
vt 0.825195 0.623291
vt 0.787109 0.612305
vt 0.764893 0.615723
vt 0.776123 0.646973
vt 0.774414 0.604736
vt 0.772461 0.598145
vt 0.762695 0.608643
vt 0.749512 0.610840
vt 0.754883 0.619141
vt 0.754639 0.607422
vt 0.777344 0.588623
vt 0.750000 0.603027
vt 0.742188 0.611328
vt 0.756592 0.596191
vt 0.759521 0.591309
vt 0.766846 0.587402
vt 0.772461 0.573975
vt 0.760986 0.573975
vt 0.752930 0.580322
vt 0.749512 0.590332
vt 0.738770 0.595215
vt 0.771973 0.566406
vt 0.745850 0.577148
vt 0.733398 0.575195
vt 0.737549 0.566895
vt 0.750244 0.567139
vt 0.759033 0.560547
vt 0.738525 0.559082
vt 0.725586 0.558350
vt 0.751709 0.555176
vt 0.761475 0.548584
vt 0.749512 0.541016
vt 0.896729 0.478760
vt 0.917236 0.463135
vt 0.901611 0.495361
vt 0.936279 0.465332
vt 0.938965 0.445068
vt 0.942139 0.421875
vt 0.959717 0.424805
vt 0.955078 0.447754
vt 0.960205 0.459473
vt 0.944824 0.472900
vt 0.959229 0.478760
vt 0.985352 0.469482
vt 0.980469 0.499023
vt 0.927490 0.495361
vt 0.961914 0.509033
vt 0.987793 0.521729
vt 0.905518 0.516846
vt 0.928223 0.520264
vt 0.878174 0.512939
vt 0.873779 0.504639
vt 0.907959 0.531250
vt 0.883545 0.525391
vt 0.876221 0.529785
vt 0.868408 0.519531
vt 0.870605 0.530762
vt 0.890137 0.532471
vt 0.877930 0.537842
vt 0.865723 0.541260
vt 0.860596 0.530273
vt 0.883545 0.536865
vt 0.875488 0.551270
vt 0.860840 0.560791
vt 0.881104 0.544678
vt 0.895996 0.539307
vt 0.905762 0.538330
vt 0.895020 0.546875
vt 0.888916 0.560303
vt 0.904053 0.549316
vt 0.912354 0.541504
vt 0.924072 0.534180
vt 0.910400 0.558350
vt 0.952881 0.525635
vt 0.923096 0.541992
vt 0.927490 0.552246
vt 0.930420 0.541748
vt 0.935791 0.537842
vt 0.946777 0.539307
vt 0.977051 0.528564
vt 0.961670 0.535645
vt 0.986084 0.532715
vt 0.999023 0.527100
vt 0.990723 0.538330
vt 0.974854 0.536377
vt 0.974365 0.548584
vt 0.957520 0.541748
vt 0.984375 0.548096
vt 0.996094 0.553711
vt 0.998291 0.547363
vt 0.991211 0.561523
vt 1.000000 0.568359
vt 0.999023 0.576660
vt 0.979980 0.559570
vt 0.991699 0.567627
vt 0.986572 0.569580
vt 0.990479 0.587158
vt 0.970703 0.560547
vt 0.972412 0.568604
vt 0.971924 0.582520
vt 0.960693 0.572998
vt 0.965088 0.550049
vt 0.947998 0.544922
vt 0.950195 0.561279
vt 0.940918 0.546387
vt 0.942871 0.554199
vt 0.936279 0.551514
vt 0.937500 0.568848
vt 0.945801 0.573486
vt 0.928955 0.572266
vt 0.942139 0.584717
vt 0.957031 0.584473
vt 0.930420 0.582275
vt 0.917969 0.575928
vt 0.973389 0.592773
vt 0.951416 0.596680
vt 0.973145 0.604492
vt 1.000000 0.601807
vt 0.987305 0.610352
vt 0.956787 0.601074
vt 0.999023 0.614990
vt 0.989746 0.613525
vt 0.945068 0.606201
vt 0.976318 0.616699
vt 0.961670 0.607666
vt 0.970947 0.614014
vt 0.991211 0.616943
vt 0.975098 0.626953
vt 0.991211 0.625732
vt 0.962891 0.622803
vt 0.982666 0.635742
vt 0.950684 0.615234
vt 0.972168 0.635010
vt 0.984131 0.642578
vt 0.966064 0.630615
vt 0.973877 0.648682
vt 0.990479 0.657227
vt 0.982422 0.675781
vt 0.962891 0.637451
vt 0.962891 0.667480
vt 0.980713 0.693359
vt 0.952881 0.632080
vt 0.955811 0.651611
vt 0.965088 0.696777
vt 0.980957 0.706055
vt 0.969238 0.715576
vt 0.986328 0.718506
vt 0.955566 0.708008
vt 0.947266 0.717285
vt 0.942871 0.699219
vt 0.937988 0.716553
vt 0.955322 0.670654
vt 0.930664 0.708008
vt 0.950928 0.659668
vt 0.938477 0.665771
vt 0.946777 0.641846
vt 0.934814 0.686279
vt 0.926514 0.693848
vt 0.930420 0.677002
vt 0.928711 0.650879
vt 0.930176 0.637939
vt 0.923828 0.703369
vt 0.928223 0.718750
vt 0.934570 0.632568
vt 0.922363 0.634033
vt 0.942383 0.628662
vt 0.928223 0.626709
vt 0.936035 0.620361
vt 0.919922 0.662354
vt 0.916748 0.625000
vt 0.913086 0.637451
vt 0.917969 0.674316
vt 0.905518 0.650146
vt 0.903076 0.625000
vt 0.919189 0.690430
vt 0.912598 0.681641
vt 0.919434 0.702393
vt 0.918457 0.713379
vt 0.909668 0.703125
vt 0.903809 0.694824
vt 0.905762 0.714600
vt 0.900879 0.657715
vt 0.897217 0.631836
vt 0.895020 0.663574
vt 0.896484 0.698486
vt 0.893311 0.638428
vt 0.890625 0.624756
vt 0.890381 0.686035
vt 0.893555 0.716797
vt 0.887939 0.637451
vt 0.887939 0.667725
vt 0.882812 0.680420
vt 0.879150 0.700684
vt 0.886719 0.654053
vt 0.876953 0.682129
vt 0.871094 0.701172
vt 0.871094 0.690674
vt 0.881836 0.635742
vt 0.880371 0.661621
vt 0.875000 0.642090
vt 0.873535 0.655762
vt 0.867188 0.654297
vt 0.863525 0.666260
vt 0.870605 0.638184
vt 0.865967 0.643311
vt 0.875977 0.631592
vt 0.870605 0.630127
vt 0.883789 0.625000
vt 0.870605 0.622314
vt 0.893555 0.619629
vt 0.880615 0.618896
vt 0.904053 0.615234
vt 0.872559 0.607910
vt 0.863281 0.611572
vt 0.864258 0.595215
vt 0.887207 0.611572
vt 0.877686 0.593262
vt 0.865723 0.580566
vt 0.896484 0.605225
vt 0.915039 0.610840
vt 0.904541 0.598389
vt 0.887695 0.589111
vt 0.926758 0.615723
vt 0.874268 0.578369
vt 0.898438 0.587646
vt 0.893066 0.576416
vt 0.903564 0.582275
vt 0.909912 0.582031
vt 0.866699 0.570801
vt 0.857178 0.568848
vt 0.871582 0.567139
vt 0.880127 0.564941
vt 0.881836 0.571533
vt 0.892822 0.570068
vt 0.899902 0.570068
vt 0.904297 0.570557
vt 0.917725 0.580322
vt 0.922852 0.582031
vt 0.918701 0.584229
vt 0.924316 0.588623
vt 0.912598 0.592041
vt 0.922607 0.602295
vt 0.934570 0.589600
vt 0.929443 0.595703
vt 0.932373 0.608398
vt 0.939209 0.596924
vt 0.506104 0.053467
vt 0.485107 0.064941
vt 0.499268 0.047607
vt 0.481201 0.045654
vt 0.494141 0.073242
vt 0.462891 0.064697
vt 0.449707 0.047119
vt 0.469238 0.089600
vt 0.459229 0.089844
vt 0.520996 0.071289
vt 0.504883 0.091064
vt 0.481689 0.093506
vt 0.483154 0.106934
vt 0.465576 0.104980
vt 0.452881 0.103516
vt 0.473877 0.114502
vt 0.489502 0.113037
vt 0.461426 0.112061
vt 0.464355 0.115967
vt 0.465332 0.120605
vt 0.479248 0.121826
vt 0.457031 0.120605
vt 0.451904 0.114014
vt 0.458252 0.126953
vt 0.446045 0.107422
vt 0.459473 0.134277
vt 0.463623 0.131104
vt 0.469971 0.133057
vt 0.451904 0.123291
vt 0.446777 0.121094
vt 0.452637 0.130371
vt 0.441406 0.129639
vt 0.451172 0.137207
vt 0.463135 0.144531
vt 0.441162 0.118408
vt 0.433350 0.129150
vt 0.439209 0.145752
vt 0.456055 0.155518
vt 0.448486 0.152832
vt 0.432861 0.143799
vt 0.439453 0.160645
vt 0.442139 0.171143
vt 0.429932 0.158936
vt 0.432129 0.167480
vt 0.437500 0.178223
vt 0.428467 0.147705
vt 0.422852 0.160889
vt 0.426758 0.172607
vt 0.440186 0.186768
vt 0.428711 0.182617
vt 0.415771 0.172119
vt 0.413330 0.179932
vt 0.406738 0.174561
vt 0.425049 0.146240
vt 0.407959 0.183350
vt 0.405273 0.178467
vt 0.406738 0.169434
vt 0.415039 0.159668
vt 0.418945 0.148926
vt 0.426270 0.133789
vt 0.400391 0.156006
vt 0.393555 0.161621
vt 0.413086 0.141357
vt 0.403564 0.143799
vt 0.387451 0.152100
vt 0.384033 0.159668
vt 0.394775 0.142090
vt 0.375732 0.154297
vt 0.401367 0.137695
vt 0.415283 0.135498
vt 0.399414 0.129883
vt 0.416016 0.129883
vt 0.391357 0.135010
vt 0.371826 0.133789
vt 0.380371 0.141113
vt 0.371582 0.144775
vt 0.362793 0.134766
vt 0.358398 0.140137
vt 0.362793 0.154785
vt 0.342285 0.144531
vt 0.355469 0.133545
vt 0.358154 0.130371
vt 0.347900 0.133301
vt 0.352051 0.128906
vt 0.339355 0.122314
vt 0.332764 0.128418
vt 0.345703 0.124268
vt 0.355957 0.126953
vt 0.331543 0.108643
vt 0.364014 0.128174
vt 0.354492 0.123535
vt 0.347168 0.120605
vt 0.381348 0.130859
vt 0.341309 0.112305
vt 0.351562 0.113525
vt 0.366211 0.121826
vt 0.373047 0.125000
vt 0.388428 0.129883
vt 0.380615 0.125000
vt 0.373779 0.119385
vt 0.394531 0.123535
vt 0.381104 0.116943
vt 0.371338 0.110352
vt 0.408691 0.123535
vt 0.400635 0.112305
vt 0.417969 0.122314
vt 0.410156 0.116943
vt 0.387695 0.107666
vt 0.433594 0.123779
vt 0.427002 0.117676
vt 0.438232 0.115479
vt 0.421387 0.109375
vt 0.413330 0.108154
vt 0.428467 0.105713
vt 0.442627 0.105225
vt 0.446289 0.097168
vt 0.435059 0.100830
vt 0.443604 0.088135
vt 0.429199 0.092529
vt 0.438965 0.073242
vt 0.415527 0.102783
vt 0.417725 0.069580
vt 0.427002 0.046631
vt 0.436279 0.023193
vt 0.407227 0.037109
vt 0.406494 0.084229
vt 0.400146 0.052246
vt 0.378906 0.054443
vt 0.387451 0.036865
vt 0.374268 0.064941
vt 0.367432 0.054932
vt 0.377686 0.043945
vt 0.355713 0.047607
vt 0.362793 0.068359
vt 0.355713 0.069336
vt 0.346436 0.079346
vt 0.363770 0.074707
vt 0.357178 0.076904
vt 0.350342 0.080322
vt 0.360352 0.083252
vt 0.352295 0.084961
vt 0.346924 0.089844
vt 0.368408 0.080078
vt 0.384277 0.082764
vt 0.372070 0.092773
vt 0.398682 0.098145
vt 0.379639 0.090820
vt 0.386963 0.099121
vt 0.401367 0.104736
vt 0.374756 0.100830
vt 0.365479 0.096191
vt 0.365234 0.107910
vt 0.358154 0.095215
vt 0.355225 0.101562
vt 0.362061 0.114502
vt 0.361328 0.107666
vt 0.351318 0.104980
vt 0.338379 0.102051
vt 0.335938 0.097900
vt 0.338623 0.091064
vt 0.334717 0.087646
vt 0.326416 0.087158
vt 0.339600 0.075684
vt 0.331787 0.075928
vt 0.342529 0.061279
vt 0.764893 0.863037
vt 0.733887 0.866943
vt 0.747559 0.853027
vt 0.728760 0.854004
vt 0.747314 0.878906
vt 0.714600 0.861572
vt 0.718018 0.879883
vt 0.707764 0.876221
vt 0.707031 0.862061
vt 0.711426 0.849854
vt 0.701660 0.855225
vt 0.698975 0.871582
vt 0.710205 0.896729
vt 0.714355 0.913574
vt 0.701172 0.901123
vt 0.703857 0.927490
vt 0.694336 0.864502
vt 0.694336 0.854004
vt 0.686768 0.888916
vt 0.688965 0.875977
vt 0.687256 0.867188
vt 0.683594 0.861816
vt 0.681885 0.858398
vt 0.681885 0.886719
vt 0.675293 0.885010
vt 0.675293 0.869873
vt 0.675049 0.861816
vt 0.683350 0.899414
vt 0.677002 0.904297
vt 0.689697 0.909180
vt 0.694824 0.906250
vt 0.699707 0.918945
vt 0.691406 0.925537
vt 0.693848 0.935303
vt 0.706299 0.938232
vt 0.700684 0.950928
vt 0.685303 0.952637
vt 0.679443 0.940918
vt 0.686768 0.932373
vt 0.674805 0.923340
vt 0.677979 0.955566
vt 0.680908 0.932617
vt 0.672119 0.930664
vt 0.668457 0.902588
vt 0.661377 0.917236
vt 0.668457 0.938965
vt 0.660400 0.941406
vt 0.681396 0.967529
vt 0.673340 0.965088
vt 0.668213 0.969238
vt 0.676514 0.976318
vt 0.651367 0.946045
vt 0.658447 0.971191
vt 0.644775 0.959229
vt 0.647705 0.913574
vt 0.636963 0.945068
vt 0.636719 0.918945
vt 0.634766 0.958252
vt 0.636230 0.967529
vt 0.628418 0.965088
vt 0.627686 0.944580
vt 0.623291 0.917480
vt 0.617432 0.955322
vt 0.621826 0.964844
vt 0.613770 0.962158
vt 0.617432 0.937988
vt 0.611572 0.949219
vt 0.620117 0.924561
vt 0.613281 0.938477
vt 0.614258 0.918213
vt 0.608643 0.932861
vt 0.606201 0.951660
vt 0.609619 0.954834
vt 0.604492 0.959473
vt 0.619629 0.896240
vt 0.599365 0.958252
vt 0.626465 0.901855
vt 0.634766 0.888184
vt 0.626465 0.888916
vt 0.625244 0.880127
vt 0.617432 0.881836
vt 0.633057 0.867676
vt 0.621094 0.865723
vt 0.612549 0.867188
vt 0.597168 0.871338
vt 0.610352 0.907471
vt 0.608887 0.889893
vt 0.582764 0.892822
vt 0.578857 0.869385
vt 0.575195 0.858887
vt 0.608154 0.916748
vt 0.564697 0.874268
vt 0.559326 0.867432
vt 0.557861 0.862305
vt 0.555908 0.852295
vt 0.558105 0.883301
vt 0.548340 0.872070
vt 0.544434 0.863770
vt 0.544189 0.848145
vt 0.532959 0.854736
vt 0.540039 0.873535
vt 0.545410 0.896240
vt 0.530518 0.888184
vt 0.523193 0.856445
vt 0.516846 0.842041
vt 0.523193 0.887207
vt 0.537109 0.908936
vt 0.525146 0.902344
vt 0.520020 0.905762
vt 0.515625 0.897461
vt 0.529053 0.912598
vt 0.523193 0.916748
vt 0.513428 0.910400
vt 0.514160 0.919678
vt 0.520752 0.925049
vt 0.536865 0.918701
vt 0.520752 0.931396
vt 0.513672 0.928223
vt 0.537842 0.929443
vt 0.541504 0.941406
vt 0.516846 0.939941
vt 0.540283 0.948242
vt 0.552246 0.931152
vt 0.561768 0.955566
vt 0.560547 0.968262
vt 0.577881 0.974854
vt 0.572266 0.948486
vt 0.582764 0.969238
vt 0.586182 0.977051
vt 0.558838 0.920166
vt 0.575684 0.934326
vt 0.592285 0.954834
vt 0.590820 0.943359
vt 0.589844 0.969971
vt 0.566406 0.914795
vt 0.593262 0.913330
vt 0.580078 0.919922
vt 0.602295 0.915283
vt 0.572266 0.926758
vt 0.589844 0.923096
vt 0.589844 0.932129
vt 0.600098 0.928223
vt 0.602783 0.940430
vt 0.599854 0.949707
vt 0.595947 0.973633
vt 0.587646 0.986816
vt 0.595459 0.983398
vt 0.582764 0.751953
vt 0.580078 0.748535
vt 0.572021 0.751465
vt 0.561035 0.748779
vt 0.570068 0.745850
vt 0.572754 0.748047
vt 0.570312 0.742188
vt 0.580322 0.738037
vt 0.559082 0.733887
vt 0.551025 0.743164
vt 0.558838 0.715332
vt 0.545654 0.725586
vt 0.646484 0.872314
vt 0.640625 0.873047
vt 0.642090 0.862061
vt 0.639160 0.863525
vt 0.649170 0.880371
vt 0.660156 0.868164
vt 0.653076 0.862305
vt 0.650391 0.898926
vt 0.654297 0.888916
vt 0.661377 0.906006
vt 0.667236 0.883301
vt 0.667969 0.872314
vt 0.666992 0.866211
vt 0.666748 0.853027
vt 0.527832 0.041016
vt 0.543457 0.047852
vt 0.539307 0.050537
vt 0.552490 0.056885
vt 0.548584 0.047607
vt 0.531006 0.050293
vt 0.543457 0.062256
vt 0.551025 0.061279
vt 0.559326 0.062256
vt 0.557617 0.059326
vt 0.543701 0.066895
vt 0.535400 0.071777
vt 0.552734 0.066162
vt 0.537109 0.077637
vt 0.562500 0.068604
vt 0.568359 0.062012
vt 0.542725 0.072754
vt 0.549316 0.073486
vt 0.541992 0.078857
vt 0.554932 0.070557
vt 0.557373 0.079834
vt 0.551514 0.087158
vt 0.542480 0.086426
vt 0.536865 0.083984
vt 0.531006 0.090332
vt 0.563232 0.074219
vt 0.574463 0.087646
vt 0.581055 0.084229
vt 0.583008 0.078613
vt 0.534180 0.078369
vt 0.525635 0.072510
vt 0.527588 0.082764
vt 0.526123 0.078857
vt 0.517334 0.087158
vt 0.573486 0.067139
vt 0.585449 0.072266
vt 0.583008 0.064453
vt 0.577881 0.059570
vt 0.605713 0.072754
vt 0.592773 0.050049
vt 0.603516 0.059326
vt 0.630615 0.069336
vt 0.609375 0.054932
vt 0.612549 0.051270
vt 0.621826 0.057373
vt 0.639893 0.056152
vt 0.649170 0.060059
vt 0.632324 0.050781
vt 0.639160 0.045410
vt 0.648682 0.052490
vt 0.655273 0.060059
vt 0.668457 0.055420
vt 0.667725 0.058838
vt 0.655029 0.044922
vt 0.674072 0.055176
vt 0.214600 0.984131
vt 0.220215 0.982666
vt 0.220703 0.994385
vt 0.219238 0.977295
vt 0.226807 0.977051
vt 0.227295 0.991211
vt 0.236328 0.994629
vt 0.215088 0.973877
vt 0.218994 0.970215
vt 0.210205 0.975098
vt 0.205811 0.983398
vt 0.213135 0.967773
vt 0.200684 0.977051
vt 0.205811 0.993164
vt 0.208008 0.968994
vt 0.227051 0.972900
vt 0.199219 0.961182
vt 0.197510 0.965332
vt 0.194580 0.970459
vt 0.232666 0.968994
vt 0.214111 0.963623
vt 0.187744 0.982910
vt 0.192871 0.999023
vt 0.189697 0.968506
vt 0.187256 0.963623
vt 0.179688 0.976074
vt 0.179199 0.993408
vt 0.172852 0.993896
vt 0.169434 0.981445
vt 0.177734 0.970459
vt 0.160400 0.982422
vt 0.159424 0.994385
vt 0.171875 0.966064
vt 0.161865 0.967529
vt 0.172119 0.958252
vt 0.162354 0.961914
vt 0.152100 0.973633
vt 0.149414 0.984619
vt 0.153809 0.991699
vt 0.146484 0.974609
vt 0.138916 0.990479
vt 0.125977 0.979736
vt 0.128662 1.000000
vt 0.140137 0.968506
vt 0.126709 0.972168
vt 0.151123 0.965820
vt 0.142334 0.963623
vt 0.131592 0.952393
vt 0.106689 0.962158
vt 0.150391 0.961182
vt 0.112061 0.937744
vt 0.154785 0.949463
vt 0.142822 0.937988
vt 0.125977 0.923584
vt 0.115967 0.917725
vt 0.150879 0.936523
vt 0.165039 0.948242
vt 0.179932 0.952148
vt 0.162598 0.942627
vt 0.200439 0.953613
vt 0.135010 0.921387
vt 0.177002 0.935303
vt 0.158691 0.928955
vt 0.144287 0.921875
vt 0.130615 0.916748
vt 0.136963 0.915771
vt 0.126953 0.907715
vt 0.133057 0.910645
vt 0.111816 0.887207
vt 0.139404 0.909668
vt 0.134033 0.904541
vt 0.130615 0.899658
vt 0.147461 0.912598
vt 0.168213 0.919678
vt 0.157471 0.906982
vt 0.144043 0.899658
vt 0.173096 0.908447
vt 0.164551 0.897705
vt 0.136475 0.895996
vt 0.151611 0.885742
vt 0.130371 0.886230
vt 0.137939 0.874512
vt 0.114258 0.870361
vt 0.094238 0.852539
vt 0.081543 0.851074
vt 0.104248 0.848145
vt 0.121094 0.861328
vt 0.131592 0.857910
vt 0.150879 0.868896
vt 0.148926 0.863281
vt 0.132324 0.853760
vt 0.161133 0.871826
vt 0.163330 0.883545
vt 0.171387 0.880615
vt 0.182373 0.891846
vt 0.181641 0.898193
vt 0.194824 0.896729
vt 0.180176 0.904297
vt 0.195068 0.905518
vt 0.190918 0.914795
vt 0.214600 0.908447
vt 0.195801 0.927734
vt 0.208252 0.918213
vt 0.209473 0.928467
vt 0.197266 0.939209
vt 0.212402 0.940674
vt 0.217773 0.924805
vt 0.222168 0.940674
vt 0.218018 0.953125
vt 0.224121 0.916260
vt 0.224121 0.902588
vt 0.223877 0.934570
vt 0.228760 0.934082
vt 0.229004 0.917725
vt 0.238525 0.947754
vt 0.230713 0.900879
vt 0.240967 0.892090
vt 0.263672 0.877686
vt 0.260986 0.880615
vt 0.253906 0.885498
vt 0.241455 0.893555
vt 0.234375 0.900879
vt 0.232422 0.916992
vt 0.242920 0.935791
vt 0.238281 0.940918
vt 0.252930 0.947266
vt 0.251465 0.953369
vt 0.258545 0.954834
vt 0.255615 0.961670
vt 0.258789 0.962646
vt 0.248291 0.955811
vt 0.232910 0.951904
vt 0.247314 0.959473
vt 0.249023 0.963623
vt 0.252930 0.968262
vt 0.236572 0.956787
vt 0.232422 0.961426
vt 0.243164 0.966553
vt 0.244629 0.973633
vt 0.211670 0.958740
vt 0.237061 0.975342
vt 0.244141 0.979736
vt 0.250244 0.979980
vt 0.251953 0.991211
vt 0.245605 0.987793
vt 0.238037 0.979736
vt 0.241211 0.991699
vt 0.286133 0.591309
vt 0.293945 0.601318
vt 0.286377 0.609131
vt 0.297852 0.615479
vt 0.283936 0.622559
vt 0.297119 0.588867
vt 0.292480 0.576172
vt 0.302979 0.597656
vt 0.303711 0.582520
vt 0.302246 0.610840
vt 0.315674 0.609375
vt 0.317383 0.624756
vt 0.325928 0.600586
vt 0.333252 0.621582
vt 0.343262 0.615479
vt 0.324707 0.586426
vt 0.343262 0.604004
vt 0.343262 0.635986
vt 0.351807 0.624756
vt 0.368408 0.623047
vt 0.344238 0.595215
vt 0.372803 0.617432
vt 0.335205 0.584229
vt 0.314209 0.574219
vt 0.367188 0.631836
vt 0.356201 0.597412
vt 0.353027 0.589844
vt 0.385010 0.635254
vt 0.356445 0.633301
vt 0.374023 0.601318
vt 0.375977 0.612793
vt 0.356445 0.649658
vt 0.385986 0.624268
vt 0.387451 0.630127
vt 0.392822 0.622314
vt 0.396484 0.629639
vt 0.387939 0.605225
vt 0.395508 0.615723
vt 0.393555 0.634277
vt 0.399170 0.615967
vt 0.401123 0.629395
vt 0.403809 0.644531
vt 0.391357 0.600830
vt 0.408203 0.598389
vt 0.397705 0.592529
vt 0.384033 0.589844
vt 0.391357 0.589844
vt 0.393799 0.569092
vt 0.376221 0.594727
vt 0.384033 0.577881
vt 0.375732 0.585693
vt 0.364990 0.583008
vt 0.375244 0.576660
vt 0.367188 0.573486
vt 0.354248 0.576172
vt 0.378662 0.561768
vt 0.368896 0.558838
vt 0.355469 0.571777
vt 0.360107 0.562500
vt 0.348389 0.566895
vt 0.333252 0.574219
vt 0.317627 0.570068
vt 0.332275 0.561035
vt 0.317383 0.560547
vt 0.308105 0.559326
vt 0.304199 0.563721
vt 0.321777 0.550293
vt 0.309570 0.552734
vt 0.302734 0.555664
vt 0.310059 0.545410
vt 0.297363 0.558105
vt 0.297119 0.547607
vt 0.322021 0.538574
vt 0.336182 0.552734
vt 0.329346 0.542236
vt 0.349365 0.558105
vt 0.337402 0.544922
vt 0.358643 0.553955
vt 0.351074 0.543945
vt 0.362549 0.549316
vt 0.335693 0.536377
vt 0.329346 0.533691
vt 0.351807 0.538574
vt 0.343506 0.530518
vt 0.364258 0.542969
vt 0.373291 0.546875
vt 0.363281 0.532959
vt 0.327637 0.524902
vt 0.322021 0.527100
vt 0.343506 0.523926
vt 0.329102 0.516113
vt 0.352539 0.519775
vt 0.314209 0.533203
vt 0.367676 0.522217
vt 0.348145 0.510986
vt 0.304688 0.540771
vt 0.307129 0.527588
vt 0.297119 0.537598
vt 0.320068 0.515625
vt 0.303711 0.522949
vt 0.310059 0.511963
vt 0.298340 0.517090
vt 0.326416 0.512695
vt 0.327393 0.503174
vt 0.336914 0.509277
vt 0.293945 0.531250
vt 0.292480 0.523926
vt 0.290771 0.544434
vt 0.289307 0.533447
vt 0.286133 0.514160
vt 0.288086 0.548096
vt 0.279541 0.543945
vt 0.285889 0.525146
vt 0.282959 0.522949
vt 0.277100 0.538086
vt 0.281006 0.552734
vt 0.290039 0.562744
vt 0.295410 0.563721
vt 0.286133 0.573242
vt 0.301514 0.571533
vt 0.299805 0.630859
vt 0.296875 0.634766
vt 0.282959 0.632080
vt 0.313965 0.633789
vt 0.300537 0.638672
vt 0.302002 0.647217
vt 0.306396 0.642822
vt 0.328613 0.645752
vt 0.289307 0.651123
vt 0.298096 0.662598
vt 0.286133 0.665039
vt 0.301270 0.674072
vt 0.282959 0.676758
vt 0.308838 0.667236
vt 0.312256 0.656738
vt 0.318359 0.671631
vt 0.322754 0.653320
vt 0.321045 0.663086
vt 0.344727 0.655518
vt 0.330811 0.663574
vt 0.327393 0.674316
vt 0.343262 0.666504
vt 0.354492 0.662109
vt 0.357178 0.668945
vt 0.367920 0.654053
vt 0.377930 0.669434
vt 0.333008 0.679932
vt 0.367920 0.641357
vt 0.387207 0.661865
vt 0.401123 0.669922
vt 0.404053 0.666016
vt 0.386963 0.652100
vt 0.401855 0.660645
vt 0.385986 0.644043
vt 0.399170 0.651123
vt 0.406982 0.657471
vt 0.411621 0.662842
vt 0.412842 0.656738
vt 0.414062 0.650879
vt 0.413574 0.630859
vt 0.419678 0.635742
vt 0.418213 0.621338
vt 0.409912 0.618164
vt 0.422119 0.592529
vt 0.411133 0.604492
vt 0.419189 0.591797
vt 0.419678 0.567139
vt 0.416504 0.569336
vt 0.416992 0.549316
vt 0.414307 0.576904
vt 0.410889 0.545166
vt 0.411377 0.558594
vt 0.407959 0.574951
vt 0.400879 0.575195
vt 0.403809 0.550537
vt 0.401123 0.539795
vt 0.397217 0.526123
vt 0.396240 0.550293
vt 0.388916 0.547119
vt 0.390381 0.535889
vt 0.388184 0.522705
vt 0.373779 0.506104
vt 0.380371 0.548096
vt 0.380859 0.531006
vt 0.375000 0.535400
vt 0.380371 0.520752
vt 0.369629 0.517090
vt 0.368652 0.508301
vt 0.355713 0.499512
vt 0.350586 0.503174
vt 0.352295 0.490723
vt 0.337158 0.497803
vt 0.273193 0.068115
vt 0.276123 0.072754
vt 0.261475 0.080566
vt 0.267822 0.067871
vt 0.269775 0.054932
vt 0.256836 0.067871
vt 0.254150 0.093506
vt 0.280518 0.054688
vt 0.258301 0.093262
vt 0.270020 0.086426
vt 0.263672 0.099854
vt 0.278076 0.087646
vt 0.250732 0.101074
vt 0.278320 0.099121
vt 0.288330 0.088623
vt 0.290283 0.099365
vt 0.248535 0.096924
vt 0.237061 0.102539
vt 0.247559 0.084229
vt 0.236328 0.093994
vt 0.218994 0.102783
vt 0.228271 0.084473
vt 0.209717 0.090820
vt 0.219238 0.072510
vt 0.238525 0.079346
vt 0.234619 0.071045
vt 0.225586 0.062744
vt 0.244873 0.073975
vt 0.241455 0.063721
vt 0.237305 0.052002
vt 0.229248 0.047119
vt 0.235840 0.029541
vt 0.247559 0.032715
vt 0.250732 0.056396
vt 0.258301 0.039062
vt 0.255859 0.025879
vt 0.265869 0.036621
vt 0.264893 0.020264
vt 0.270752 0.031738
vt 0.278076 0.020264
vt 0.279053 0.031738
vt 0.283936 0.025391
vt 0.284180 0.035156
vt 0.290527 0.035645
vt 0.297119 0.046143
vt 0.290527 0.066406
vt 0.304688 0.074219
vt 0.302979 0.095215
vt 0.312256 0.095215
vt 0.309082 0.104980
vt 0.072754 0.553711
vt 0.057129 0.561279
vt 0.058838 0.540771
vt 0.062500 0.564697
vt 0.081543 0.562500
vt 0.044434 0.578369
vt 0.046143 0.560547
vt 0.052002 0.580811
vt 0.031982 0.552490
vt 0.066406 0.571777
vt 0.026611 0.538086
vt 0.080811 0.579102
vt 0.095459 0.582031
vt 0.070557 0.594971
vt 0.093018 0.592529
vt 0.044189 0.524170
vt 0.009766 0.541016
vt 0.066406 0.511719
vt 0.016357 0.525391
vt 0.069580 0.497559
vt 0.048584 0.509521
vt 0.044434 0.501953
vt 0.004883 0.512695
vt 0.956299 0.052734
vt 0.940674 0.046143
vt 0.953613 0.041992
vt 0.936279 0.037598
vt 0.945557 0.035645
vt 0.950928 0.028564
vt 0.944824 0.019531
vt 0.953125 0.028076
vt 0.952148 0.016846
vt 0.958496 0.046143
vt 0.966553 0.057373
vt 0.961182 0.064697
vt 0.970947 0.071045
vt 0.953857 0.058838
vt 0.949951 0.079102
vt 0.969727 0.087402
vt 0.953369 0.101318
vt 0.943604 0.067871
vt 0.935303 0.081787
vt 0.941162 0.054199
vt 0.925537 0.051758
vt 0.976318 0.426758
vt 0.996582 0.430908
vt 0.994629 0.439453
vt 0.985840 0.421875
vt 0.965820 0.419434
vt 0.968506 0.438965
vt 0.985107 0.409180
vt 0.998779 0.411133
vt 0.969727 0.398926
vt 0.987061 0.400635
vt 0.952881 0.415527
vt 0.962646 0.397949
vt 0.962402 0.384766
vt 0.947266 0.415771
vt 0.955811 0.392822
vt 0.952881 0.378906
vt 0.682373 0.255859
vt 0.672119 0.255127
vt 0.690918 0.248291
vt 0.686768 0.258789
vt 0.678711 0.267334
vt 0.701904 0.255371
vt 0.680176 0.239502
vt 0.708008 0.249268
vt 0.732422 0.250000
vt 0.697021 0.243408
vt 0.733398 0.245850
vt 0.751709 0.237549
vt 0.708008 0.242432
vt 0.721924 0.243896
vt 0.736328 0.239502
vt 0.754395 0.231934
vt 0.718994 0.238281
vt 0.701904 0.236816
vt 0.734863 0.233643
vt 0.717041 0.229248
vt 0.677490 0.224365
vt 0.667236 0.237305
vt 0.702637 0.219482
vt 0.753418 0.227051
vt 0.730469 0.222900
vt 0.767578 0.224609
vt 0.677979 0.212646
vt 0.665039 0.227295
vt 0.709229 0.212646
vt 0.689209 0.202148
vt 0.675293 0.198730
vt 0.654297 0.203369
vt 0.671387 0.188232
vt 0.690674 0.192139
vt 0.704102 0.196777
vt 0.718262 0.201904
vt 0.737549 0.209473
vt 0.754150 0.209473
vt 0.733643 0.192871
vt 0.717529 0.188721
vt 0.706543 0.182617
vt 0.719727 0.167969
vt 0.686035 0.176025
vt 0.696777 0.166748
vt 0.669678 0.173340
vt 0.653809 0.181396
vt 0.683594 0.162354
vt 0.700684 0.154053
vt 0.673096 0.154541
vt 0.658447 0.153320
vt 0.652344 0.164062
vt 0.685059 0.148438
vt 0.666992 0.140625
vt 0.650391 0.136475
vt 0.668701 0.125977
vt 0.657227 0.120850
vt 0.684326 0.134521
vt 0.697998 0.142334
vt 0.689453 0.118164
vt 0.670166 0.106934
vt 0.699463 0.131592
vt 0.681152 0.102539
vt 0.726807 0.151123
vt 0.717529 0.137695
vt 0.712646 0.117188
vt 0.699951 0.105469
vt 0.696289 0.094727
vt 0.718018 0.096191
vt 0.722168 0.105469
vt 0.737549 0.107422
vt 0.736328 0.115723
vt 0.755859 0.117676
vt 0.732910 0.127930
vt 0.752686 0.123779
vt 0.778809 0.134521
vt 0.781494 0.124756
vt 0.757812 0.137451
vt 0.740967 0.142090
vt 0.750977 0.150391
vt 0.775879 0.149170
vt 0.761230 0.160889
vt 0.741211 0.166748
vt 0.732422 0.181885
vt 0.752686 0.181152
vt 0.779297 0.162354
vt 0.750244 0.199707
vt 0.769043 0.170410
vt 0.765137 0.191406
vt 0.772461 0.180420
vt 0.782227 0.171631
vt 0.780029 0.188477
vt 0.769775 0.200195
vt 0.767334 0.215088
vt 0.785400 0.210938
vt 0.784668 0.201660
vt 0.805664 0.193359
vt 0.790771 0.184326
vt 0.807129 0.184326
vt 0.816406 0.182617
vt 0.799561 0.174072
vt 0.796387 0.162354
vt 0.812012 0.166992
vt 0.820312 0.169189
vt 0.828369 0.168945
vt 0.818115 0.156006
vt 0.791016 0.155029
vt 0.830078 0.158203
vt 0.833496 0.161865
vt 0.836670 0.151611
vt 0.808594 0.151855
vt 0.807617 0.142578
vt 0.829590 0.150146
vt 0.820557 0.146973
vt 0.831787 0.145996
vt 0.831543 0.137207
vt 0.827637 0.144287
vt 0.826660 0.138916
vt 0.825928 0.132324
vt 0.824463 0.142090
vt 0.817139 0.133057
vt 0.808105 0.125244
vt 0.815918 0.137939
vt 0.797363 0.132568
vt 0.801025 0.126953
vt 0.787842 0.118652
vt 0.798096 0.115234
vt 0.802002 0.107178
vt 0.805420 0.109619
vt 0.275146 0.000244
vt 0.296143 0.000244
vt 0.287598 0.004150
vt 0.057861 0.036133
vt 0.057617 0.029541
vt 0.073242 0.034180
vt 0.075684 0.026611
vt 0.048340 0.022949
vt 0.093750 0.026367
vt 0.090332 0.036377
vt 0.097900 0.029053
vt 0.043945 0.033691
vt 0.034424 0.022949
vt 0.025635 0.030762
vt 0.025635 0.041016
vt 0.055176 0.052490
vt 0.077637 0.045898
vt 0.085205 0.041748
vt 0.086670 0.046387
vt 0.078613 0.054199
vt 0.030518 0.063232
vt 0.013184 0.054688
vt 0.016602 0.065674
vt 0.096191 0.042969
vt 0.030518 0.081787
vt 0.018555 0.074463
vt 0.038818 0.096436
vt 0.048828 0.079346
vt 0.045654 0.098389
vt 0.037109 0.115479
vt 0.030273 0.105957
vt 0.065918 0.070068
vt 0.045654 0.110596
vt 0.054688 0.088867
vt 0.081299 0.057861
vt 0.067383 0.075439
vt 0.051270 0.101562
vt 0.057861 0.095947
vt 0.080811 0.066650
vt 0.093018 0.047607
vt 0.090088 0.056396
vt 0.072021 0.086426
vt 0.056396 0.105469
vt 0.066162 0.103027
vt 0.065674 0.110596
vt 0.049561 0.109131
vt 0.058350 0.116211
vt 0.048828 0.128662
vt 0.043457 0.121826
vt 0.029541 0.143555
vt 0.033203 0.151855
vt 0.040771 0.121094
vt 0.027344 0.131348
vt 0.034424 0.131592
vt 0.023682 0.146240
vt 0.027344 0.143555
vt 0.080566 0.099609
vt 0.078613 0.108154
vt 0.095215 0.087891
vt 0.095947 0.094482
vt 0.092529 0.102295
vt 0.094727 0.081787
vt 0.104980 0.082520
vt 0.106201 0.092773
vt 0.108154 0.102051
vt 0.109863 0.080078
vt 0.116943 0.092773
vt 0.100586 0.078369
vt 0.083496 0.077393
vt 0.127441 0.077881
vt 0.091797 0.077393
vt 0.095215 0.074219
vt 0.088379 0.072266
vt 0.091309 0.065430
vt 0.100342 0.069580
vt 0.115723 0.070801
vt 0.101562 0.062988
vt 0.123291 0.068848
vt 0.133545 0.072021
vt 0.131104 0.067871
vt 0.115234 0.062500
vt 0.103271 0.055908
vt 0.113037 0.055176
vt 0.097412 0.049072
vt 0.105713 0.048828
vt 0.107178 0.043701
vt 0.113037 0.041016
vt 0.104248 0.029297
vt 0.097900 0.035645
vt 0.745117 0.392090
vt 0.741455 0.379639
vt 0.740479 0.391846
vt 0.735352 0.391602
vt 0.729492 0.406494
vt 0.734619 0.378174
vt 0.743652 0.369385
vt 0.738037 0.361084
vt 0.733643 0.362549
vt 0.733398 0.343262
vt 0.728516 0.333984
vt 0.727539 0.341309
vt 0.727051 0.326660
vt 0.719238 0.328125
vt 0.715088 0.319092
vt 0.710693 0.319336
vt 0.702881 0.305664
vt 0.716797 0.331543
vt 0.724365 0.349854
vt 0.703369 0.317383
vt 0.711182 0.333252
vt 0.727539 0.364014
vt 0.692871 0.304932
vt 0.728271 0.375000
vt 0.723145 0.360352
vt 0.718750 0.365234
vt 0.724609 0.385010
vt 0.717529 0.398682
vt 0.718750 0.371582
vt 0.711426 0.377197
vt 0.713379 0.369629
vt 0.709961 0.357910
vt 0.702881 0.381348
vt 0.693359 0.411377
vt 0.679443 0.395508
vt 0.704590 0.371338
vt 0.706299 0.361816
vt 0.704102 0.366699
vt 0.678711 0.377441
vt 0.696777 0.366455
vt 0.694092 0.362061
vt 0.661621 0.392578
vt 0.689697 0.354004
vt 0.684814 0.363525
vt 0.669678 0.369385
vt 0.660889 0.375488
vt 0.682861 0.359863
vt 0.673828 0.363770
vt 0.648926 0.383057
vt 0.645264 0.401123
vt 0.661377 0.365723
vt 0.654053 0.367676
vt 0.675781 0.360840
vt 0.661865 0.361816
vt 0.664062 0.357910
vt 0.652344 0.363525
vt 0.672363 0.356445
vt 0.673340 0.351562
vt 0.645752 0.368164
vt 0.657715 0.354736
vt 0.660156 0.352783
vt 0.650146 0.357178
vt 0.647461 0.354004
vt 0.634766 0.359131
vt 0.639893 0.360107
vt 0.651611 0.359375
vt 0.646240 0.362305
vt 0.643066 0.366455
vt 0.631592 0.366211
vt 0.629395 0.374756
vt 0.640381 0.376953
vt 0.626709 0.386719
vt 0.630859 0.391357
vt 0.719971 0.351318
vt 0.712158 0.350098
vt 0.696533 0.336426
vt 0.699219 0.320312
vt 0.679199 0.335693
vt 0.687012 0.318359
vt 0.691650 0.311523
vt 0.665283 0.343262
vt 0.686768 0.305176
vt 0.658447 0.345703
vt 0.662354 0.333740
vt 0.679932 0.305664
vt 0.684326 0.300781
vt 0.651367 0.350098
vt 0.641357 0.350586
vt 0.647461 0.342529
vt 0.639648 0.339844
vt 0.653076 0.333984
vt 0.649414 0.326172
vt 0.658203 0.326660
vt 0.660889 0.321533
vt 0.644287 0.313965
vt 0.625000 0.333008
vt 0.654785 0.317871
vt 0.659180 0.315186
vt 0.653320 0.305176
vt 0.658936 0.301758
vt 0.665283 0.303711
vt 0.648193 0.293457
vt 0.629150 0.297607
vt 0.658691 0.291992
vt 0.665039 0.292725
vt 0.653564 0.284912
vt 0.636963 0.280762
vt 0.665039 0.285156
vt 0.657471 0.281250
vt 0.645996 0.277832
vt 0.654297 0.276611
vt 0.634766 0.270020
vt 0.647949 0.270752
vt 0.666016 0.280273
vt 0.660645 0.275635
vt 0.673584 0.282715
vt 0.673096 0.288086
vt 0.678467 0.281982
vt 0.674316 0.277588
vt 0.676270 0.295410
vt 0.680176 0.288086
vt 0.685547 0.278076
vt 0.675537 0.302979
vt 0.665527 0.311768
vt 0.670898 0.310791
vt 0.668701 0.324951
vt 0.808105 0.011475
vt 0.802002 0.002686
vt 0.813232 0.003662
vt 0.793701 0.000977
vt 0.303955 0.684570
vt 0.282959 0.688477
vt 0.288330 0.700439
vt 0.274414 0.701416
vt 0.273193 0.710693
vt 0.311768 0.700195
vt 0.317139 0.678955
vt 0.318848 0.683105
vt 0.322021 0.694336
vt 0.326416 0.698975
vt 0.332520 0.689453
vt 0.341553 0.693848
vt 0.336914 0.696777
s 1
usemtl tripo_mat_c8b513ea-1973-4e16-adbd-20a9aa9b1b88
f 16/1 146/2 2808/3
f 208/4 176/5 146/2
f 146/2 176/5 41/6
f 41/6 176/5 119/7
f 146/2 41/6 2808/3
f 208/4 146/2 112/8
f 112/8 146/2 16/1
f 208/4 112/8 128/9
f 112/8 16/1 2756/10
f 112/8 2756/10 128/9
f 102/11 244/12 128/9
f 102/11 128/9 2756/10
f 102/11 2756/10 2931/13
f 102/11 2931/13 144/14
f 2756/10 16/1 2834/15
f 2756/10 2834/15 2925/16
f 2756/10 2925/16 2931/13
f 2834/15 16/1 2911/17
f 2911/17 16/1 2808/3
f 2925/16 2834/15 3013/18
f 3013/18 2834/15 2911/17
f 2931/13 2925/16 3152/19
f 3152/19 2925/16 3013/18
f 2911/17 2808/3 3022/20
f 3013/18 2911/17 3174/21
f 3174/21 2911/17 3022/20
f 3022/20 2808/3 2995/22
f 3022/20 2995/22 3174/21
f 2995/22 2808/3 2930/23
f 2930/23 2808/3 41/6
f 2930/23 41/6 119/7
f 3273/24 3152/19 3013/18
f 3273/24 3013/18 3174/21
f 3152/19 3273/24 3323/25
f 3152/19 3323/25 3194/26
f 3152/19 3194/26 2931/13
f 3323/25 3273/24 3550/27
f 3273/24 3174/21 3401/28
f 3273/24 3401/28 3550/27
f 3401/28 3174/21 3339/29
f 3339/29 3174/21 2995/22
f 3550/27 3401/28 3688/30
f 3688/30 3401/28 3339/29
f 3323/25 3550/27 3910/31
f 3323/25 3910/31 3194/26
f 3550/27 3688/30 4089/32
f 3550/27 4089/32 3910/31
f 3339/29 2995/22 3324/33
f 3339/29 3324/33 3688/30
f 3324/33 2995/22 2930/23
f 4089/32 3688/30 4099/34
f 4099/34 3688/30 3324/33
f 3910/31 4089/32 4571/35
f 3324/33 2930/23 3237/36
f 4089/32 4099/34 4251/37
f 3237/36 2930/23 3001/38
f 4089/32 4251/37 4568/39
f 4089/32 4568/39 4571/35
f 4251/37 4099/34 4702/40
f 4251/37 4702/40 4568/39
f 3001/38 2930/23 2784/41
f 2784/41 2930/23 119/7
f 2784/41 119/7 192/42
f 2784/41 192/42 134/43
f 3001/38 2784/41 2928/44
f 2928/44 2784/41 134/43
f 3001/38 2928/44 3159/45
f 3001/38 3159/45 3237/36
f 2928/44 134/43 31/46
f 31/46 134/43 293/47
f 31/46 293/47 117/48
f 31/46 117/48 133/49
f 2928/44 31/46 3055/50
f 2928/44 3055/50 3159/45
f 31/46 133/49 2975/51
f 31/46 2975/51 3055/50
f 2975/51 133/49 2872/52
f 2872/52 133/49 213/53
f 2872/52 213/53 87/54
f 191/55 38/56 87/54
f 87/54 38/56 2861/57
f 87/54 2861/57 2872/52
f 2872/52 2861/57 3121/58
f 2872/52 3121/58 2975/51
f 3121/58 2861/57 3162/59
f 3121/58 3162/59 4020/60
f 2975/51 3121/58 3244/61
f 2975/51 3244/61 3055/50
f 3244/61 3121/58 4020/60
f 4020/60 3162/59 3844/62
f 4020/60 3844/62 4394/63
f 4394/63 3844/62 4130/64
f 3244/61 4020/60 4174/65
f 3055/50 3244/61 3581/66
f 3581/66 3244/61 4174/65
f 3055/50 3581/66 3226/67
f 3055/50 3226/67 3159/45
f 3159/45 3226/67 3359/68
f 3159/45 3359/68 3237/36
f 3237/36 3359/68 3324/33
f 3359/68 3226/67 3751/69
f 3751/69 3226/67 3581/66
f 3324/33 3359/68 3853/70
f 3853/70 3359/68 3751/69
f 3324/33 3853/70 4099/34
f 3751/69 3581/66 4230/71
f 4230/71 3581/66 4174/65
f 3853/70 3751/69 4298/72
f 4298/72 3751/69 4230/71
f 4099/34 3853/70 4384/73
f 4384/73 3853/70 4298/72
f 4099/34 4384/73 4702/40
f 4230/71 4174/65 4408/74
f 4298/72 4230/71 4422/75
f 4422/75 4230/71 4408/74
f 4298/72 4422/75 4425/76
f 4384/73 4298/72 4508/77
f 4508/77 4298/72 4425/76
f 4425/76 4422/75 4556/78
f 4425/76 4556/78 4508/77
f 4422/75 4408/74 4613/79
f 4422/75 4613/79 4556/78
f 4384/73 4508/77 4638/80
f 4638/80 4508/77 4556/78
f 4384/73 4638/80 4702/40
f 4613/79 4408/74 4690/81
f 4556/78 4613/79 4740/82
f 4740/82 4613/79 4690/81
f 4638/80 4556/78 4718/83
f 4718/83 4556/78 4740/82
f 4638/80 4718/83 4734/84
f 4638/80 4734/84 4702/40
f 4718/83 4740/82 4755/85
f 4718/83 4755/85 4734/84
f 4702/40 4734/84 4781/86
f 4781/86 4734/84 4755/85
f 4781/86 4755/85 4823/87
f 4823/87 4755/85 4740/82
f 4702/40 4781/86 4790/88
f 4790/88 4781/86 4823/87
f 4702/40 4790/88 4773/89
f 4702/40 4773/89 4568/39
f 4790/88 4823/87 4827/90
f 4790/88 4827/90 4773/89
f 4823/87 4740/82 4808/91
f 4808/91 4740/82 4690/81
f 4827/90 4823/87 4861/92
f 4861/92 4823/87 4808/91
f 4568/39 4773/89 4762/93
f 4568/39 4762/93 4571/35
f 4773/89 4827/90 4829/94
f 4773/89 4829/94 4762/93
f 4827/90 4861/92 4884/95
f 4827/90 4884/95 4829/94
f 4762/93 4829/94 4818/96
f 4571/35 4762/93 4736/97
f 4736/97 4762/93 4818/96
f 4571/35 4736/97 4428/98
f 4571/35 4428/98 3910/31
f 4829/94 4884/95 4880/99
f 4829/94 4880/99 4818/96
f 4818/96 4880/99 4870/100
f 4880/99 4884/95 4895/101
f 4870/100 4880/99 4878/102
f 4878/102 4880/99 4895/101
f 4818/96 4870/100 4832/103
f 4832/103 4870/100 4878/102
f 4818/96 4832/103 4777/104
f 4818/96 4777/104 4736/97
f 4832/103 4878/102 4816/105
f 4777/104 4832/103 4768/106
f 4768/106 4832/103 4816/105
f 4777/104 4768/106 4710/107
f 4777/104 4710/107 4736/97
f 4736/97 4710/107 4516/108
f 4736/97 4516/108 4428/98
f 4710/107 4768/106 4742/109
f 4768/106 4816/105 4760/110
f 4768/106 4760/110 4742/109
f 4710/107 4742/109 4637/111
f 4710/107 4637/111 4516/108
f 4742/109 4760/110 4663/112
f 4742/109 4663/112 4637/111
f 4663/112 4760/110 4765/113
f 4663/112 4765/113 4763/114
f 4765/113 4760/110 4805/115
f 4765/113 4805/115 4763/114
f 4805/115 4760/110 4816/105
f 4763/114 4805/115 4764/116
f 4764/116 4805/115 4813/117
f 4813/117 4805/115 4816/105
f 4813/117 4816/105 4878/102
f 4813/117 4878/102 4835/118
f 4813/117 4835/118 4746/119
f 4835/118 4878/102 4895/101
f 4746/119 4835/118 4737/120
f 4746/119 4737/120 4393/121
f 4393/121 4737/120 4535/122
f 4535/122 4737/120 4714/123
f 4535/122 4714/123 4709/124
f 4737/120 4835/118 4771/125
f 4737/120 4771/125 4714/123
f 4835/118 4895/101 4856/126
f 4835/118 4856/126 4771/125
f 4714/123 4771/125 4797/127
f 4797/127 4771/125 4856/126
f 4714/123 4797/127 4709/124
f 4856/126 4895/101 4898/128
f 4898/128 4895/101 4884/95
f 4797/127 4856/126 4831/129
f 4831/129 4856/126 4898/128
f 4709/124 4797/127 4743/130
f 4743/130 4797/127 4831/129
f 4709/124 4743/130 4546/131
f 4546/131 4743/130 4644/132
f 4898/128 4884/95 4897/133
f 4897/133 4884/95 4861/92
f 4831/129 4898/128 4890/134
f 4890/134 4898/128 4897/133
f 4743/130 4831/129 4767/135
f 4743/130 4767/135 4644/132
f 4767/135 4831/129 4890/134
f 4897/133 4861/92 4864/136
f 4897/133 4864/136 4890/134
f 4864/136 4861/92 4808/91
f 4767/135 4890/134 4824/137
f 4824/137 4890/134 4864/136
f 4864/136 4808/91 4774/138
f 4864/136 4774/138 4824/137
f 4774/138 4808/91 4690/81
f 4767/135 4824/137 4691/139
f 4767/135 4691/139 4644/132
f 4824/137 4774/138 4699/140
f 4699/140 4774/138 4690/81
f 4824/137 4699/140 4691/139
f 4644/132 4691/139 4515/141
f 4644/132 4515/141 4406/142
f 4406/142 4515/141 4130/64
f 4130/64 4515/141 4394/63
f 4394/63 4515/141 4691/139
f 4394/63 4691/139 4699/140
f 4699/140 4690/81 4451/143
f 4699/140 4451/143 4394/63
f 4451/143 4690/81 4408/74
f 4394/63 4451/143 4020/60
f 4451/143 4408/74 4174/65
f 4451/143 4174/65 4020/60
f 741/144 979/145 716/146
f 979/145 741/144 851/147
f 851/147 741/144 771/148
f 851/147 771/148 856/149
f 851/147 856/149 979/145
f 771/148 741/144 657/150
f 771/148 657/150 856/149
f 741/144 716/146 632/151
f 741/144 632/151 657/150
f 632/151 716/146 533/152
f 657/150 632/151 575/153
f 575/153 632/151 533/152
f 657/150 575/153 427/154
f 856/149 657/150 559/155
f 559/155 657/150 427/154
f 427/154 575/153 293/156
f 293/156 575/153 533/152
f 427/154 293/156 134/157
f 427/154 134/157 192/158
f 427/154 192/158 327/159
f 427/154 327/159 559/155
f 327/159 192/158 119/160
f 559/155 327/159 569/161
f 327/159 119/160 279/162
f 279/162 119/160 176/163
f 279/162 176/163 208/164
f 327/159 279/162 440/165
f 327/159 440/165 569/161
f 279/162 208/164 244/166
f 244/166 208/164 128/167
f 279/162 244/166 440/165
f 569/161 440/165 647/168
f 569/161 647/168 559/155
f 440/165 244/166 325/169
f 325/169 244/166 102/170
f 325/169 102/170 144/171
f 440/165 325/169 513/172
f 440/165 513/172 647/168
f 325/169 144/171 360/173
f 325/169 360/173 513/172
f 360/173 144/171 70/174
f 360/173 70/174 290/175
f 854/176 559/155 647/168
f 559/155 854/176 856/149
f 647/168 513/172 755/177
f 647/168 755/177 854/176
f 755/177 513/172 683/178
f 602/179 513/172 360/173
f 513/172 602/179 683/178
f 755/177 683/178 820/180
f 820/180 683/178 602/179
f 854/176 755/177 940/181
f 940/181 755/177 820/180
f 602/179 360/173 524/182
f 602/179 524/182 820/180
f 524/182 360/173 290/175
f 524/182 290/175 364/183
f 364/183 290/175 2/184
s 0
f 364/183 2/184 105/185
s 1
f 524/182 364/183 715/186
f 524/182 715/186 820/180
s 0
f 364/183 105/185 384/187
f 384/187 105/185 184/188
f 364/183 384/187 736/189
f 364/183 736/189 715/186
f 384/187 184/188 374/190
s 1
f 374/190 184/188 75/191
f 925/192 940/181 820/180
f 925/192 820/180 715/186
f 940/181 925/192 1220/193
f 925/192 715/186 1126/194
f 925/192 1126/194 1220/193
f 940/181 1220/193 1182/195
f 940/181 1182/195 854/176
f 1182/195 1220/193 1443/196
f 854/176 1182/195 1034/197
f 854/176 1034/197 856/149
f 1034/197 1182/195 1368/198
f 1368/198 1182/195 1443/196
f 856/149 1034/197 1288/199
f 1288/199 1034/197 1368/198
f 856/149 1288/199 979/145
f 1288/199 1368/198 1615/200
f 1615/200 1368/198 1443/196
f 979/145 1288/199 1386/201
f 1386/201 1288/199 1615/200
f 979/145 1386/201 1082/202
f 1615/200 1443/196 1657/203
f 979/145 1082/202 883/204
f 979/145 883/204 716/146
f 716/146 883/204 617/205
f 716/146 617/205 533/152
f 883/204 1082/202 852/206
f 883/204 852/206 617/205
f 1361/207 1082/202 1386/201
f 1082/202 1361/207 852/206
f 1361/207 1386/201 1685/208
f 1685/208 1386/201 1615/200
f 533/152 617/205 401/209
f 401/209 617/205 852/206
f 1685/208 1615/200 1705/210
f 1705/210 1615/200 1657/203
f 1361/207 1685/208 1631/211
f 1198/212 852/206 1361/207
f 1198/212 1361/207 1631/211
f 1631/211 1685/208 1781/213
f 1781/213 1685/208 1705/210
f 1631/211 1781/213 1649/214
f 1631/211 1649/214 1198/212
f 1781/213 1705/210 1759/215
f 1649/214 1781/213 1602/216
f 1602/216 1781/213 1759/215
f 1198/212 1649/214 1325/217
f 1325/217 1649/214 1602/216
f 1759/215 1705/210 1706/218
f 1706/218 1705/210 1657/203
f 1602/216 1759/215 1740/219
f 1740/219 1759/215 1706/218
f 1325/217 1602/216 1567/220
f 1567/220 1602/216 1740/219
f 1198/212 1325/217 1011/221
f 1325/217 1567/220 1264/222
f 1325/217 1264/222 1011/221
f 1264/222 1567/220 1762/223
f 1762/223 1567/220 1740/219
f 1740/219 1706/218 1917/224
f 1264/222 1762/223 1318/225
f 1264/222 1318/225 1011/221
f 1762/223 1740/219 2137/226
f 2137/226 1740/219 1917/224
f 1917/224 1706/218 1723/227
f 1723/227 1706/218 1657/203
f 1917/224 1723/227 2067/228
f 1917/224 2067/228 2137/226
f 1723/227 1657/203 1669/229
f 2067/228 1723/227 1877/230
f 1877/230 1723/227 1669/229
f 1669/229 1657/203 1595/231
f 1595/231 1657/203 1443/196
f 1877/230 1669/229 1516/232
f 1516/232 1669/229 1595/231
f 1595/231 1443/196 1394/233
f 1595/231 1394/233 1516/232
f 1394/233 1443/196 1220/193
f 1394/233 1220/193 1126/194
f 1516/232 1394/233 1277/234
f 1277/234 1394/233 1126/194
f 1877/230 1516/232 1708/235
f 1708/235 1516/232 1246/236
f 1246/236 1516/232 1277/234
f 1877/230 1708/235 2020/237
f 1877/230 2020/237 2067/228
f 2067/228 2020/237 2163/238
f 2067/228 2163/238 2137/226
f 2163/238 2020/237 2221/239
f 2137/226 2163/238 2213/240
f 2163/238 2221/239 2209/241
f 2163/238 2209/241 2213/240
f 2221/239 2020/237 2015/242
f 2015/242 2020/237 1708/235
f 2221/239 2015/242 2245/243
f 2245/243 2015/242 2355/244
f 2245/243 2355/244 2508/245
f 2245/243 2508/245 2467/246
f 2245/243 2467/246 2221/239
f 2355/244 2015/242 1863/247
f 1863/247 2015/242 1708/235
f 2355/244 1863/247 2414/248
f 2221/239 2467/246 2330/249
f 2221/239 2330/249 2209/241
f 2330/249 2467/246 2489/250
f 2489/250 2467/246 2582/251
f 2330/249 2489/250 2402/252
f 2402/252 2489/250 2582/251
f 2330/249 2402/252 2209/241
f 2402/252 2582/251 2546/253
f 2402/252 2546/253 2462/254
f 2209/241 2402/252 2301/255
f 2301/255 2402/252 2462/254
f 2209/241 2301/255 2243/256
f 2301/255 2462/254 2151/257
f 2151/257 2462/254 2365/258
f 2301/255 2151/257 2243/256
f 2209/241 2243/256 2213/240
f 2243/256 2151/257 1812/259
f 1812/259 2151/257 1739/260
f 2213/240 2243/256 2289/261
f 2289/261 2243/256 2260/262
f 2260/262 2243/256 1812/259
f 2213/240 2289/261 2366/263
f 2366/263 2289/261 2260/262
f 2213/240 2366/263 2337/264
f 2213/240 2337/264 2137/226
f 2366/263 2260/262 2255/265
f 2366/263 2255/265 2337/264
f 2137/226 2337/264 2254/266
f 2254/266 2337/264 2255/265
f 2137/226 2254/266 1762/223
f 1762/223 2254/266 1920/267
f 1920/267 2254/266 2255/265
f 1762/223 1920/267 1318/225
f 2048/268 2255/265 2260/262
f 2048/268 2260/262 1812/259
f 1920/267 2255/265 1940/269
f 1940/269 2255/265 2048/268
f 1920/267 1940/269 1318/225
f 2048/268 1812/259 1479/270
f 2048/268 1479/270 1940/269
f 1479/270 1812/259 1418/271
f 1418/271 1812/259 1739/260
f 1418/271 1739/260 1359/272
f 1479/270 1418/271 1241/273
f 1241/273 1418/271 1359/272
f 1940/269 1479/270 1442/274
f 1940/269 1442/274 1318/225
f 1479/270 1241/273 1225/275
f 1479/270 1225/275 1442/274
f 1241/273 1359/272 1167/276
f 1241/273 1167/276 1225/275
f 1167/276 1359/272 1230/277
f 1318/225 1442/274 1188/278
f 1188/278 1442/274 1225/275
f 1318/225 1188/278 1009/279
f 1188/278 1225/275 1164/280
f 1188/278 1164/280 1009/279
f 1164/280 1225/275 1211/281
f 1211/281 1225/275 1167/276
f 1164/280 1211/281 1174/282
f 1164/280 1174/282 1009/279
f 1318/225 1009/279 934/283
f 1318/225 934/283 1011/221
f 1009/279 1174/282 1039/284
f 1174/282 1211/281 1236/285
f 1174/282 1236/285 1039/284
f 1211/281 1167/276 1200/286
f 1211/281 1200/286 1236/285
f 1236/285 1200/286 1245/287
f 1236/285 1245/287 1238/288
f 1245/287 1200/286 1183/289
f 1245/287 1183/289 1214/290
f 1200/286 1167/276 1131/291
f 1200/286 1131/291 1183/289
f 1214/290 1183/289 1208/292
f 1208/292 1183/289 1131/291
f 1214/290 1208/292 1311/293
f 1311/293 1208/292 1497/294
f 1208/292 1131/291 1173/295
f 1208/292 1173/295 1497/294
f 1173/295 1131/291 1167/276
f 1497/294 1173/295 1230/277
f 1230/277 1173/295 1167/276
f 1114/296 1236/285 1179/297
f 1236/285 1114/296 1039/284
f 1039/284 1114/296 991/298
f 991/298 1114/296 971/299
f 991/298 971/299 834/300
f 834/300 971/299 738/301
f 834/300 738/301 588/302
f 991/298 834/300 813/303
f 1039/284 991/298 950/304
f 950/304 991/298 813/303
f 1039/284 950/304 933/305
f 1039/284 933/305 1009/279
f 1009/279 933/305 934/283
f 933/305 950/304 809/306
f 809/306 950/304 813/303
f 934/283 933/305 835/307
f 835/307 933/305 809/306
f 763/308 813/303 834/300
f 763/308 834/300 588/302
f 809/306 813/303 477/309
f 813/303 763/308 644/310
f 813/303 644/310 477/309
f 763/308 588/302 496/311
f 763/308 496/311 644/310
f 496/311 588/302 299/312
f 299/312 588/302 343/313
f 299/312 343/313 207/314
f 299/312 207/314 107/315
f 299/312 107/315 263/316
f 299/312 263/316 496/311
f 263/316 107/315 98/317
f 320/318 644/310 496/311
f 320/318 496/311 263/316
f 644/310 320/318 477/309
f 263/316 98/317 195/319
f 263/316 195/319 320/318
f 477/309 320/318 266/320
f 266/320 320/318 195/319
f 477/309 266/320 547/321
f 477/309 547/321 809/306
f 809/306 547/321 835/307
f 266/320 195/319 191/322
f 191/322 195/319 38/323
f 547/321 266/320 359/324
f 359/324 266/320 191/322
f 835/307 547/321 615/325
f 615/325 547/321 359/324
f 835/307 615/325 802/326
f 835/307 802/326 934/283
f 615/325 359/324 531/327
f 615/325 531/327 802/326
f 359/324 191/322 227/328
f 359/324 227/328 531/327
f 227/328 191/322 87/329
f 227/328 87/329 213/330
f 934/283 802/326 840/331
f 840/331 802/326 531/327
f 934/283 840/331 1011/221
f 1011/221 840/331 803/332
f 803/332 840/331 531/327
f 1011/221 803/332 1198/212
f 1198/212 803/332 852/206
f 852/206 803/332 577/333
f 577/333 803/332 531/327
f 852/206 577/333 401/209
f 429/334 531/327 227/328
f 531/327 429/334 577/333
f 429/334 227/328 213/330
f 577/333 429/334 401/209
f 401/209 429/334 213/330
f 401/209 213/330 133/335
f 401/209 133/335 309/336
f 309/336 133/335 117/337
f 401/209 309/336 533/152
f 309/336 117/337 293/156
f 309/336 293/156 533/152
f 70/338 2/339 290/340
f 2/339 70/338 2896/341
f 2896/341 70/338 144/14
f 2896/341 144/14 2931/13
f 2896/341 2931/13 3194/26
f 2/339 2896/341 3009/342
f 3009/342 2896/341 3194/26
s 0
f 2/339 3009/342 2934/343
f 2/339 2934/343 105/344
s 1
f 3009/342 3194/26 3662/345
f 3662/345 3194/26 3910/31
f 3662/345 3910/31 4428/98
s 0
f 3009/342 3662/345 3214/346
f 3009/342 3214/346 2934/343
s 1
f 3662/345 4428/98 3897/347
s 0
f 3662/345 3897/347 3214/346
s 1
f 3897/347 4428/98 4377/348
f 4377/348 4428/98 4516/108
s 0
f 2934/343 3214/346 3354/349
f 3354/349 3214/346 3897/347
s 1
f 3897/347 4377/348 4315/350
f 4315/350 4377/348 4516/108
f 2837/351 105/344 2934/343
s 0
f 105/344 2837/351 184/352
f 184/352 2837/351 75/353
s 1
f 2837/351 2934/343 3037/354
s 0
f 3037/354 2934/343 3354/349
s 1
f 75/353 2837/351 3004/355
s 0
f 75/353 3004/355 2899/356
s 1
f 2837/351 3037/354 3041/357
f 2837/351 3041/357 3004/355
f 2899/356 3004/355 3209/358
f 3041/357 3037/354 3234/359
f 3041/357 3234/359 3004/355
f 3234/359 3037/354 3354/349
f 3209/358 3004/355 3346/360
f 3346/360 3004/355 3234/359
f 3346/360 3234/359 3512/361
f 3346/360 3512/361 3593/362
f 3346/360 3593/362 3462/363
f 3462/363 3593/362 3745/364
f 3593/362 3512/361 3780/365
f 3593/362 3780/365 3745/364
f 3512/361 3234/359 3444/366
f 3444/366 3234/359 3354/349
f 3512/361 3444/366 3586/367
f 3512/361 3586/367 3780/365
f 3444/366 3354/349 3612/368
f 3745/364 3780/365 4039/369
f 3745/364 4039/369 4014/370
f 4014/370 4039/369 4137/371
f 4137/371 4039/369 4101/372
f 4101/372 4039/369 3780/365
f 4137/371 4101/372 4157/373
f 4101/372 3780/365 3854/374
f 3854/374 3780/365 3586/367
f 4157/373 4101/372 4104/375
f 4104/375 4101/372 3854/374
f 4157/373 4104/375 4140/376
f 4140/376 4104/375 4124/377
f 4104/375 3854/374 3994/378
f 4104/375 3994/378 4124/377
f 3994/378 3854/374 3586/367
f 4124/377 3994/378 4044/379
f 4044/379 3994/378 3834/380
f 3834/380 3994/378 3586/367
f 3834/380 3586/367 3583/381
f 3583/381 3586/367 3444/366
f 3583/381 3444/366 3612/368
f 3834/380 3583/381 3929/382
f 3929/382 3583/381 3612/368
f 3834/380 3929/382 4301/383
f 3929/382 3612/368 3862/384
f 3862/384 3612/368 3354/349
f 3929/382 3862/384 4008/385
f 3862/384 3354/349 3689/386
f 3689/386 3354/349 3897/347
f 4008/385 3862/384 4002/387
f 4002/387 3862/384 3689/386
f 3689/386 3897/347 4083/388
f 3689/386 4083/388 4002/387
f 3929/382 4008/385 4125/389
f 3929/382 4125/389 4301/383
f 4125/389 4008/385 4002/387
f 4301/383 4125/389 4253/390
f 4301/383 4253/390 4368/391
f 4125/389 4002/387 4169/392
f 4125/389 4169/392 4253/390
f 4169/392 4002/387 4095/393
f 4095/393 4002/387 4083/388
f 4253/390 4169/392 4197/394
f 4197/394 4169/392 4095/393
f 4197/394 4095/393 4083/388
f 4253/390 4197/394 4368/391
f 4197/394 4083/388 4237/395
f 4197/394 4237/395 4368/391
f 3897/347 4315/350 4083/388
f 4083/388 4315/350 4237/395
f 4237/395 4315/350 4368/391
f 4368/391 4315/350 4364/396
f 4364/396 4315/350 4516/108
f 4368/391 4364/396 4481/397
f 4481/397 4364/396 4516/108
f 4368/391 4481/397 4663/112
f 4481/397 4516/108 4637/111
f 4481/397 4637/111 4663/112
f 343/398 516/399 209/400
f 343/398 209/400 207/401
f 207/401 209/400 172/402
f 172/402 209/400 137/403
f 172/402 137/403 85/404
f 85/404 137/403 2906/405
f 137/403 209/400 122/406
f 209/400 516/399 153/407
f 209/400 153/407 122/406
f 153/407 516/399 95/408
f 95/408 516/399 546/409
f 122/406 153/407 2758/410
f 2758/410 153/407 95/408
f 137/403 122/406 78/411
f 137/403 78/411 2906/405
f 78/411 122/406 2758/410
f 78/411 2758/410 2800/412
f 2906/405 78/411 2850/413
f 2850/413 78/411 2800/412
f 2800/412 2758/410 2923/414
f 2800/412 2923/414 2850/413
f 2881/415 2758/410 95/408
f 2758/410 2881/415 2923/414
f 2906/405 2850/413 3010/416
f 3010/416 2850/413 2923/414
f 2906/405 3010/416 3068/417
f 2923/414 2881/415 2967/418
f 2967/418 2881/415 95/408
f 3010/416 2923/414 3045/419
f 3045/419 2923/414 2967/418
f 3068/417 3010/416 3123/420
f 3123/420 3010/416 3045/419
f 3068/417 3123/420 3142/421
f 3142/421 3123/420 3173/422
f 3123/420 3045/419 3125/423
f 3125/423 3045/419 2967/418
f 3123/420 3125/423 3173/422
f 3173/422 3125/423 3166/424
f 3125/423 2967/418 3086/425
f 3125/423 3086/425 3166/424
f 3173/422 3166/424 3183/426
f 3183/426 3166/424 3086/425
f 3197/427 3204/428 3173/422
f 3197/427 3173/422 3183/426
f 3086/425 2967/418 2976/429
f 3197/427 3183/426 3274/430
f 3197/427 3274/430 3251/431
f 3251/431 3274/430 3351/432
f 3183/426 3086/425 3177/433
f 3351/432 3274/430 3393/434
f 3351/432 3393/434 3424/435
f 3351/432 3424/435 3452/436
f 3393/434 3274/430 3290/437
f 3290/437 3274/430 3183/426
f 3424/435 3393/434 3467/438
f 3467/438 3393/434 3290/437
f 3424/435 3467/438 3564/439
f 3290/437 3183/426 3287/440
f 3290/437 3287/440 3467/438
f 3287/440 3183/426 3177/433
f 3564/439 3467/438 3524/441
f 3564/439 3524/441 3558/442
f 3558/442 3524/441 3464/443
f 3524/441 3467/438 3441/444
f 3441/444 3467/438 3287/440
f 3464/443 3524/441 3376/445
f 3376/445 3524/441 3441/444
f 3441/444 3287/440 3355/446
f 3441/444 3355/446 3376/445
f 3355/446 3287/440 3321/447
f 3321/447 3287/440 3177/433
f 3376/445 3355/446 3347/448
f 3347/448 3355/446 3321/447
f 3464/443 3376/445 3382/449
f 3544/450 3599/451 3464/443
f 3544/450 3464/443 3382/449
f 3382/449 3376/445 3365/452
f 3365/452 3376/445 3347/448
f 3544/450 3382/449 3597/453
f 3544/450 3597/453 3774/454
f 3597/453 3382/449 3383/455
f 3383/455 3382/449 3365/452
f 3774/454 3597/453 3872/456
f 3365/452 3347/448 3443/457
f 3597/453 3383/455 3613/458
f 3597/453 3613/458 3872/456
f 3831/459 3872/456 3908/460
f 3908/460 3872/456 3826/461
f 3826/461 3872/456 3622/462
f 3622/462 3872/456 3613/458
f 3826/461 3622/462 3684/463
f 3622/462 3613/458 3477/464
f 3622/462 3477/464 3684/463
f 3477/464 3613/458 3383/455
f 3684/463 3477/464 3505/465
f 3477/464 3383/455 3385/466
f 3477/464 3385/466 3505/465
f 3511/467 3505/465 3438/468
f 3438/468 3505/465 3385/466
f 3438/468 3385/466 3371/469
f 3438/468 3371/469 3481/470
f 3438/468 3481/470 3482/471
f 3371/469 3385/466 3457/472
f 3371/469 3457/472 3481/470
f 3400/473 3385/466 3383/455
f 3400/473 3383/455 3365/452
f 3385/466 3400/473 3483/474
f 3385/466 3483/474 3457/472
f 3481/470 3457/472 3812/475
f 3481/470 3812/475 4067/476
f 4067/476 3812/475 4255/477
f 3812/475 3457/472 3543/478
f 3543/478 3457/472 3447/479
f 3447/479 3457/472 3483/474
f 3500/480 3400/473 3365/452
f 3500/480 3365/452 3443/457
f 3568/481 3483/474 3400/473
f 3568/481 3400/473 3500/480
f 3447/479 3483/474 3523/482
f 3447/479 3523/482 3496/483
f 3447/479 3496/483 3420/484
f 3523/482 3483/474 3610/485
f 3610/485 3483/474 3568/481
f 3523/482 3610/485 3673/486
f 3523/482 3673/486 3496/483
f 3610/485 3568/481 3760/487
f 3760/487 3568/481 3500/480
f 3610/485 3760/487 3773/488
f 3610/485 3773/488 3673/486
f 3760/487 3500/480 3712/489
f 3712/489 3500/480 3443/457
f 3773/488 3760/487 3762/490
f 3762/490 3760/487 3712/489
f 3673/486 3773/488 3765/491
f 3765/491 3773/488 3762/490
f 3575/492 3496/483 3673/486
f 3712/489 3443/457 3479/493
f 3479/493 3443/457 3347/448
f 3762/490 3712/489 3584/494
f 3584/494 3712/489 3479/493
f 3575/492 3673/486 3722/495
f 3722/495 3673/486 3765/491
f 3496/483 3575/492 3664/496
f 3664/496 3575/492 3722/495
f 3722/495 3765/491 3804/497
f 3722/495 3804/497 3664/496
f 3804/497 3765/491 3769/498
f 3769/498 3765/491 3727/499
f 3727/499 3765/491 3762/490
f 3804/497 3769/498 3730/500
f 3769/498 3727/499 3657/501
f 3769/498 3657/501 3730/500
f 3657/501 3727/499 3577/502
f 3657/501 3577/502 3730/500
f 3727/499 3762/490 3659/503
f 3659/503 3762/490 3584/494
f 3727/499 3659/503 3563/504
f 3727/499 3563/504 3577/502
f 3563/504 3659/503 3446/505
f 3563/504 3446/505 3577/502
f 3659/503 3584/494 3488/506
f 3659/503 3488/506 3446/505
f 3488/506 3584/494 3489/507
f 3489/507 3584/494 3479/493
f 3446/505 3488/506 3369/508
f 3489/507 3479/493 3394/509
f 3394/509 3479/493 3347/448
f 3394/509 3347/448 3321/447
f 3488/506 3489/507 3325/510
f 3325/510 3489/507 3394/509
f 3488/506 3325/510 3369/508
f 3394/509 3321/447 3319/511
f 3394/509 3319/511 3325/510
f 3319/511 3321/447 3177/433
f 3325/510 3319/511 3270/512
f 3319/511 3177/433 3222/513
f 3319/511 3222/513 3270/512
f 3222/513 3177/433 3092/514
f 3092/514 3177/433 3086/425
f 3092/514 3086/425 2976/429
f 3222/513 3092/514 3133/515
f 3092/514 2976/429 3027/516
f 3092/514 3027/516 3133/515
f 3270/512 3222/513 3190/517
f 3190/517 3222/513 3133/515
f 3270/512 3190/517 3246/518
f 3270/512 3246/518 3325/510
f 3246/518 3190/517 3189/519
f 3325/510 3246/518 3284/520
f 3284/520 3246/518 3189/519
f 3325/510 3284/520 3369/508
f 3190/517 3133/515 3167/521
f 3190/517 3167/521 3189/519
f 3369/508 3284/520 3331/522
f 3369/508 3331/522 3446/505
f 3284/520 3189/519 3236/523
f 3284/520 3236/523 3331/522
f 3446/505 3331/522 3437/524
f 3446/505 3437/524 3577/502
f 3331/522 3236/523 3314/525
f 3331/522 3314/525 3437/524
f 3236/523 3189/519 3129/526
f 3314/525 3236/523 3169/527
f 3169/527 3236/523 3129/526
f 3577/502 3437/524 3594/528
f 3577/502 3594/528 3730/500
f 3437/524 3314/525 3368/529
f 3314/525 3169/527 3217/530
f 3314/525 3217/530 3368/529
f 3594/528 3437/524 3445/531
f 3445/531 3437/524 3368/529
f 3730/500 3594/528 3605/532
f 3730/500 3605/532 3804/497
f 3594/528 3445/531 3415/533
f 3594/528 3415/533 3605/532
f 3445/531 3368/529 3329/534
f 3445/531 3329/534 3415/533
f 3329/534 3368/529 3217/530
f 3415/533 3329/534 3336/535
f 3329/534 3217/530 3220/536
f 3329/534 3220/536 3336/535
f 3415/533 3336/535 3408/537
f 3415/533 3408/537 3605/532
f 3336/535 3220/536 3260/538
f 3408/537 3336/535 3330/539
f 3330/539 3336/535 3260/538
f 3408/537 3330/539 3470/540
f 3330/539 3260/538 3276/541
f 3135/542 3220/536 3217/530
f 3260/538 3220/536 3187/543
f 3187/543 3220/536 3135/542
f 3260/538 3187/543 3185/544
f 3260/538 3185/544 3276/541
f 3185/544 3187/543 3126/545
f 3126/545 3187/543 3135/542
f 3135/542 3217/530 3084/546
f 3084/546 3217/530 3169/527
f 3126/545 3135/542 3058/547
f 3185/544 3126/545 3155/548
f 3185/544 3155/548 3212/549
f 3185/544 3212/549 3276/541
f 3155/548 3126/545 3127/550
f 3276/541 3212/549 3275/551
f 3127/550 3126/545 3085/552
f 3085/552 3126/545 3058/547
f 3155/548 3127/550 3192/553
f 3155/548 3192/553 3212/549
f 3192/553 3127/550 3202/554
f 3192/553 3202/554 3271/555
f 3127/550 3085/552 3082/556
f 3192/553 3271/555 3285/557
f 3192/553 3285/557 3212/549
f 3212/549 3285/557 3275/551
f 3285/557 3271/555 3343/558
f 3275/551 3285/557 3341/559
f 3275/551 3341/559 3276/541
f 3285/557 3343/558 3387/560
f 3285/557 3387/560 3341/559
f 3387/560 3343/558 3422/561
f 3276/541 3341/559 3380/562
f 3380/562 3341/559 3387/560
f 3276/541 3380/562 3330/539
f 3330/539 3380/562 3470/540
f 3470/540 3380/562 3387/560
f 3387/560 3422/561 3551/563
f 3387/560 3551/563 3470/540
f 3551/563 3422/561 3515/564
f 3551/563 3515/564 3604/565
f 3604/565 3515/564 3539/566
s 0
f 3604/565 3539/566 3541/567
s 1
f 3551/563 3604/565 3641/568
f 3551/563 3641/568 3470/540
s 0
f 3604/565 3541/567 3616/569
s 1
f 3616/569 3541/567 3606/570
f 3641/568 3604/565 3696/571
f 3696/571 3604/565 3616/569
f 3470/540 3641/568 3520/572
f 3520/572 3641/568 3696/571
f 3470/540 3520/572 3408/537
f 3616/569 3606/570 3626/573
f 3616/569 3626/573 3696/571
f 3626/573 3606/570 3749/574
f 3626/573 3749/574 3696/571
f 3749/574 3606/570 3723/575
f 3408/537 3520/572 3605/532
f 3520/572 3696/571 3546/576
f 3520/572 3546/576 3605/532
f 3546/576 3696/571 3748/577
f 3605/532 3546/576 3651/578
f 3651/578 3546/576 3748/577
f 3819/579 3696/571 3749/574
f 3696/571 3819/579 3748/577
f 3819/579 3749/574 3714/580
f 3714/580 3749/574 3670/581
f 3748/577 3819/579 3761/582
f 3748/577 3761/582 3651/578
f 3761/582 3819/579 3714/580
f 3664/496 3605/532 3651/578
f 3605/532 3664/496 3804/497
f 3651/578 3761/582 3631/583
f 3651/578 3631/583 3664/496
f 3631/583 3761/582 3714/580
f 3631/583 3714/580 3474/584
f 3474/584 3714/580 3487/585
f 3664/496 3631/583 3484/586
f 3484/586 3631/583 3474/584
f 3484/586 3474/584 3379/587
f 3664/496 3484/586 3496/483
f 3496/483 3484/586 3417/588
f 630/589 516/590 343/591
f 630/589 343/591 588/592
f 630/589 588/592 738/593
f 630/589 738/593 822/594
f 822/594 738/593 971/595
f 516/590 630/589 876/596
f 822/594 971/595 1057/597
f 1057/597 971/595 1114/598
f 630/589 822/594 914/599
f 630/589 914/599 876/596
f 1057/597 1114/598 1179/600
f 914/599 822/594 980/601
f 980/601 822/594 1057/597
f 980/601 1057/597 1051/602
f 1051/602 1057/597 1179/600
f 914/599 980/601 1071/603
f 1071/603 980/601 1051/602
f 1004/604 876/596 914/599
f 1004/604 914/599 1071/603
f 876/596 1004/604 938/605
f 785/606 516/590 876/596
f 785/606 876/596 938/605
f 516/590 785/606 546/607
f 546/607 785/606 685/608
f 685/608 785/606 938/605
f 546/607 685/608 510/609
f 510/609 685/608 478/610
f 1028/611 938/605 1004/604
f 1028/611 1004/604 1071/603
f 1028/611 1071/603 1045/612
f 1045/612 1071/603 1051/602
f 938/605 1028/611 969/613
f 969/613 1028/611 1045/612
f 836/614 685/608 938/605
f 836/614 938/605 969/613
f 734/615 478/610 685/608
f 734/615 685/608 836/614
f 478/610 734/615 700/616
f 478/610 700/616 250/617
f 250/617 700/616 511/618
f 700/616 734/615 873/619
f 873/619 734/615 836/614
f 511/618 700/616 915/620
f 915/620 700/616 873/619
f 873/619 836/614 924/621
f 924/621 836/614 969/613
f 924/621 969/613 988/622
f 988/622 969/613 1045/612
f 873/619 924/621 937/623
f 937/623 924/621 988/622
f 873/619 937/623 981/624
f 873/619 981/624 915/620
f 981/624 937/623 1030/625
f 1030/625 937/623 988/622
f 988/622 1045/612 1043/626
f 981/624 1030/625 1084/627
f 981/624 1084/627 915/620
f 1043/626 1045/612 1072/628
f 1072/628 1045/612 1051/602
f 988/622 1043/626 994/629
f 994/629 1043/626 1072/628
f 1030/625 988/622 1007/630
f 1007/630 988/622 994/629
f 1072/628 1051/602 1163/631
f 1163/631 1051/602 1179/600
f 994/629 1072/628 1080/632
f 1080/632 1072/628 1163/631
f 1163/631 1179/600 1238/633
f 1238/633 1179/600 1236/634
f 1080/632 1163/631 1235/635
f 1235/635 1163/631 1238/633
f 994/629 1080/632 1087/636
f 1235/635 1238/633 1251/637
f 1251/637 1238/633 1245/638
f 1080/632 1235/635 1256/639
f 1080/632 1256/639 1087/636
f 1256/639 1235/635 1251/637
f 1251/637 1245/638 1214/640
f 1087/636 1256/639 1249/641
f 1249/641 1256/639 1251/637
f 1143/642 994/629 1087/636
f 1143/642 1087/636 1249/641
f 994/629 1143/642 1007/630
f 1249/641 1251/637 1255/643
f 1249/641 1255/643 1143/642
f 1252/644 1251/637 1214/640
f 1251/637 1252/644 1255/643
f 1252/644 1214/640 1311/645
f 1252/644 1311/645 1576/646
f 1255/643 1252/644 1327/647
f 1255/643 1327/647 1143/642
f 1252/644 1576/646 1543/648
f 1252/644 1543/648 1327/647
f 1543/648 1576/646 1788/649
f 1788/649 1576/646 1831/650
f 1327/647 1543/648 1733/651
f 1733/651 1543/648 1788/649
f 1143/642 1327/647 1347/652
f 1347/652 1327/647 1733/651
f 1733/651 1788/649 1820/653
f 1820/653 1788/649 1831/650
f 1820/653 1831/650 1894/654
f 1894/654 1831/650 2031/655
f 1820/653 1894/654 1864/656
f 1864/656 1894/654 1907/657
f 1820/653 1864/656 1823/658
f 1820/653 1823/658 1733/651
f 1823/658 1864/656 1873/659
f 1733/651 1823/658 1741/660
f 1733/651 1741/660 1347/652
f 1823/658 1873/659 1867/661
f 1823/658 1867/661 1741/660
f 1867/661 1873/659 1728/662
f 1347/652 1741/660 1692/663
f 1692/663 1741/660 1867/661
f 1347/652 1692/663 1519/664
f 1347/652 1519/664 1143/642
f 1692/663 1867/661 1828/665
f 1692/663 1828/665 1519/664
f 1143/642 1519/664 1172/666
f 1143/642 1172/666 1007/630
f 1519/664 1828/665 1821/667
f 1519/664 1821/667 1172/666
f 1828/665 1867/661 1991/668
f 1007/630 1172/666 1077/669
f 1007/630 1077/669 1030/625
f 1077/669 1172/666 1193/670
f 1030/625 1077/669 1153/671
f 1153/671 1077/669 1193/670
f 1030/625 1153/671 1084/627
f 1991/668 1867/661 1919/672
f 1919/672 1867/661 1728/662
f 1919/672 1728/662 1804/673
f 1804/673 1728/662 1612/674
f 1919/672 1804/673 1962/675
f 1991/668 1919/672 2009/676
f 2009/676 1919/672 1962/675
f 1853/677 1887/678 1962/675
f 1962/675 1887/678 2009/676
f 2009/676 1887/678 1938/679
f 1938/679 1887/678 1652/680
f 1938/679 1652/680 1465/681
f 1465/681 1652/680 1231/682
f 1231/682 1652/680 1491/683
f 1231/682 1491/683 1215/684
f 1215/684 1491/683 1369/685
f 1231/682 1215/684 1049/686
f 1231/682 1049/686 1166/687
f 1231/682 1166/687 1465/681
f 1166/687 1049/686 1048/688
f 1900/689 1938/679 1465/681
f 1465/681 1166/687 1515/690
f 1465/681 1515/690 1900/689
f 1166/687 1048/688 1181/691
f 1166/687 1181/691 1515/690
f 1181/691 1048/688 1224/692
f 1224/692 1048/688 1128/693
f 1938/679 1900/689 2173/694
f 1515/690 1181/691 1496/695
f 1938/679 2173/694 2009/676
f 1181/691 1224/692 1190/696
f 1181/691 1190/696 1496/695
f 1927/697 1900/689 1515/690
f 1927/697 1515/690 1496/695
f 2173/694 1900/689 2212/698
f 2212/698 1900/689 1927/697
f 2173/694 2212/698 2309/699
f 2212/698 1927/697 2259/700
f 2212/698 2259/700 2309/699
f 1927/697 1496/695 1956/701
f 1927/697 1956/701 2259/700
f 2173/694 2309/699 2149/702
f 2173/694 2149/702 2009/676
f 2309/699 2259/700 2252/703
f 2309/699 2252/703 2149/702
f 2009/676 2149/702 2136/704
f 2149/702 2252/703 2214/705
f 2149/702 2214/705 2136/704
f 2252/703 2259/700 2220/706
f 2252/703 2220/706 2214/705
f 2071/707 2259/700 1956/701
f 2259/700 2071/707 2220/706
f 1630/708 1956/701 1496/695
f 1956/701 1630/708 2071/707
f 1630/708 1496/695 1266/709
f 1266/709 1496/695 1190/696
f 1630/708 1266/709 1413/710
f 1630/708 1413/710 2071/707
f 1266/709 1190/696 1197/711
f 1266/709 1197/711 1413/710
f 1197/711 1190/696 1122/712
f 1122/712 1190/696 1224/692
f 1122/712 1224/692 1323/713
f 1323/713 1224/692 1563/714
f 1323/713 1563/714 1544/715
f 1544/715 1563/714 1654/716
f 1122/712 1323/713 1316/717
f 1316/717 1323/713 1544/715
f 1544/715 1654/716 1546/718
f 1544/715 1546/718 1316/717
f 1546/718 1654/716 1726/719
f 1546/718 1726/719 1473/720
f 1546/718 1473/720 1364/721
f 1546/718 1364/721 1316/717
f 1364/721 1473/720 1258/722
f 1189/723 1122/712 1316/717
f 1189/723 1316/717 1364/721
f 1189/723 1364/721 1258/722
f 1122/712 1189/723 1197/711
f 1189/723 1258/722 1222/724
f 1189/723 1222/724 1197/711
f 1222/724 1258/722 1342/725
f 1342/725 1258/722 1278/726
f 1197/711 1222/724 1348/727
f 1348/727 1222/724 1342/725
f 1197/711 1348/727 1413/710
f 1348/727 1342/725 1397/728
f 1348/727 1397/728 1413/710
f 1413/710 1397/728 1458/729
f 1458/729 1397/728 1468/730
f 1413/710 1458/729 2071/707
f 1458/729 1468/730 2022/731
f 1458/729 2022/731 2071/707
f 2022/731 1468/730 1676/732
f 2022/731 1676/732 1978/733
f 2071/707 2022/731 2133/734
f 2133/734 2022/731 1978/733
f 2133/734 1978/733 1975/735
f 2133/734 1975/735 2138/736
f 2071/707 2133/734 2220/706
f 2220/706 2133/734 2138/736
f 2220/706 2138/736 2256/737
f 2256/737 2138/736 2283/738
f 2220/706 2256/737 2226/739
f 2220/706 2226/739 2214/705
f 2256/737 2283/738 2424/740
f 2424/740 2283/738 2319/741
f 2226/739 2256/737 2356/742
f 2356/742 2256/737 2424/740
f 2214/705 2226/739 2240/743
f 2240/743 2226/739 2356/742
f 2214/705 2240/743 2196/744
f 2214/705 2196/744 2136/704
f 2240/743 2356/742 2411/745
f 2240/743 2411/745 2196/744
f 2136/704 2196/744 2311/746
f 2311/746 2196/744 2411/745
f 2136/704 2311/746 2267/747
f 2311/746 2411/745 2380/748
f 2311/746 2380/748 2267/747
f 2411/745 2356/742 2455/749
f 2136/704 2267/747 2084/750
f 2136/704 2084/750 2009/676
f 2267/747 2380/748 2397/751
f 2380/748 2411/745 2461/752
f 2461/752 2411/745 2455/749
f 2380/748 2461/752 2397/751
f 2009/676 2084/750 2044/753
f 2084/750 2267/747 2207/754
f 2084/750 2207/754 2044/753
f 2207/754 2267/747 2397/751
f 2009/676 2044/753 1991/668
f 2044/753 2207/754 2161/755
f 1991/668 2044/753 2172/756
f 2172/756 2044/753 2161/755
f 1991/668 2172/756 1828/665
f 2161/755 2207/754 2295/757
f 2295/757 2207/754 2397/751
f 2161/755 2295/757 2172/756
f 2295/757 2397/751 2277/758
f 2295/757 2277/758 2172/756
f 1828/665 2172/756 1953/759
f 1953/759 2172/756 2277/758
f 1828/665 1953/759 1821/667
f 2277/758 2397/751 2451/760
f 2451/760 2397/751 2461/752
f 1953/759 2277/758 2188/761
f 1953/759 2188/761 1821/667
f 2277/758 2451/760 2361/762
f 2277/758 2361/762 2188/761
f 2451/760 2461/752 2460/763
f 2460/763 2461/752 2455/749
f 2361/762 2451/760 2383/764
f 2383/764 2451/760 2460/763
f 2188/761 2361/762 2237/765
f 2237/765 2361/762 2383/764
f 2188/761 2237/765 1934/766
f 2188/761 1934/766 1821/667
f 2460/763 2455/749 2431/767
f 2431/767 2455/749 2356/742
f 2383/764 2460/763 2262/768
f 2262/768 2460/763 2431/767
f 2431/767 2356/742 2424/740
f 2431/767 2424/740 2421/769
f 2431/767 2421/769 2262/768
f 2421/769 2424/740 2326/770
f 2421/769 2326/770 2262/768
f 2326/770 2424/740 2374/771
f 2374/771 2424/740 2319/741
f 2262/768 2326/770 1892/772
f 2064/773 2383/764 2262/768
f 2064/773 2262/768 1892/772
f 2383/764 2064/773 2237/765
f 2374/771 2319/741 1951/774
f 1951/774 2319/741 1807/775
f 2135/776 2326/770 2374/771
f 2135/776 2374/771 1951/774
f 2326/770 2135/776 1892/772
f 1951/774 1807/775 1530/777
f 2135/776 1951/774 1784/778
f 1784/778 1951/774 1530/777
f 2135/776 1784/778 1892/772
f 1784/778 1530/777 1514/779
f 1784/778 1514/779 1892/772
f 1296/780 1530/777 1321/781
f 1530/777 1296/780 1514/779
f 1892/772 1514/779 1719/782
f 1892/772 1719/782 2064/773
f 1514/779 1296/780 1207/783
f 2064/773 1719/782 1509/784
f 2064/773 1509/784 2237/765
f 2237/765 1509/784 1934/766
f 1719/782 1514/779 1377/785
f 1206/786 1177/787 1296/780
f 1296/780 1177/787 1207/783
f 1023/788 1177/787 1159/789
f 1177/787 1023/788 889/790
f 1177/787 889/790 1207/783
f 889/790 1023/788 975/791
f 1207/783 889/790 904/792
f 1207/783 904/792 957/793
f 957/793 904/792 814/794
f 1149/795 1514/779 1207/783
f 1149/795 1207/783 957/793
f 1514/779 1149/795 1377/785
f 957/793 814/794 886/796
f 957/793 886/796 1149/795
f 886/796 814/794 724/797
f 886/796 724/797 897/798
f 886/796 897/798 1149/795
f 1149/795 897/798 1377/785
f 1377/785 897/798 965/799
f 965/799 897/798 640/800
f 965/799 640/800 801/801
f 1377/785 965/799 1219/802
f 965/799 801/801 976/803
f 965/799 976/803 1219/802
f 976/803 801/801 825/804
f 976/803 825/804 927/805
f 927/805 825/804 660/806
f 976/803 927/805 1073/807
f 976/803 1073/807 1219/802
f 927/805 660/806 877/808
f 877/808 660/806 669/809
f 1073/807 927/805 1000/810
f 1000/810 927/805 877/808
f 1219/802 1073/807 1140/811
f 1140/811 1073/807 1000/810
f 877/808 669/809 695/812
f 695/812 669/809 511/618
f 695/812 511/618 915/620
f 877/808 695/812 913/813
f 913/813 695/812 915/620
f 877/808 913/813 1000/810
f 1000/810 913/813 915/620
f 1000/810 915/620 1084/627
f 1000/810 1084/627 1150/814
f 1000/810 1150/814 1140/811
f 1150/814 1084/627 1153/671
f 1150/814 1153/671 1162/815
f 1150/814 1162/815 1140/811
f 1162/815 1153/671 1193/670
f 1140/811 1162/815 1213/816
f 1213/816 1162/815 1193/670
f 1140/811 1213/816 1219/802
f 1219/802 1213/816 1346/817
f 1219/802 1346/817 1377/785
f 1377/785 1346/817 1719/782
f 1719/782 1346/817 1509/784
f 1509/784 1346/817 1213/816
f 1509/784 1213/816 1193/670
f 1509/784 1193/670 1398/818
f 1509/784 1398/818 1934/766
f 1398/818 1193/670 1172/666
f 1934/766 1398/818 1821/667
f 1821/667 1398/818 1172/666
f 24/819 207/820 172/821
f 24/819 172/821 85/822
f 24/819 85/822 2906/823
f 207/820 24/819 107/824
f 107/824 24/819 2821/825
f 24/819 2906/823 3051/826
f 3051/826 2906/823 3068/827
f 3051/826 3068/827 3142/828
f 24/819 3051/826 2992/829
f 24/819 2992/829 2821/825
f 3051/826 3142/828 3098/830
f 3051/826 3098/830 2992/829
f 2821/825 2992/829 3000/831
f 2821/825 3000/831 107/824
f 2992/829 3098/830 3094/832
f 2992/829 3094/832 3000/831
f 3098/830 3142/828 3200/833
f 3200/833 3142/828 3173/834
f 3094/832 3098/830 3179/835
f 3179/835 3098/830 3200/833
f 3200/833 3173/834 3188/836
f 3188/836 3173/834 3204/837
f 3000/831 3094/832 3106/838
f 3106/838 3094/832 3179/835
f 3200/833 3188/836 3181/839
f 3181/839 3188/836 3204/837
f 3179/835 3200/833 3203/840
f 3203/840 3200/833 3181/839
f 3181/839 3204/837 3264/841
f 3203/840 3181/839 3201/842
f 3201/842 3181/839 3264/841
f 3179/835 3203/840 3233/843
f 3203/840 3201/842 3227/844
f 3203/840 3227/844 3233/843
f 3179/835 3233/843 3225/845
f 3179/835 3225/845 3106/838
f 3233/843 3227/844 3370/846
f 3227/844 3201/842 3364/847
f 3227/844 3364/847 3370/846
f 3364/847 3201/842 3264/841
f 3233/843 3370/846 3375/848
f 3233/843 3375/848 3225/845
f 3375/848 3370/846 3589/849
f 3225/845 3375/848 3431/850
f 3431/850 3375/848 3589/849
f 3589/849 3370/846 3787/851
f 3589/849 3787/851 3431/850
f 3618/852 3370/846 3364/847
f 3370/846 3618/852 3787/851
f 3225/845 3431/850 3298/853
f 3298/853 3431/850 3421/854
f 3225/845 3298/853 3153/855
f 3225/845 3153/855 3106/838
f 3153/855 3298/853 3131/856
f 3421/854 3431/850 3653/857
f 3653/857 3431/850 3787/851
f 3421/854 3653/857 3501/858
f 3501/858 3653/857 3672/859
f 3672/859 3653/857 3900/860
f 3900/860 3653/857 3787/851
f 3153/855 3131/856 3034/861
f 3153/855 3034/861 3106/838
f 3034/861 3131/856 2961/862
f 3106/838 3034/861 3018/863
f 3106/838 3018/863 3000/831
f 3034/861 2961/862 2926/864
f 3034/861 2926/864 3018/863
f 2926/864 2961/862 38/865
f 3000/831 3018/863 2864/866
f 2864/866 3018/863 2926/864
f 2864/866 2926/864 38/865
f 3000/831 2864/866 107/824
f 107/824 2864/866 98/867
f 98/867 2864/866 38/865
f 98/867 38/865 195/868
f 3832/869 3928/870 3787/851
f 3832/869 3787/851 3618/852
f 3832/869 3618/852 3757/871
f 3832/869 3757/871 3790/872
f 3790/872 3757/871 3855/873
f 3790/872 3855/873 3820/874
f 3820/874 3855/873 3951/875
f 3951/875 3855/873 3945/876
f 3855/873 3757/871 3628/877
f 3945/876 3855/873 3809/878
f 3809/878 3855/873 3628/877
f 3945/876 3809/878 3878/879
f 3945/876 3878/879 3958/880
f 3878/879 3809/878 3645/881
f 3645/881 3809/878 3628/877
f 3878/879 3645/881 3835/882
f 3835/882 3645/881 3602/883
f 3554/884 3628/877 3757/871
f 3554/884 3757/871 3618/852
f 3645/881 3628/877 3528/885
f 3645/881 3528/885 3602/883
f 3628/877 3554/884 3472/886
f 3628/877 3472/886 3528/885
f 3554/884 3618/852 3404/887
f 3554/884 3404/887 3472/886
f 3404/887 3618/852 3364/847
f 3404/887 3364/847 3264/841
f 3472/886 3404/887 3342/888
f 3342/888 3404/887 3264/841
f 3528/885 3472/886 3425/889
f 3342/888 3264/841 3259/890
f 3259/890 3264/841 3204/837
f 3472/886 3342/888 3432/891
f 3472/886 3432/891 3425/889
f 3342/888 3259/890 3340/892
f 3342/888 3340/892 3432/891
f 3259/890 3204/837 3251/893
f 3259/890 3251/893 3340/892
f 3251/893 3204/837 3197/894
f 3340/892 3251/893 3386/895
f 3340/892 3386/895 3432/891
f 3386/895 3251/893 3351/896
f 3386/895 3351/896 3452/897
f 3386/895 3452/897 3432/891
f 3432/891 3452/897 3507/898
f 3432/891 3507/898 3425/889
f 3425/889 3507/898 3469/899
f 3469/899 3507/898 3452/897
f 3425/889 3469/899 3528/885
f 3528/885 3469/899 3602/883
f 3469/899 3452/897 3564/900
f 3469/899 3564/900 3602/883
f 3564/900 3452/897 3424/901
f 3602/883 3564/900 3558/902
f 245/903 261/904 91/905
f 91/905 261/904 289/906
f 261/904 245/903 387/907
f 289/906 261/904 492/908
f 492/908 261/904 387/907
f 492/908 387/907 669/909
f 669/909 387/907 511/910
f 492/908 669/909 465/911
f 492/908 465/911 289/906
f 465/911 669/909 660/912
f 511/910 387/907 269/913
f 269/913 387/907 245/903
f 511/910 269/913 250/914
f 269/913 245/903 126/915
f 269/913 126/915 250/914
f 126/915 245/903 89/916
f 89/916 245/903 91/905
f 465/911 660/912 283/917
f 465/911 283/917 289/906
f 283/917 660/912 527/918
f 527/918 660/912 825/919
f 527/918 825/919 801/920
f 527/918 801/920 640/921
f 129/922 91/905 289/906
f 289/906 283/917 225/923
f 289/906 225/923 129/922
f 283/917 527/918 237/924
f 283/917 237/924 225/923
f 527/918 640/921 229/925
f 527/918 229/925 237/924
f 129/922 225/923 97/926
f 97/926 225/923 237/924
f 2779/927 91/905 129/922
f 2779/927 129/922 97/926
f 97/926 237/924 92/928
f 92/928 237/924 229/925
f 2779/927 97/926 2937/929
f 2937/929 97/926 92/928
f 91/905 2779/927 2832/930
f 91/905 2832/930 89/916
f 2779/927 2937/929 2996/931
f 2779/927 2996/931 2832/930
f 2937/929 92/928 2952/932
f 89/916 2832/930 11/933
f 89/916 11/933 126/915
f 2832/930 2996/931 3063/934
f 126/915 11/933 96/935
f 126/915 96/935 250/914
f 11/933 2832/930 2918/936
f 96/935 11/933 2842/937
f 2842/937 11/933 2918/936
f 250/914 96/935 166/938
f 250/914 166/938 478/939
f 96/935 2842/937 2801/940
f 96/935 2801/940 166/938
f 2842/937 2918/936 3027/516
f 2842/937 3027/516 2801/940
f 3033/941 2918/936 2832/930
f 2918/936 3033/941 3027/516
f 3033/941 2832/930 3063/934
f 2801/940 3027/516 2976/429
f 3027/516 3033/941 3133/515
f 2801/940 2976/429 2815/942
f 2801/940 2815/942 166/938
f 2815/942 2976/429 2967/418
f 2815/942 2967/418 95/408
f 3133/515 3033/941 3096/943
f 3096/943 3033/941 3063/934
f 3133/515 3096/943 3167/521
f 166/938 2815/942 206/944
f 206/944 2815/942 95/408
f 166/938 206/944 478/939
f 206/944 95/408 546/409
f 478/939 206/944 510/945
f 510/945 206/944 546/409
f 3167/521 3096/943 3137/946
f 3137/946 3096/943 3063/934
f 3167/521 3137/946 3189/519
f 3189/519 3137/946 3129/526
f 3137/946 3063/934 3070/947
f 3137/946 3070/947 3129/526
f 3070/947 3063/934 2996/931
f 3070/947 2996/931 2937/929
f 3070/947 2937/929 3046/948
f 3070/947 3046/948 3129/526
f 3046/948 2937/929 2952/932
f 3129/526 3046/948 3093/949
f 3129/526 3093/949 3169/527
f 3169/527 3093/949 3084/546
f 3093/949 3046/948 3030/950
f 3093/949 3030/950 3084/546
f 3030/950 3046/948 2952/932
f 3030/950 2952/932 2954/951
f 3030/950 2954/951 3084/546
f 2954/951 2952/932 92/928
f 3084/546 2954/951 3049/952
f 3084/546 3049/952 3135/542
f 3135/542 3049/952 3058/547
f 3049/952 2954/951 2940/953
f 3049/952 2940/953 3058/547
f 2954/951 92/928 2805/954
f 2954/951 2805/954 2940/953
f 2805/954 92/928 229/925
f 2940/953 2805/954 2747/955
f 2747/955 2805/954 229/925
f 3058/547 2940/953 2913/956
f 2913/956 2940/953 2747/955
f 3058/547 2913/956 3028/957
f 3058/547 3028/957 3085/552
f 3085/552 3028/957 3007/958
f 3007/958 3028/957 2913/956
f 3085/552 3007/958 3082/556
f 3082/556 3007/958 2985/959
f 3082/556 2985/959 2993/960
f 3007/958 2913/956 2833/961
f 3007/958 2833/961 2985/959
f 2833/961 2913/956 2763/962
f 2985/959 2833/961 2816/963
f 2816/963 2833/961 2763/962
f 2985/959 2816/963 2921/964
f 2985/959 2921/964 2938/965
f 2938/965 2921/964 2773/966
f 2773/966 2921/964 2816/963
f 2763/962 2913/956 136/967
f 136/967 2913/956 2747/955
f 2816/963 2763/962 77/968
f 2816/963 77/968 2773/966
f 77/968 2763/962 136/967
f 2773/966 77/968 252/969
f 252/969 77/968 136/967
f 2773/966 252/969 220/970
f 2773/966 220/970 2794/971
f 400/972 158/973 220/970
f 400/972 220/970 636/974
f 220/970 252/969 641/975
f 220/970 641/975 636/974
f 252/969 136/967 468/976
f 252/969 468/976 641/975
f 636/974 641/975 889/977
f 636/974 889/977 975/978
f 889/977 641/975 904/979
f 904/979 641/975 814/980
f 814/980 641/975 468/976
f 814/980 468/976 724/981
f 295/982 468/976 136/967
f 724/981 468/976 555/983
f 555/983 468/976 295/982
f 724/981 555/983 897/984
f 897/984 555/983 640/921
f 640/921 555/983 229/925
f 295/982 136/967 222/985
f 295/982 222/985 555/983
f 555/983 222/985 229/925
f 222/985 136/967 2747/955
f 222/985 2747/955 229/925
f 884/986 1126/194 715/186
f 884/986 715/186 821/987
f 1126/194 884/986 1018/988
f 1126/194 1018/988 1277/234
f 1018/988 884/986 891/989
f 891/989 884/986 821/987
f 1277/234 1018/988 1026/990
f 1026/990 1018/988 891/989
f 1277/234 1026/990 1217/991
f 1277/234 1217/991 1246/236
f 1026/990 891/989 948/992
f 1026/990 948/992 1217/991
f 948/992 891/989 850/993
f 850/993 891/989 821/987
f 1217/991 948/992 1003/994
f 1217/991 1003/994 1246/236
f 948/992 850/993 870/995
f 870/995 850/993 821/987
f 948/992 870/995 1003/994
f 870/995 821/987 824/996
f 715/186 736/189 821/987
f 821/987 736/189 824/996
f 870/995 824/996 894/997
f 870/995 894/997 1003/994
f 894/997 824/996 736/189
f 1003/994 894/997 1069/998
f 1003/994 1069/998 1246/236
f 894/997 736/189 879/999
s 0
f 879/999 736/189 384/187
s 1
f 1069/998 894/997 1067/1000
f 1067/1000 894/997 879/999
f 1246/236 1069/998 1228/1001
f 1228/1001 1069/998 1067/1000
f 1246/236 1228/1001 1708/235
f 1228/1001 1067/1000 1470/1002
f 1228/1001 1470/1002 1708/235
f 1470/1002 1067/1000 879/999
f 1708/235 1470/1002 1863/247
f 1863/247 1470/1002 1557/1003
f 1557/1003 1470/1002 879/999
s 0
f 1557/1003 879/999 756/1004
f 879/999 384/187 374/190
f 879/999 374/190 756/1004
s 1
f 756/1004 374/190 417/1005
f 756/1004 417/1005 592/1006
f 592/1006 417/1005 228/1007
f 228/1007 417/1005 374/190
f 228/1007 374/190 75/191
s 0
f 228/1007 75/191 2899/1008
s 1
f 228/1007 2899/1008 53/1009
f 1023/1010 1159/1011 975/1012
f 975/1012 1159/1011 1137/1013
f 1177/1014 1206/1015 1159/1011
f 1159/1011 1206/1015 1137/1013
f 975/1012 1137/1013 960/1016
f 1137/1013 1206/1015 1209/1017
f 975/1012 960/1016 804/1018
f 975/1012 804/1018 636/1019
f 636/1019 804/1018 400/1020
f 804/1018 960/1016 604/1021
f 804/1018 604/1021 400/1020
f 960/1016 1137/1013 1233/1022
f 1233/1022 1137/1013 1209/1017
f 604/1021 960/1016 909/1023
f 909/1023 960/1016 1233/1022
f 400/1020 604/1021 304/1024
f 400/1020 304/1024 158/1025
f 604/1021 909/1023 674/1026
f 604/1021 674/1026 304/1024
f 220/1027 158/1025 2794/1028
f 158/1025 304/1024 2827/1029
f 158/1025 2827/1029 2794/1028
f 2794/1028 2827/1029 2938/1030
f 2794/1028 2938/1030 2773/1031
f 2827/1029 304/1024 13/1032
f 2827/1029 13/1032 2963/1033
f 2963/1033 13/1032 2900/1034
f 13/1032 304/1024 288/1035
f 13/1032 288/1035 2900/1034
f 288/1035 304/1024 674/1026
f 2900/1034 288/1035 2893/1036
f 288/1035 674/1026 796/1037
f 796/1037 674/1026 909/1023
f 2893/1036 288/1035 379/1038
f 796/1037 909/1023 1035/1039
f 288/1035 796/1037 692/1040
f 288/1035 692/1040 379/1038
f 692/1040 796/1037 1024/1041
f 1024/1041 796/1037 1035/1039
f 379/1038 692/1040 844/1042
f 844/1042 692/1040 1024/1041
f 1035/1039 909/1023 1233/1022
f 214/1043 2893/1036 379/1038
f 2893/1036 214/1043 2875/1044
f 1024/1041 1035/1039 1444/1045
f 1035/1039 1233/1022 1508/1046
f 1035/1039 1508/1046 1444/1045
f 1508/1046 1233/1022 1633/1047
f 2875/1044 214/1043 84/1048
f 2875/1044 84/1048 2986/1049
f 2986/1049 84/1048 2755/1050
f 84/1048 214/1043 165/1051
f 84/1048 165/1051 2755/1050
f 539/1052 214/1043 379/1038
f 165/1051 214/1043 336/1053
f 336/1053 214/1043 539/1052
f 539/1052 379/1038 844/1042
f 165/1051 336/1053 157/1054
f 165/1051 157/1054 2755/1050
f 336/1053 539/1052 658/1055
f 157/1054 336/1053 298/1056
f 298/1056 336/1053 658/1055
f 2755/1050 157/1054 2797/1057
f 2755/1050 2797/1057 3072/1058
f 2797/1057 157/1054 298/1056
f 910/1059 539/1052 844/1042
f 539/1052 910/1059 658/1055
f 910/1059 844/1042 1118/1060
f 658/1055 910/1059 963/1061
f 963/1061 910/1059 1118/1060
f 714/1062 298/1056 658/1055
f 1118/1060 844/1042 1085/1063
f 1085/1063 844/1042 1024/1041
f 658/1055 963/1061 865/1064
f 658/1055 865/1064 714/1062
f 963/1061 1118/1060 1355/1065
f 963/1061 1355/1065 865/1064
f 1118/1060 1085/1063 1404/1066
f 1118/1060 1404/1066 1355/1065
f 1085/1063 1024/1041 1242/1067
f 1242/1067 1024/1041 1444/1045
f 1404/1066 1085/1063 1328/1068
f 1328/1068 1085/1063 1242/1067
f 1328/1068 1242/1067 1548/1069
f 1548/1069 1242/1067 1444/1045
f 1404/1066 1328/1068 1659/1070
f 1659/1070 1328/1068 1548/1069
f 1548/1069 1444/1045 1792/1071
f 1404/1066 1659/1070 1819/1072
f 1404/1066 1819/1072 1355/1065
f 1659/1070 1548/1069 1990/1073
f 1990/1073 1548/1069 1792/1071
f 1792/1071 1444/1045 1926/1074
f 1792/1071 1926/1074 1990/1073
f 1926/1074 1444/1045 1508/1046
f 1659/1070 1990/1073 2110/1075
f 1659/1070 2110/1075 1819/1072
f 1990/1073 1926/1074 2145/1076
f 1990/1073 2145/1076 2110/1075
f 1926/1074 1508/1046 1977/1077
f 1819/1072 2110/1075 2096/1078
f 2096/1078 2110/1075 2145/1076
f 2145/1076 1926/1074 2152/1079
f 2152/1079 1926/1074 1977/1077
f 2096/1078 2145/1076 2228/1080
f 1819/1072 2096/1078 1984/1081
f 1984/1081 2096/1078 2228/1080
f 1819/1072 1984/1081 1355/1065
f 1977/1077 1508/1046 1633/1047
f 2145/1076 2152/1079 2177/1082
f 2145/1076 2177/1082 2228/1080
f 2168/1083 2152/1079 1977/1077
f 2152/1079 2168/1083 2177/1082
f 1977/1077 1633/1047 1950/1084
f 2168/1083 1977/1077 2141/1085
f 2141/1085 1977/1077 1950/1084
f 2177/1082 2168/1083 2222/1086
f 2228/1080 2177/1082 2287/1087
f 2287/1087 2177/1082 2222/1086
f 2222/1086 2168/1083 2193/1088
f 2193/1088 2168/1083 2141/1085
f 2287/1087 2222/1086 2276/1089
f 2193/1088 2141/1085 2205/1090
f 2222/1086 2193/1088 2299/1091
f 2222/1086 2299/1091 2276/1089
f 2299/1091 2193/1088 2205/1090
f 2287/1087 2276/1089 2180/1092
f 2205/1090 2141/1085 2147/1093
f 2276/1089 2299/1091 2167/1094
f 2276/1089 2167/1094 2180/1092
f 2299/1091 2205/1090 2263/1095
f 2299/1091 2263/1095 2167/1094
f 2205/1090 2147/1093 2160/1096
f 2160/1096 2147/1093 2130/1097
f 2263/1095 2205/1090 2123/1098
f 2123/1098 2205/1090 2160/1096
f 2263/1095 2123/1098 2167/1094
f 2160/1096 2130/1097 1834/1099
f 2160/1096 1834/1099 2123/1098
f 2167/1094 2123/1098 1801/1100
f 1801/1100 2123/1098 1834/1099
f 1580/1101 1582/1102 1834/1099
f 1834/1099 1582/1102 1606/1103
f 1834/1099 1606/1103 1801/1100
f 1606/1103 1582/1102 1598/1104
f 1598/1104 1582/1102 1714/1105
f 1801/1100 1606/1103 1604/1106
f 1604/1106 1606/1103 1598/1104
f 1598/1104 1714/1105 1748/1107
f 1604/1106 1598/1104 1558/1108
f 1558/1108 1598/1104 1748/1107
f 1801/1100 1604/1106 1674/1109
f 1674/1109 1604/1106 1558/1108
f 1801/1100 1674/1109 1852/1110
f 1801/1100 1852/1110 2167/1094
f 1852/1110 1674/1109 1767/1111
f 1674/1109 1558/1108 1561/1112
f 1674/1109 1561/1112 1767/1111
f 1561/1112 1558/1108 1715/1113
f 1715/1113 1558/1108 1748/1107
f 1767/1111 1561/1112 1629/1114
f 1629/1114 1561/1112 1666/1115
f 1666/1115 1561/1112 1715/1113
f 1767/1111 1629/1114 1806/1116
f 1666/1115 1715/1113 1844/1117
f 1844/1117 1715/1113 2061/1118
f 2061/1118 1715/1113 1997/1119
f 1997/1119 1715/1113 1748/1107
f 1997/1119 1748/1107 1930/1120
f 1997/1119 1930/1120 1971/1121
f 1930/1120 1748/1107 1916/1122
f 1930/1120 1916/1122 1971/1121
f 1916/1122 1748/1107 1714/1105
f 1971/1121 1916/1122 1922/1123
f 1916/1122 1714/1105 1839/1124
f 1916/1122 1839/1124 1922/1123
f 1914/1125 1767/1111 1806/1116
f 1767/1111 1914/1125 1901/1126
f 1767/1111 1901/1126 1852/1110
f 1914/1125 1806/1116 1923/1127
f 1923/1127 1806/1116 1840/1128
f 1923/1127 1840/1128 1847/1129
f 1914/1125 1923/1127 1842/1130
f 1914/1125 1842/1130 1901/1126
f 1923/1127 1847/1129 1765/1131
f 1923/1127 1765/1131 1842/1130
f 1765/1131 1847/1129 1698/1132
f 1765/1131 1698/1132 1671/1133
f 1949/1134 1852/1110 1901/1126
f 1949/1134 1901/1126 1842/1130
f 1852/1110 1949/1134 2167/1094
f 2167/1094 1949/1134 2180/1092
f 1949/1134 1842/1130 1835/1135
f 1949/1134 1835/1135 2180/1092
f 1722/1136 1842/1130 1765/1131
f 1720/1137 1765/1131 1671/1133
f 1765/1131 1720/1137 1722/1136
f 1720/1137 1671/1133 1396/1138
f 1396/1138 1671/1133 1379/1139
f 1722/1136 1720/1137 1357/1140
f 1357/1140 1720/1137 1396/1138
f 1396/1138 1379/1139 946/1141
f 1396/1138 946/1141 923/1142
f 923/1142 946/1141 774/1143
f 1724/1144 1842/1130 1722/1136
f 1842/1130 1724/1144 1835/1135
f 1724/1144 1722/1136 1375/1145
f 1375/1145 1722/1136 1357/1140
f 1835/1135 1724/1144 1731/1146
f 1731/1146 1724/1144 1375/1145
f 1022/1147 1357/1140 1396/1138
f 1022/1147 1396/1138 923/1142
f 1375/1145 1357/1140 996/1148
f 1357/1140 1022/1147 1021/1149
f 1357/1140 1021/1149 996/1148
f 1021/1149 1022/1147 833/1150
f 1021/1149 833/1150 996/1148
f 1375/1145 996/1148 967/1151
f 1375/1145 967/1151 1226/1152
f 1375/1145 1226/1152 1731/1146
f 967/1151 996/1148 868/1153
f 967/1151 868/1153 1226/1152
f 996/1148 833/1150 830/1154
f 996/1148 830/1154 868/1153
f 1731/1146 1226/1152 1584/1155
f 830/1154 833/1150 591/1156
f 868/1153 830/1154 714/1062
f 714/1062 830/1154 591/1156
f 868/1153 714/1062 865/1064
f 868/1153 865/1064 1058/1157
f 868/1153 1058/1157 1226/1152
f 1058/1157 865/1064 1355/1065
f 1351/1158 1584/1155 1226/1152
f 1351/1158 1226/1152 1058/1157
f 1584/1155 1351/1158 1868/1159
f 1584/1155 1868/1159 1731/1146
f 1351/1158 1058/1157 1701/1160
f 1351/1158 1701/1160 1868/1159
f 1058/1157 1355/1065 1592/1161
f 1058/1157 1592/1161 1701/1160
f 1592/1161 1355/1065 1984/1081
f 1701/1160 1592/1161 2092/1162
f 2092/1162 1592/1161 1984/1081
f 1701/1160 2092/1162 1868/1159
f 2092/1162 1984/1081 2228/1080
f 2007/1163 1731/1146 1868/1159
f 1731/1146 2007/1163 1835/1135
f 1835/1135 2007/1163 2180/1092
f 2007/1163 1868/1159 2231/1164
f 2007/1163 2231/1164 2180/1092
f 2231/1164 1868/1159 2092/1162
f 2231/1164 2092/1162 2228/1080
f 2180/1092 2231/1164 2287/1087
f 2287/1087 2231/1164 2228/1080
f 2640/1165 2609/1166 2582/1167
f 2582/1167 2609/1166 2546/1168
f 2546/1168 2609/1166 2570/1169
f 2546/1168 2570/1169 2462/1170
f 2462/1170 2570/1169 2365/1171
f 2570/1169 2609/1166 2656/1172
f 2656/1172 2609/1166 2640/1165
f 2365/1171 2570/1169 2510/1173
f 2570/1169 2656/1172 2644/1174
f 2570/1169 2644/1174 2510/1173
f 2365/1171 2510/1173 2329/1175
f 2365/1171 2329/1175 2151/1176
f 2151/1176 2329/1175 1739/1177
f 2329/1175 2510/1173 2485/1178
f 1739/1177 2329/1175 2054/1179
f 1739/1177 2054/1179 1359/1180
f 2329/1175 2485/1178 2481/1181
f 2329/1175 2481/1181 2054/1179
f 2485/1178 2510/1173 2603/1182
f 2603/1182 2510/1173 2644/1174
f 2485/1178 2603/1182 2481/1181
f 1359/1180 2054/1179 1533/1183
f 1359/1180 1533/1183 1230/1184
f 1230/1184 1533/1183 1497/1185
f 1533/1183 2054/1179 1933/1186
f 1533/1183 1933/1186 1497/1185
f 1933/1186 2054/1179 2129/1187
f 2129/1187 2054/1179 2481/1181
f 1497/1185 1933/1186 2055/1188
f 2055/1188 1933/1186 2129/1187
f 2129/1187 2481/1181 2426/1189
f 1497/1185 2055/1188 1757/1190
f 1497/1185 1757/1190 1311/1191
f 1311/1191 1757/1190 1576/1192
f 1576/1192 1757/1190 1831/1193
f 2129/1187 2426/1189 2150/1194
f 2129/1187 2150/1194 2055/1188
f 1757/1190 2055/1188 2004/1195
f 1757/1190 2004/1195 1831/1193
f 2055/1188 2150/1194 2095/1196
f 2055/1188 2095/1196 2004/1195
f 1831/1193 2004/1195 2008/1197
f 2008/1197 2004/1195 2095/1196
f 1831/1193 2008/1197 2031/1198
f 2008/1197 2095/1196 2119/1199
f 2008/1197 2119/1199 2031/1198
f 2095/1196 2150/1194 2185/1200
f 2095/1196 2185/1200 2119/1199
f 2185/1200 2150/1194 2286/1201
f 2286/1201 2150/1194 2426/1189
f 2031/1198 2119/1199 1907/1202
f 2031/1198 1907/1202 1894/1203
f 1907/1202 2119/1199 2017/1204
f 1907/1202 2017/1204 1734/1205
f 2017/1204 2119/1199 2035/1206
f 2035/1206 2119/1199 2185/1200
f 2017/1204 2035/1206 1734/1205
f 1907/1202 1734/1205 1687/1207
f 2035/1206 2185/1200 2085/1208
f 2085/1208 2185/1200 2286/1201
f 1734/1205 2035/1206 1760/1209
f 1760/1209 2035/1206 2085/1208
f 1687/1207 1734/1205 1457/1210
f 2085/1208 2286/1201 2320/1211
f 2085/1208 2320/1211 1760/1209
f 1687/1207 1457/1210 1583/1212
f 1734/1205 1760/1209 1477/1213
f 1734/1205 1477/1213 1457/1210
f 2320/1211 2286/1201 2515/1214
f 2515/1214 2286/1201 2426/1189
f 2515/1214 2426/1189 2481/1181
f 2515/1214 2481/1181 2606/1215
f 2606/1215 2481/1181 2603/1182
f 2606/1215 2603/1182 2701/1216
f 2701/1216 2603/1182 2644/1174
f 2515/1214 2606/1215 2621/1217
f 2606/1215 2701/1216 2713/1218
f 2606/1215 2713/1218 2621/1217
f 2701/1216 2644/1174 2725/1219
f 2701/1216 2725/1219 2713/1218
f 2725/1219 2644/1174 2656/1172
f 2515/1214 2621/1217 2554/1220
f 2515/1214 2554/1220 2320/1211
f 2554/1220 2621/1217 2643/1221
f 2643/1221 2621/1217 2713/1218
f 2320/1211 2554/1220 2501/1222
f 2501/1222 2554/1220 2643/1221
f 2725/1219 2656/1172 2698/1223
f 2735/1224 2713/1218 2725/1219
f 2735/1224 2725/1219 2698/1223
f 2698/1223 2656/1172 2640/1165
f 2713/1218 2735/1224 2716/1225
f 2735/1224 2698/1223 2729/1226
f 2735/1224 2729/1226 2716/1225
f 2698/1223 2640/1165 2689/1227
f 2698/1223 2689/1227 2729/1226
f 2689/1227 2640/1165 2645/1228
f 2729/1226 2689/1227 2686/1229
f 2686/1229 2689/1227 2645/1228
f 2645/1228 2640/1165 2604/1230
f 2604/1230 2640/1165 2582/1167
f 2604/1230 2582/1167 2467/1231
f 2604/1230 2467/1231 2508/1232
f 2645/1228 2604/1230 2605/1233
f 2605/1233 2604/1230 2508/1232
f 2645/1228 2605/1233 2686/1229
f 2605/1233 2508/1232 2355/1234
f 2605/1233 2355/1234 2504/1235
f 2504/1235 2355/1234 2414/1236
f 2686/1229 2605/1233 2648/1237
f 2648/1237 2605/1233 2504/1235
f 2686/1229 2648/1237 2696/1238
f 2686/1229 2696/1238 2729/1226
f 2648/1237 2504/1235 2629/1239
f 2648/1237 2629/1239 2696/1238
f 2504/1235 2414/1236 2158/1240
f 2729/1226 2696/1238 2710/1241
f 1863/1242 1557/1243 2414/1236
f 2414/1236 1557/1243 2158/1240
f 2158/1240 1557/1243 1439/1244
f 2629/1239 2504/1235 2527/1245
f 2527/1245 2504/1235 2158/1240
f 2629/1239 2527/1245 2559/1246
f 2629/1239 2559/1246 2696/1238
f 2527/1245 2158/1240 2261/1247
f 2527/1245 2261/1247 2559/1246
f 2696/1238 2559/1246 2633/1248
f 2696/1238 2633/1248 2710/1241
f 2633/1248 2559/1246 2492/1249
f 2633/1248 2492/1249 2710/1241
f 2559/1246 2261/1247 2223/1250
f 2559/1246 2223/1250 2492/1249
f 1624/1251 2261/1247 2158/1240
f 1624/1251 2158/1240 1439/1244
f 1624/1251 1439/1244 1391/1252
f 1391/1252 1439/1244 1239/1253
f 1624/1251 1391/1252 1787/1254
f 2261/1247 1624/1251 2005/1255
f 2005/1255 1624/1251 1787/1254
f 2261/1247 2005/1255 2223/1250
f 2005/1255 1787/1254 2105/1256
f 2223/1250 2005/1255 2218/1257
f 2218/1257 2005/1255 2105/1256
f 2223/1250 2218/1257 2492/1249
f 2218/1257 2105/1256 2264/1258
f 2218/1257 2264/1258 2250/1259
f 2218/1257 2250/1259 2492/1249
f 2250/1259 2264/1258 2238/1260
f 2492/1249 2250/1259 2464/1261
f 2250/1259 2238/1260 2313/1262
f 2250/1259 2313/1262 2464/1261
f 2313/1262 2238/1260 2349/1263
f 2349/1263 2238/1260 2333/1264
f 2464/1261 2313/1262 2573/1265
f 2573/1265 2313/1262 2349/1263
f 2492/1249 2464/1261 2593/1266
f 2593/1266 2464/1261 2573/1265
f 2492/1249 2593/1266 2666/1267
f 2492/1249 2666/1267 2710/1241
f 2349/1263 2333/1264 2227/1268
f 2227/1268 2333/1264 2242/1269
f 2227/1268 2242/1269 1836/1270
f 2666/1267 2593/1266 2669/1271
f 2669/1271 2593/1266 2573/1265
f 2710/1241 2666/1267 2716/1225
f 2716/1225 2666/1267 2669/1271
f 2710/1241 2716/1225 2729/1226
f 2669/1271 2573/1265 2678/1272
f 2669/1271 2678/1272 2716/1225
f 2496/1273 2573/1265 2349/1263
f 2496/1273 2349/1263 2227/1268
f 2678/1272 2573/1265 2611/1274
f 2611/1274 2573/1265 2496/1273
f 2716/1225 2678/1272 2683/1275
f 2683/1275 2678/1272 2611/1274
f 2716/1225 2683/1275 2713/1218
f 2713/1218 2683/1275 2643/1221
f 2643/1221 2683/1275 2611/1274
f 2643/1221 2611/1274 2501/1222
f 2501/1222 2611/1274 2496/1273
f 2501/1222 2496/1273 2227/1268
f 2501/1222 2227/1268 1786/1276
f 2501/1222 1786/1276 2320/1211
f 1786/1276 2227/1268 1836/1270
f 2320/1211 1786/1276 1760/1209
f 1786/1276 1836/1270 1570/1277
f 1786/1276 1570/1277 1760/1209
f 1570/1277 1836/1270 1588/1278
f 1760/1209 1570/1277 1477/1213
f 1477/1213 1570/1277 1460/1279
f 1460/1279 1570/1277 1588/1278
f 1477/1213 1460/1279 1457/1210
f 1460/1279 1588/1278 1684/1280
f 1684/1280 1588/1278 1963/1281
f 1457/1210 1460/1279 1617/1282
f 1617/1282 1460/1279 1684/1280
f 1684/1280 1963/1281 2036/1283
f 1684/1280 2036/1283 1617/1282
f 1457/1210 1617/1282 1574/1284
f 1457/1210 1574/1284 1583/1212
f 1574/1284 1617/1282 1856/1285
f 1856/1285 1617/1282 2036/1283
f 1583/1212 1574/1284 1749/1286
f 1583/1212 1749/1286 1775/1287
f 1775/1287 1749/1286 2278/1288
f 1749/1286 1574/1284 2049/1289
f 1749/1286 2049/1289 2278/1288
f 2049/1289 1574/1284 1856/1285
f 2278/1288 2049/1289 2458/1290
f 2458/1290 2049/1289 1856/1285
f 2278/1288 2458/1290 2558/1291
f 2278/1288 2558/1291 2450/1292
f 2450/1292 2558/1291 2588/1293
f 2458/1290 1856/1285 2394/1294
f 2394/1294 1856/1285 2036/1283
f 2558/1291 2458/1290 2536/1295
f 2536/1295 2458/1290 2394/1294
f 2588/1293 2558/1291 2646/1296
f 2558/1291 2536/1295 2601/1297
f 2558/1291 2601/1297 2646/1296
f 2536/1295 2394/1294 2544/1298
f 2536/1295 2544/1298 2601/1297
f 2394/1294 2036/1283 2435/1299
f 2394/1294 2435/1299 2544/1298
f 2435/1299 2036/1283 2448/1300
f 2448/1300 2036/1283 1963/1281
f 2448/1300 1963/1281 2474/1301
f 2435/1299 2448/1300 2497/1302
f 2435/1299 2497/1302 2544/1298
f 2448/1300 2474/1301 2577/1303
f 2448/1300 2577/1303 2497/1302
f 2577/1303 2474/1301 2600/1304
f 2577/1303 2600/1304 2654/1305
f 2497/1302 2577/1303 2592/1306
f 2497/1302 2592/1306 2544/1298
f 2577/1303 2654/1305 2612/1307
f 2577/1303 2612/1307 2592/1306
f 2612/1307 2654/1305 2637/1308
f 2612/1307 2637/1308 2638/1309
f 2612/1307 2638/1309 2592/1306
f 2638/1309 2637/1308 2652/1310
f 2544/1298 2592/1306 2626/1311
f 2626/1311 2592/1306 2638/1309
f 2544/1298 2626/1311 2601/1297
f 2638/1309 2652/1310 2655/1312
f 2638/1309 2655/1312 2626/1311
f 2655/1312 2652/1310 2636/1313
f 2601/1297 2626/1311 2646/1296
f 2646/1296 2626/1311 2655/1312
f 2655/1312 2636/1313 2635/1314
f 2646/1296 2655/1312 2653/1315
f 2653/1315 2655/1312 2635/1314
f 2646/1296 2653/1315 2618/1316
f 2646/1296 2618/1316 2588/1293
f 2588/1293 2618/1316 2547/1317
f 2547/1317 2618/1316 2562/1318
f 2618/1316 2653/1315 2595/1319
f 2618/1316 2595/1319 2562/1318
f 2595/1319 2653/1315 2635/1314
f 2552/1320 2549/1321 2635/1314
f 2635/1314 2549/1321 2595/1319
f 2595/1319 2549/1321 2457/1322
f 2457/1322 2549/1321 2338/1323
f 2562/1318 2595/1319 2564/1324
f 2562/1318 2564/1324 2542/1325
f 2562/1318 2542/1325 2538/1326
f 2542/1325 2564/1324 2463/1327
f 2564/1324 2595/1319 2487/1328
f 2487/1328 2595/1319 2457/1322
f 2564/1324 2487/1328 2463/1327
f 2457/1322 2338/1323 2362/1329
f 2457/1322 2362/1329 2487/1328
f 2487/1328 2362/1329 2463/1327
f 2362/1329 2338/1323 2305/1330
f 2362/1329 2305/1330 2463/1327
f 2463/1327 2305/1330 2308/1331
f 2463/1327 2308/1331 2472/1332
s 0
f 1557/1333 756/1334 1066/1335
s 1
f 1557/1333 1066/1335 1439/1336
f 1066/1335 756/1334 592/1337
f 1439/1336 1066/1335 1239/1338
f 1066/1335 592/1337 747/1339
f 1066/1335 747/1339 1239/1338
f 747/1339 592/1337 287/1340
f 287/1340 592/1337 228/1341
f 287/1340 228/1341 53/1342
f 287/1340 53/1342 2766/1343
f 287/1340 2766/1343 2803/1344
f 287/1340 2803/1344 152/1345
f 152/1345 2803/1344 2998/1346
f 152/1345 2998/1346 2769/1347
f 152/1345 2769/1347 247/1348
f 152/1345 247/1348 470/1349
s 0
f 287/1340 152/1345 504/1350
s 1
f 504/1350 152/1345 470/1349
s 0
f 287/1340 504/1350 747/1339
s 1
f 504/1350 470/1349 740/1351
f 740/1351 470/1349 1017/1352
f 747/1339 504/1350 881/1353
f 881/1353 504/1350 740/1351
f 747/1339 881/1353 1239/1338
f 740/1351 1017/1352 1308/1354
f 740/1351 1308/1354 881/1353
s 0
f 1308/1354 1017/1352 2332/1355
s 1
f 1239/1338 881/1353 1340/1356
f 1340/1356 881/1353 1308/1354
f 1340/1356 1308/1354 2191/1357
f 2191/1357 1308/1354 2332/1355
f 2191/1357 2332/1355 2598/1358
f 2598/1358 2332/1355 2541/1359
f 2598/1358 2541/1359 2671/1360
f 2191/1357 2598/1358 2512/1361
f 2598/1358 2671/1360 2699/1362
f 1340/1356 2191/1357 2343/1363
f 2343/1363 2191/1357 2512/1361
f 1340/1356 2343/1363 1813/1364
f 1340/1356 1813/1364 1239/1338
f 1813/1364 2343/1363 2381/1365
f 2381/1365 2343/1363 2512/1361
f 1239/1338 1813/1364 1735/1366
f 1735/1366 1813/1364 2381/1365
f 1239/1338 1735/1366 1391/1367
f 1735/1366 2381/1365 1943/1368
f 1735/1366 1943/1368 1391/1367
f 1943/1368 2381/1365 2512/1361
f 1391/1367 1943/1368 2342/1369
f 1391/1367 2342/1369 1787/1370
f 1943/1368 2512/1361 2539/1371
f 1943/1368 2539/1371 2342/1369
f 1787/1370 2342/1369 2105/1372
f 2539/1371 2512/1361 2642/1373
f 2642/1373 2512/1361 2598/1358
f 2642/1373 2598/1358 2699/1362
f 2539/1371 2642/1373 2657/1374
f 2657/1374 2642/1373 2699/1362
f 2342/1369 2539/1371 2557/1375
f 2557/1375 2539/1371 2657/1374
f 2432/1376 2105/1372 2342/1369
f 2342/1369 2557/1375 2579/1377
f 2579/1377 2557/1375 2657/1374
f 2342/1369 2579/1377 2432/1376
f 2105/1372 2432/1376 2441/1378
f 2441/1378 2432/1376 2579/1377
f 2105/1372 2441/1378 2264/1379
f 2579/1377 2657/1374 2681/1380
f 2441/1378 2579/1377 2615/1381
f 2615/1381 2579/1377 2681/1380
f 2441/1378 2615/1381 2434/1382
f 2441/1378 2434/1382 2264/1379
f 2615/1381 2681/1380 2688/1383
f 2681/1380 2657/1374 2734/1384
f 2734/1384 2657/1374 2699/1362
f 2681/1380 2734/1384 2732/1385
f 2681/1380 2732/1385 2688/1383
f 2734/1384 2699/1362 2727/1386
f 2727/1386 2699/1362 2671/1360
f 2732/1385 2734/1384 2745/1387
f 2745/1387 2734/1384 2727/1386
f 2745/1387 2727/1386 2742/1388
f 2742/1388 2727/1386 2722/1389
f 2732/1385 2745/1387 2739/1390
f 2732/1385 2739/1390 2688/1383
f 2745/1387 2742/1388 2741/1391
f 2745/1387 2741/1391 2739/1390
f 2741/1391 2742/1388 2736/1392
f 2688/1383 2739/1390 2700/1393
f 2700/1393 2739/1390 2741/1391
f 2700/1393 2741/1391 2709/1394
f 2709/1394 2741/1391 2730/1395
f 2709/1394 2730/1395 2718/1396
f 2709/1394 2718/1396 2700/1393
f 2718/1396 2730/1395 2738/1397
f 2688/1383 2700/1393 2631/1398
f 2700/1393 2718/1396 2670/1399
f 2700/1393 2670/1399 2631/1398
f 2718/1396 2738/1397 2706/1400
f 2718/1396 2706/1400 2670/1399
f 2706/1400 2738/1397 2726/1401
f 2706/1400 2726/1401 2659/1402
f 2659/1402 2726/1401 2685/1403
f 2670/1399 2706/1400 2608/1404
f 2670/1399 2608/1404 2631/1398
f 2608/1404 2706/1400 2659/1402
f 2659/1402 2685/1403 2702/1405
f 2631/1398 2608/1404 2571/1406
f 2631/1398 2571/1406 2688/1383
f 2688/1383 2571/1406 2615/1381
f 2615/1381 2571/1406 2434/1382
f 2608/1404 2659/1402 2565/1407
f 2608/1404 2565/1407 2571/1406
f 2659/1402 2702/1405 2650/1408
f 2659/1402 2650/1408 2565/1407
f 2650/1408 2702/1405 2724/1409
f 2724/1409 2702/1405 2723/1410
f 2724/1409 2723/1410 2717/1411
f 2377/1412 2434/1382 2571/1406
f 2434/1382 2377/1412 2264/1379
f 2264/1379 2377/1412 2238/1413
f 2238/1413 2377/1412 2333/1414
f 2377/1412 2571/1406 2465/1415
f 2377/1412 2465/1415 2333/1414
f 2465/1415 2571/1406 2565/1407
f 2465/1415 2565/1407 2594/1416
f 2594/1416 2565/1407 2650/1408
f 2333/1414 2465/1415 2452/1417
f 2452/1417 2465/1415 2594/1416
f 2333/1414 2452/1417 2242/1418
f 2594/1416 2650/1408 2691/1419
f 2691/1419 2650/1408 2724/1409
f 2691/1419 2724/1409 2676/1420
f 2676/1420 2724/1409 2717/1411
f 2594/1416 2691/1419 2651/1421
f 2651/1421 2691/1419 2676/1420
f 2676/1420 2717/1411 2654/1422
f 2654/1422 2717/1411 2658/1423
f 2676/1420 2654/1422 2600/1424
f 2594/1416 2651/1421 2580/1425
f 2594/1416 2580/1425 2452/1417
f 2651/1421 2676/1420 2616/1426
f 2616/1426 2676/1420 2600/1424
f 2651/1421 2616/1426 2580/1425
f 2452/1417 2580/1425 2387/1427
f 2387/1427 2580/1425 2616/1426
f 2387/1427 2616/1426 2600/1424
f 2452/1417 2387/1427 2242/1418
f 2387/1427 2600/1424 2474/1428
f 2242/1418 2387/1427 1836/1429
f 2387/1427 2474/1428 1963/1430
f 2387/1427 1963/1430 1836/1429
f 1836/1429 1963/1430 1588/1431
f 1694/1432 1594/1433 1560/1434
f 1583/1435 1560/1434 1687/1436
f 1560/1434 1583/1435 1775/1437
f 1560/1434 1775/1437 1694/1432
f 1687/1436 1560/1434 1647/1438
f 1647/1438 1560/1434 1594/1433
f 1907/1439 1687/1436 1864/1440
f 1864/1440 1687/1436 1647/1438
f 1864/1440 1647/1438 1873/1441
f 1873/1441 1647/1438 1728/1442
f 1728/1442 1647/1438 1612/1443
f 1612/1443 1647/1438 1594/1433
f 1612/1443 1594/1433 1794/1444
f 1612/1443 1794/1444 1804/1445
f 1794/1444 1594/1433 1913/1446
f 1913/1446 1594/1433 1694/1432
f 1804/1445 1794/1444 2174/1447
f 2174/1447 1794/1444 1913/1446
f 1804/1445 2174/1447 1962/1448
f 1913/1446 1694/1432 2000/1449
f 1913/1446 2000/1449 2232/1450
f 1913/1446 2232/1450 2174/1447
f 2000/1449 1694/1432 2102/1451
f 2102/1451 1694/1432 1775/1437
f 2232/1450 2000/1449 2352/1452
f 2352/1452 2000/1449 2102/1451
f 2174/1447 2232/1450 2419/1453
f 2419/1453 2232/1450 2352/1452
f 2018/1454 1962/1448 2174/1447
f 1962/1448 2018/1454 1853/1455
f 2174/1447 2419/1453 2412/1456
f 2174/1447 2412/1456 2018/1454
f 1853/1455 2018/1454 1887/1457
f 2348/1458 2352/1452 2102/1451
f 2348/1458 2102/1451 1775/1437
f 2348/1458 1775/1437 2450/1459
f 2450/1459 1775/1437 2278/1460
f 2348/1458 2450/1459 2456/1461
f 2456/1461 2450/1459 2588/1462
f 2352/1452 2348/1458 2436/1463
f 2436/1463 2348/1458 2456/1461
f 2456/1461 2588/1462 2477/1464
f 2456/1461 2477/1464 2436/1463
f 2477/1464 2588/1462 2547/1465
f 2352/1452 2436/1463 2449/1466
f 2352/1452 2449/1466 2419/1453
f 2419/1453 2449/1466 2412/1456
f 2449/1466 2436/1463 2437/1467
f 2437/1467 2436/1463 2477/1464
f 2412/1456 2449/1466 2422/1468
f 2422/1468 2449/1466 2437/1467
f 2412/1456 2422/1468 2413/1469
s 0
f 2422/1468 2437/1467 2423/1470
s 1
f 2412/1456 2413/1469 2290/1471
f 2423/1470 2437/1467 2447/1472
f 2447/1472 2437/1467 2477/1464
f 2412/1456 2290/1471 2018/1454
f 2018/1454 2290/1471 1969/1473
f 2447/1472 2477/1464 2495/1474
f 2495/1474 2477/1464 2547/1465
f 2495/1474 2547/1465 2562/1475
f 2447/1472 2495/1474 2473/1476
f 2495/1474 2562/1475 2538/1477
f 2495/1474 2538/1477 2473/1476
f 2473/1476 2538/1477 2519/1478
f 2018/1454 1969/1473 1798/1479
f 1798/1479 1969/1473 1491/1480
f 2018/1454 1798/1479 1887/1457
f 1798/1479 1491/1480 1652/1481
f 1798/1479 1652/1481 1887/1457
f 2519/1478 2538/1477 2535/1482
f 2519/1478 2535/1482 2529/1483
f 2535/1482 2538/1477 2542/1484
f 2535/1482 2542/1484 2463/1485
f 2535/1482 2463/1485 2472/1486
f 1571/1487 1654/1488 1563/1489
f 1571/1487 1563/1489 1224/1490
f 1811/1491 1726/1492 1654/1488
f 1571/1487 1224/1490 1353/1493
f 1353/1493 1224/1490 1128/1494
f 1654/1488 1571/1487 1718/1495
f 1571/1487 1353/1493 1451/1496
f 1571/1487 1451/1496 1718/1495
f 1811/1491 1654/1488 1799/1497
f 1799/1497 1654/1488 1718/1495
f 1811/1491 1799/1497 1716/1498
f 1811/1491 1716/1498 1730/1499
f 1730/1499 1716/1498 1744/1500
f 1716/1498 1799/1497 1795/1501
f 1795/1501 1799/1497 1718/1495
f 1716/1498 1795/1501 1816/1502
f 1795/1501 1718/1495 1809/1503
f 1816/1502 1795/1501 1833/1504
f 1833/1504 1795/1501 1809/1503
f 1716/1498 1816/1502 1827/1505
f 1716/1498 1827/1505 1884/1506
f 1884/1506 1827/1505 2217/1507
f 1827/1505 1816/1502 2244/1508
f 2217/1507 1827/1505 2334/1509
f 2334/1509 1827/1505 2244/1508
f 2439/1510 2086/1511 2217/1507
f 2217/1507 2334/1509 2521/1512
f 2217/1507 2521/1512 2439/1510
f 2521/1512 2334/1509 2502/1513
f 2502/1513 2334/1509 2244/1508
f 2439/1510 2521/1512 2560/1514
f 2439/1510 2560/1514 2443/1515
f 2443/1515 2560/1514 2511/1516
f 2351/1517 2244/1508 1816/1502
f 2351/1517 1816/1502 1833/1504
f 2502/1513 2244/1508 2533/1518
f 2244/1508 2351/1517 2491/1519
f 2244/1508 2491/1519 2533/1518
f 2351/1517 1833/1504 2340/1520
f 2351/1517 2340/1520 2491/1519
f 2502/1513 2533/1518 2561/1521
f 2502/1513 2561/1521 2521/1512
f 2533/1518 2491/1519 2532/1522
f 2533/1518 2532/1522 2561/1521
f 2521/1512 2561/1521 2585/1523
f 2585/1523 2561/1521 2532/1522
f 2521/1512 2585/1523 2560/1514
f 2532/1522 2491/1519 2482/1524
f 2482/1524 2491/1519 2340/1520
f 2585/1523 2532/1522 2569/1525
f 2560/1514 2585/1523 2583/1526
f 2583/1526 2585/1523 2569/1525
f 2560/1514 2583/1526 2511/1516
f 2569/1525 2532/1522 2509/1527
f 2509/1527 2532/1522 2482/1524
f 2583/1526 2569/1525 2581/1528
f 2511/1516 2583/1526 2543/1529
f 2543/1529 2583/1526 2581/1528
f 2511/1516 2543/1529 2438/1530
f 2581/1528 2569/1525 2530/1531
f 2530/1531 2569/1525 2509/1527
f 2543/1529 2581/1528 2524/1532
f 2543/1529 2524/1532 2438/1530
f 2524/1532 2581/1528 2530/1531
f 2438/1530 2524/1532 2127/1533
f 2530/1531 2509/1527 2270/1534
f 2270/1534 2509/1527 2482/1524
f 2127/1533 2524/1532 2312/1535
f 2312/1535 2524/1532 2530/1531
f 2127/1533 2312/1535 1808/1536
f 2312/1535 2530/1531 2208/1537
f 2208/1537 2530/1531 2270/1534
f 1808/1536 2312/1535 1861/1538
f 1861/1538 2312/1535 2208/1537
f 1861/1538 2208/1537 1745/1539
f 1861/1538 1745/1539 1808/1536
f 1745/1539 2208/1537 2270/1534
f 1808/1536 1745/1539 1682/1540
f 1808/1536 1682/1540 1717/1541
f 1717/1541 1682/1540 1754/1542
f 1754/1542 1682/1540 1745/1539
f 1717/1541 1754/1542 1800/1543
f 1800/1543 1754/1542 1774/1544
f 1754/1542 1745/1539 1770/1545
f 1754/1542 1770/1545 1774/1544
f 1818/1546 1745/1539 2270/1534
f 1745/1539 1818/1546 1809/1503
f 1745/1539 1809/1503 1770/1545
f 1818/1546 2270/1534 2257/1547
f 2257/1547 2270/1534 2482/1524
f 2257/1547 2482/1524 2340/1520
f 2257/1547 2340/1520 1833/1504
f 2257/1547 1833/1504 1818/1546
f 1818/1546 1833/1504 1809/1503
f 1625/1548 1774/1544 1770/1545
f 1774/1544 1625/1548 1660/1549
f 1689/1550 1770/1545 1809/1503
f 1660/1549 1625/1548 1512/1551
f 1689/1550 1809/1503 1718/1495
f 1625/1548 1770/1545 1668/1552
f 1668/1552 1770/1545 1689/1550
f 1689/1550 1718/1495 1636/1553
f 1625/1548 1668/1552 1556/1554
f 1512/1551 1625/1548 1484/1555
f 1484/1555 1625/1548 1556/1554
f 1512/1551 1484/1555 1309/1556
f 1512/1551 1309/1556 1426/1557
f 1426/1557 1309/1556 1201/1558
f 1309/1556 1484/1555 1332/1559
f 1332/1559 1484/1555 1556/1554
f 1201/1558 1309/1556 1142/1560
f 1142/1560 1309/1556 1332/1559
f 1332/1559 1556/1554 1271/1561
f 1332/1559 1271/1561 1142/1560
f 1271/1561 1556/1554 1513/1562
f 1513/1562 1556/1554 1668/1552
f 1142/1560 1271/1561 1091/1563
f 1271/1561 1513/1562 1203/1564
f 1271/1561 1203/1564 1091/1563
f 1513/1562 1668/1552 1578/1565
f 1578/1565 1668/1552 1689/1550
f 1513/1562 1578/1565 1385/1566
f 1513/1562 1385/1566 1203/1564
f 1578/1565 1689/1550 1540/1567
f 1578/1565 1540/1567 1385/1566
f 1075/1568 1142/1560 1091/1563
f 1075/1568 1091/1563 1203/1564
f 1540/1567 1689/1550 1636/1553
f 1142/1560 1075/1568 1165/1569
f 1142/1560 1165/1569 1201/1558
f 1201/1558 1165/1569 1187/1570
f 1187/1570 1165/1569 1281/1571
f 1281/1571 1165/1569 1283/1572
f 1281/1571 1283/1572 1292/1573
f 1165/1569 1075/1568 1068/1574
f 1283/1572 1165/1569 1196/1575
f 1196/1575 1165/1569 1068/1574
f 1283/1572 1196/1575 1294/1576
f 1283/1572 1294/1576 1292/1573
f 1196/1575 1068/1574 1276/1577
f 1196/1575 1276/1577 1294/1576
f 1068/1574 1075/1568 1116/1578
f 1068/1574 1116/1578 1276/1577
f 1116/1578 1075/1568 1147/1579
f 1147/1579 1075/1568 1203/1564
f 1292/1573 1294/1576 1324/1580
f 1324/1580 1294/1576 1276/1577
f 1292/1573 1324/1580 1274/1581
f 1292/1573 1274/1581 1279/1582
f 1279/1582 1274/1581 1212/1583
f 1274/1581 1324/1580 1430/1584
f 1274/1581 1430/1584 1275/1585
f 1275/1585 1430/1584 1632/1586
f 1430/1584 1324/1580 1640/1587
f 1640/1587 1324/1580 1276/1577
f 1632/1586 1430/1584 1810/1588
f 1810/1588 1430/1584 1640/1587
f 1632/1586 1810/1588 1859/1589
f 1640/1587 1276/1577 1384/1590
f 1384/1590 1276/1577 1116/1578
f 1810/1588 1640/1587 2050/1591
f 1859/1589 1810/1588 2118/1592
f 2118/1592 1810/1588 2050/1591
f 2050/1591 1640/1587 1946/1593
f 1946/1593 1640/1587 1384/1590
f 2050/1591 1946/1593 2117/1594
f 2050/1591 2117/1594 2118/1592
f 1859/1589 2118/1592 1906/1595
f 1859/1589 1906/1595 1622/1596
f 2118/1592 2117/1594 2175/1597
f 1906/1595 2118/1592 2094/1598
f 2094/1598 2118/1592 2175/1597
f 1906/1595 2094/1598 2098/1599
f 1906/1595 2098/1599 1845/1600
f 1845/1600 2098/1599 2183/1601
f 1845/1600 2183/1601 1732/1602
f 2098/1599 2094/1598 2291/1603
f 2098/1599 2291/1603 2183/1601
f 2291/1603 2094/1598 2273/1604
f 2273/1604 2094/1598 2175/1597
f 2183/1601 2291/1603 2371/1605
f 2273/1604 2175/1597 2182/1606
f 1732/1602 2183/1601 1961/1607
f 2291/1603 2273/1604 2399/1608
f 2291/1603 2399/1608 2371/1605
f 2273/1604 2182/1606 2360/1609
f 2273/1604 2360/1609 2399/1608
f 1732/1602 1961/1607 1464/1610
f 2182/1606 2175/1597 2179/1611
f 2182/1606 2179/1611 2360/1609
f 2371/1605 2399/1608 2427/1612
f 2427/1612 2399/1608 2360/1609
f 2253/1613 2183/1601 2371/1605
f 2183/1601 2253/1613 1961/1607
f 2371/1605 2427/1612 2274/1614
f 2371/1605 2274/1614 2253/1613
f 1961/1607 2253/1613 1948/1615
f 1948/1615 2253/1613 2274/1614
f 1611/1616 1464/1610 1961/1607
f 1611/1616 1961/1607 1948/1615
f 1464/1610 1611/1616 1154/1617
f 1464/1610 1154/1617 1199/1618
f 1611/1616 1948/1615 1424/1619
f 1154/1617 1611/1616 1102/1620
f 1102/1620 1611/1616 1424/1619
f 1154/1617 1102/1620 1070/1621
f 1102/1620 1424/1619 1042/1622
f 1154/1617 1070/1621 1033/1623
f 1154/1617 1033/1623 1050/1624
f 1070/1621 1102/1620 1016/1625
f 1016/1625 1102/1620 1042/1622
f 1033/1623 1070/1621 986/1626
f 986/1626 1070/1621 1016/1625
f 1033/1623 986/1626 954/1627
f 1033/1623 954/1627 921/1628
f 921/1628 954/1627 707/1629
f 707/1629 954/1627 776/1630
f 707/1629 776/1630 491/1631
f 954/1627 986/1626 901/1632
f 954/1627 901/1632 776/1630
f 986/1626 1016/1625 943/1633
f 986/1626 943/1633 901/1632
f 943/1633 1016/1625 878/1634
f 901/1632 943/1633 773/1635
f 901/1632 773/1635 776/1630
f 773/1635 943/1633 878/1634
f 878/1634 1016/1625 1042/1622
f 776/1630 773/1635 606/1636
f 776/1630 606/1636 491/1631
f 773/1635 878/1634 666/1637
f 606/1636 773/1635 549/1638
f 549/1638 773/1635 666/1637
f 878/1634 1042/1622 859/1639
f 878/1634 859/1639 666/1637
f 491/1631 606/1636 197/1640
f 491/1631 197/1640 256/1641
f 606/1636 549/1638 300/1642
f 606/1636 300/1642 197/1640
f 549/1638 666/1637 326/1643
f 549/1638 326/1643 300/1642
f 666/1637 859/1639 701/1644
f 326/1643 666/1637 451/1645
f 451/1645 666/1637 701/1644
f 701/1644 859/1639 866/1646
f 866/1646 859/1639 1042/1622
f 451/1645 701/1644 473/1647
f 701/1644 866/1646 712/1648
f 701/1644 712/1648 473/1647
f 866/1646 1042/1622 1112/1649
f 1112/1649 1042/1622 1424/1619
f 712/1648 866/1646 941/1650
f 941/1650 866/1646 1112/1649
f 473/1647 712/1648 438/1651
f 1112/1649 1424/1619 1501/1652
f 1501/1652 1424/1619 1948/1615
f 941/1650 1112/1649 1055/1653
f 1501/1652 1948/1615 1870/1654
f 1870/1654 1948/1615 2274/1614
f 1112/1649 1501/1652 1185/1655
f 1112/1649 1185/1655 1055/1653
f 1501/1652 1870/1654 1521/1656
f 1501/1652 1521/1656 1185/1655
f 1870/1654 2274/1614 1883/1657
f 1870/1654 1883/1657 1521/1656
f 864/1658 941/1650 1055/1653
f 941/1650 864/1658 712/1648
f 712/1648 864/1658 642/1659
f 712/1648 642/1659 438/1651
f 864/1658 1055/1653 905/1660
f 642/1659 864/1658 775/1661
f 775/1661 864/1658 905/1660
f 642/1659 775/1661 482/1662
f 642/1659 482/1662 438/1651
f 905/1660 1055/1653 1031/1663
f 1031/1663 1055/1653 1185/1655
f 775/1661 905/1660 903/1664
f 903/1664 905/1660 1031/1663
f 482/1662 775/1661 735/1665
f 735/1665 775/1661 903/1664
f 1031/1663 1185/1655 1063/1666
f 903/1664 1031/1663 1027/1667
f 1027/1667 1031/1663 1063/1666
f 903/1664 1027/1667 931/1668
f 903/1664 931/1668 735/1665
f 931/1668 1027/1667 999/1669
f 735/1665 931/1668 838/1670
f 838/1670 931/1668 999/1669
f 735/1665 838/1670 705/1671
f 999/1669 1027/1667 1127/1672
f 1127/1672 1027/1667 1063/1666
f 999/1669 1127/1672 1141/1673
f 838/1670 999/1669 896/1674
f 838/1670 896/1674 703/1675
f 838/1670 703/1675 705/1671
f 896/1674 999/1669 956/1676
f 999/1669 1141/1673 1025/1677
f 999/1669 1025/1677 956/1676
f 1141/1673 1127/1672 1161/1678
f 1141/1673 1161/1678 1025/1677
f 896/1674 956/1676 845/1679
f 896/1674 845/1679 703/1675
f 956/1676 1025/1677 895/1680
f 956/1676 895/1680 845/1679
f 1025/1677 1161/1678 1061/1681
f 703/1675 845/1679 730/1682
f 730/1682 845/1679 895/1680
f 1025/1677 1061/1681 984/1683
f 1025/1677 984/1683 895/1680
f 1061/1681 1161/1678 1029/1684
f 1061/1681 1029/1684 984/1683
f 1053/1685 1161/1678 1127/1672
f 1161/1678 1053/1685 1029/1684
f 1053/1685 1127/1672 1063/1666
f 895/1680 984/1683 918/1686
f 918/1686 984/1683 1029/1684
f 789/1687 730/1682 895/1680
f 789/1687 895/1680 819/1688
f 819/1688 895/1680 918/1686
f 730/1682 789/1687 627/1689
f 730/1682 627/1689 703/1675
f 627/1689 789/1687 661/1690
f 661/1690 789/1687 819/1688
f 703/1675 627/1689 599/1691
f 703/1675 599/1691 705/1671
f 627/1689 661/1690 499/1692
f 627/1689 499/1692 599/1691
f 705/1671 599/1691 484/1693
f 484/1693 599/1691 499/1692
f 705/1671 484/1693 568/1694
f 705/1671 568/1694 735/1665
f 484/1693 499/1692 316/1695
f 735/1665 568/1694 413/1696
f 735/1665 413/1696 482/1662
f 568/1694 484/1693 219/1697
f 568/1694 219/1697 413/1696
f 484/1693 316/1695 161/1698
f 484/1693 161/1698 219/1697
f 316/1695 499/1692 262/1699
f 316/1695 262/1699 161/1698
f 482/1662 413/1696 313/1700
f 482/1662 313/1700 438/1651
f 313/1700 413/1696 131/1701
f 131/1701 413/1696 219/1697
f 438/1651 313/1700 238/1702
f 238/1702 313/1700 131/1701
f 438/1651 238/1702 217/1703
f 217/1703 238/1702 58/1704
f 58/1704 238/1702 131/1701
f 438/1651 217/1703 193/1705
f 438/1651 193/1705 473/1647
f 473/1647 193/1705 451/1645
f 217/1703 58/1704 2828/1706
f 217/1703 2828/1706 193/1705
f 58/1704 131/1701 2840/1707
f 58/1704 2840/1707 2828/1706
f 2840/1707 131/1701 2869/1708
f 2840/1707 2869/1708 2828/1706
f 2869/1708 131/1701 2822/1709
f 2822/1709 131/1701 219/1697
f 2869/1708 2822/1709 3065/1710
f 2869/1708 3065/1710 3014/1711
f 2869/1708 3014/1711 2828/1706
f 2828/1706 3014/1711 3066/1712
f 2828/1706 3066/1712 2901/1713
f 2828/1706 2901/1713 193/1705
f 2822/1709 219/1697 2904/1714
f 2822/1709 2904/1714 3132/1715
f 3132/1715 2904/1714 2887/1716
f 2904/1714 219/1697 2759/1717
f 2904/1714 2759/1717 2887/1716
f 2759/1717 219/1697 161/1698
f 2759/1717 161/1698 18/1718
f 2759/1717 18/1718 2887/1716
f 18/1718 161/1698 262/1699
f 2887/1716 18/1718 2970/1719
f 2887/1716 2970/1719 3180/1720
f 2970/1719 18/1718 3008/1721
f 3008/1721 18/1718 51/1722
f 51/1722 18/1718 262/1699
f 3008/1721 51/1722 2886/1723
f 51/1722 262/1699 339/1724
f 339/1724 262/1699 499/1692
f 339/1724 499/1692 661/1690
f 51/1722 339/1724 255/1725
f 51/1722 255/1725 2886/1723
f 339/1724 661/1690 603/1726
f 339/1724 603/1726 255/1725
f 603/1726 661/1690 819/1688
f 2886/1723 255/1725 54/1727
f 2886/1723 54/1727 3054/1728
f 54/1727 255/1725 447/1729
f 447/1729 255/1725 603/1726
f 54/1727 447/1729 348/1730
f 348/1730 447/1729 667/1731
f 447/1729 603/1726 777/1732
f 447/1729 777/1732 667/1731
f 777/1732 603/1726 819/1688
f 667/1731 777/1732 861/1733
f 861/1733 777/1732 919/1734
f 861/1733 919/1734 985/1735
f 777/1732 819/1688 853/1736
f 777/1732 853/1736 919/1734
f 853/1736 819/1688 918/1686
f 985/1735 919/1734 990/1737
f 990/1737 919/1734 853/1736
f 990/1737 853/1736 947/1738
f 947/1738 853/1736 918/1686
f 1089/1739 990/1737 1037/1740
f 947/1738 918/1686 953/1741
f 953/1741 918/1686 1029/1684
f 990/1737 947/1738 1013/1742
f 990/1737 1013/1742 1037/1740
f 947/1738 953/1741 949/1743
f 947/1738 949/1743 1013/1742
f 953/1741 1029/1684 978/1744
f 953/1741 978/1744 949/1743
f 1037/1740 1013/1742 1012/1745
f 1012/1745 1013/1742 949/1743
f 1037/1740 1012/1745 1040/1746
f 1040/1746 1012/1745 955/1747
f 955/1747 1012/1745 949/1743
f 955/1747 949/1743 970/1748
f 970/1748 949/1743 978/1744
f 955/1747 970/1748 1032/1749
f 1032/1749 970/1748 1170/1750
f 1170/1750 970/1748 978/1744
f 1032/1749 1170/1750 1244/1751
f 1041/1752 978/1744 1029/1684
f 1041/1752 1029/1684 1053/1685
f 978/1744 1041/1752 1098/1753
f 978/1744 1098/1753 1170/1750
f 1041/1752 1053/1685 1060/1754
f 1041/1752 1060/1754 1098/1753
f 1060/1754 1053/1685 1063/1666
f 1272/1755 1244/1751 1170/1750
f 1060/1754 1063/1666 1157/1756
f 1060/1754 1157/1756 1098/1753
f 1157/1756 1063/1666 1185/1655
f 1157/1756 1185/1655 1459/1757
f 1459/1757 1185/1655 1521/1656
f 1098/1753 1157/1756 1552/1758
f 1552/1758 1157/1756 1459/1757
f 1459/1757 1521/1656 1954/1759
f 1459/1757 1954/1759 1552/1758
f 1954/1759 1521/1656 1883/1657
f 1098/1753 1552/1758 1572/1760
f 1098/1753 1572/1760 1170/1750
f 1552/1758 1954/1759 1796/1761
f 1552/1758 1796/1761 1572/1760
f 1954/1759 1883/1657 2211/1762
f 2211/1762 1883/1657 2274/1614
f 1170/1750 1572/1760 1412/1763
f 1170/1750 1412/1763 1272/1755
f 1412/1763 1572/1760 1738/1764
f 1738/1764 1572/1760 1796/1761
f 1272/1755 1412/1763 1383/1765
f 1383/1765 1412/1763 1738/1764
f 1344/1766 1272/1755 1330/1767
f 1330/1767 1272/1755 1383/1765
f 1330/1767 1383/1765 1287/1768
f 1287/1768 1383/1765 1376/1769
f 1287/1768 1376/1769 1205/1770
f 1205/1770 1376/1769 1466/1771
f 1376/1769 1383/1765 1829/1772
f 1376/1769 1829/1772 1466/1771
f 1829/1772 1383/1765 1738/1764
f 1466/1771 1829/1772 1780/1773
f 1780/1773 1829/1772 2293/1774
f 1780/1773 2293/1774 2059/1775
f 1829/1772 1738/1764 2089/1776
f 2089/1776 1738/1764 1796/1761
f 1829/1772 2089/1776 2405/1777
f 1829/1772 2405/1777 2293/1774
f 2059/1775 2293/1774 2353/1778
f 2059/1775 2353/1778 2230/1779
f 2230/1779 2353/1778 2294/1780
f 2353/1778 2293/1774 2446/1781
f 2446/1781 2293/1774 2444/1782
f 2444/1782 2293/1774 2405/1777
f 2353/1778 2446/1781 2493/1783
f 2493/1783 2446/1781 2444/1782
f 2294/1780 2353/1778 2466/1784
f 2466/1784 2353/1778 2493/1783
f 2304/1785 2294/1780 2265/1786
f 2265/1786 2294/1780 2367/1787
f 2367/1787 2294/1780 2466/1784
f 2265/1786 2367/1787 2370/1788
f 2493/1783 2444/1782 2483/1789
f 2483/1789 2444/1782 2405/1777
f 2370/1788 2367/1787 2478/1790
f 2478/1790 2367/1787 2466/1784
f 2370/1788 2478/1790 2472/1791
f 2534/1792 2466/1784 2493/1783
f 2534/1792 2493/1783 2483/1789
f 2478/1790 2466/1784 2520/1793
f 2520/1793 2466/1784 2534/1792
f 2472/1791 2478/1790 2529/1794
f 2529/1794 2478/1790 2520/1793
f 2472/1791 2529/1794 2535/1795
f 2520/1793 2534/1792 2525/1796
f 2529/1794 2520/1793 2516/1797
f 2516/1797 2520/1793 2525/1796
f 2529/1794 2516/1797 2507/1798
f 2529/1794 2507/1798 2519/1799
f 2519/1799 2507/1798 2473/1800
f 2507/1798 2516/1797 2469/1801
f 2507/1798 2469/1801 2473/1800
f 2516/1797 2525/1796 2476/1802
f 2516/1797 2476/1802 2469/1801
f 2479/1803 2525/1796 2534/1792
f 2479/1803 2534/1792 2483/1789
f 2476/1802 2525/1796 2442/1804
f 2442/1804 2525/1796 2479/1803
f 2473/1800 2469/1801 2433/1805
f 2473/1800 2433/1805 2447/1806
f 2447/1806 2433/1805 2423/1807
f 2433/1805 2469/1801 2407/1808
f 2433/1805 2407/1808 2423/1807
f 2407/1808 2469/1801 2476/1802
f 2423/1807 2407/1808 2376/1809
s 0
f 2423/1807 2376/1809 2422/1810
s 1
f 2407/1808 2476/1802 2372/1811
f 2407/1808 2372/1811 2376/1809
f 2372/1811 2476/1802 2442/1804
f 2422/1810 2376/1809 2413/1812
f 2372/1811 2442/1804 2323/1813
f 2376/1809 2372/1811 2336/1814
f 2336/1814 2372/1811 2323/1813
f 2413/1812 2376/1809 2388/1815
f 2376/1809 2336/1814 2368/1816
f 2376/1809 2368/1816 2388/1815
f 2368/1816 2336/1814 2215/1817
f 2215/1817 2336/1814 2203/1818
f 2203/1818 2336/1814 2323/1813
f 2368/1816 2215/1817 2385/1819
f 2368/1816 2385/1819 2388/1815
f 2215/1817 2203/1818 2317/1820
f 2215/1817 2317/1820 2385/1819
f 2317/1820 2203/1818 2323/1813
f 2388/1815 2385/1819 2390/1821
f 2390/1821 2385/1819 2317/1820
f 2266/1822 2413/1812 2388/1815
f 2413/1812 2266/1822 2290/1823
f 2290/1823 2266/1822 1969/1824
f 2266/1822 2388/1815 2306/1825
f 2306/1825 2388/1815 2390/1821
f 1969/1824 2266/1822 2047/1826
f 2047/1826 2266/1822 2306/1825
f 1969/1824 2047/1826 1642/1827
f 1969/1824 1642/1827 1491/1828
f 1491/1828 1642/1827 1369/1829
f 1369/1829 1642/1827 1343/1830
f 1369/1829 1343/1830 1215/1831
f 2306/1825 2390/1821 2271/1832
f 1215/1831 1343/1830 1210/1833
f 1215/1831 1210/1833 1049/1834
f 1049/1834 1210/1833 1128/1494
f 1049/1834 1128/1494 1048/1835
f 1128/1494 1210/1833 1353/1493
f 1353/1493 1210/1833 1372/1836
f 1372/1836 1210/1833 1343/1830
f 1353/1493 1372/1836 1451/1496
f 1372/1836 1343/1830 1420/1837
f 1372/1836 1420/1837 1451/1496
f 1420/1837 1343/1830 1642/1827
f 1451/1496 1420/1837 1498/1838
f 1420/1837 1642/1827 1614/1839
f 1420/1837 1614/1839 1498/1838
f 1451/1496 1498/1838 1636/1553
f 1451/1496 1636/1553 1718/1495
f 1636/1553 1498/1838 1614/1839
f 1614/1839 1642/1827 2047/1826
f 1636/1553 1614/1839 1540/1567
f 1614/1839 2047/1826 1893/1840
f 1893/1840 2047/1826 2306/1825
f 1540/1567 1614/1839 1605/1841
f 1605/1841 1614/1839 1893/1840
f 1893/1840 2306/1825 1966/1842
f 1893/1840 1966/1842 1605/1841
f 1966/1842 2306/1825 2271/1832
f 1540/1567 1605/1841 1520/1843
f 1520/1843 1605/1841 1966/1842
f 1540/1567 1520/1843 1385/1566
f 1520/1843 1966/1842 1761/1844
f 1761/1844 1966/1842 2271/1832
f 1385/1566 1520/1843 1298/1845
f 1298/1845 1520/1843 1761/1844
f 1385/1566 1298/1845 1203/1564
f 1203/1564 1298/1845 1147/1579
f 1147/1579 1298/1845 1387/1846
f 1387/1846 1298/1845 1761/1844
f 1147/1579 1387/1846 1116/1578
f 1116/1578 1387/1846 1384/1590
f 1387/1846 1761/1844 1885/1847
f 1387/1846 1885/1847 1384/1590
f 1885/1847 1761/1844 2271/1832
f 1384/1590 1885/1847 1946/1593
f 1946/1593 1885/1847 2169/1848
f 2169/1848 1885/1847 2271/1832
f 1946/1593 2169/1848 2117/1594
f 2169/1848 2271/1832 2297/1849
f 2297/1849 2271/1832 2390/1821
f 2297/1849 2390/1821 2317/1820
f 2117/1594 2169/1848 2165/1850
f 2165/1850 2169/1848 2297/1849
f 2117/1594 2165/1850 2175/1597
f 2297/1849 2317/1820 2272/1851
f 2297/1849 2272/1851 2165/1850
f 2272/1851 2317/1820 2323/1813
f 2175/1597 2165/1850 2179/1611
f 2179/1611 2165/1850 2272/1851
f 2272/1851 2323/1813 2296/1852
f 2272/1851 2296/1852 2179/1611
f 2296/1852 2323/1813 2442/1804
f 2179/1611 2296/1852 2369/1853
f 2296/1852 2442/1804 2440/1854
f 2296/1852 2440/1854 2369/1853
f 2440/1854 2442/1804 2479/1803
f 2179/1611 2369/1853 2360/1609
f 2360/1609 2369/1853 2420/1855
f 2360/1609 2420/1855 2427/1612
f 2369/1853 2440/1854 2429/1856
f 2369/1853 2429/1856 2420/1855
f 2440/1854 2479/1803 2445/1857
f 2440/1854 2445/1857 2429/1856
f 2445/1857 2479/1803 2483/1789
f 2420/1855 2429/1856 2357/1858
f 2357/1858 2429/1856 2445/1857
f 2445/1857 2483/1789 2417/1859
f 2445/1857 2417/1859 2357/1858
f 2417/1859 2483/1789 2405/1777
f 2417/1859 2405/1777 2292/1860
f 2417/1859 2292/1860 2357/1858
f 2292/1860 2405/1777 2089/1776
f 2292/1860 2089/1776 2190/1861
f 2292/1860 2190/1861 2357/1858
f 2190/1861 2089/1776 1796/1761
f 2347/1862 2420/1855 2357/1858
f 2347/1862 2357/1858 2190/1861
f 2190/1861 1796/1761 2109/1863
f 2190/1861 2109/1863 2347/1862
f 2109/1863 1796/1761 1954/1759
f 2109/1863 1954/1759 2211/1762
f 2109/1863 2211/1762 2347/1862
f 2420/1855 2347/1862 2375/1864
f 2375/1864 2347/1862 2211/1762
f 2420/1855 2375/1864 2427/1612
f 2375/1864 2211/1762 2274/1614
f 2375/1864 2274/1614 2427/1612
f 2305/1865 2315/1866 2280/1867
f 2305/1865 2280/1867 2308/1868
f 2370/1869 2472/1870 2308/1868
f 2370/1869 2308/1868 2265/1871
f 2265/1871 2308/1868 2280/1867
f 2265/1871 2280/1867 2328/1872
f 2265/1871 2328/1872 2304/1873
f 2328/1872 2280/1867 2428/1874
f 2428/1874 2280/1867 2315/1866
f 2304/1873 2328/1872 2490/1875
f 2490/1875 2328/1872 2428/1874
f 2338/1876 2315/1866 2305/1865
f 2428/1874 2315/1866 2382/1877
f 2315/1866 2338/1876 2364/1878
f 2315/1866 2364/1878 2382/1877
f 2428/1874 2382/1877 2518/1879
f 2428/1874 2518/1879 2490/1875
f 2382/1877 2364/1878 2378/1880
f 2518/1879 2382/1877 2486/1881
f 2486/1881 2382/1877 2378/1880
f 2364/1878 2338/1876 2393/1882
f 2518/1879 2486/1881 2591/1883
f 2518/1879 2591/1883 2490/1875
f 2486/1881 2378/1880 2484/1884
f 2484/1884 2378/1880 2364/1878
f 2393/1882 2338/1876 2552/1885
f 2552/1885 2338/1876 2549/1886
f 2364/1878 2393/1882 2506/1887
f 2506/1887 2393/1882 2552/1885
f 2364/1878 2506/1887 2484/1884
f 2506/1887 2552/1885 2636/1888
f 2636/1888 2552/1885 2635/1889
f 2484/1884 2506/1887 2599/1890
f 2599/1890 2506/1887 2636/1888
f 2596/1891 2486/1881 2484/1884
f 2596/1891 2484/1884 2599/1890
f 2486/1881 2596/1891 2591/1883
f 2599/1890 2636/1888 2624/1892
f 2599/1890 2624/1892 2596/1891
f 2624/1892 2636/1888 2652/1893
f 2591/1883 2596/1891 2613/1894
f 2613/1894 2596/1891 2624/1892
f 2624/1892 2652/1893 2637/1895
f 2591/1883 2613/1894 2567/1896
f 2591/1883 2567/1896 2490/1875
f 2613/1894 2624/1892 2620/1897
f 2613/1894 2620/1897 2584/1898
f 2613/1894 2584/1898 2567/1896
f 2620/1897 2624/1892 2610/1899
f 2624/1892 2637/1895 2614/1900
f 2624/1892 2614/1900 2610/1899
f 2654/1901 2658/1902 2637/1895
f 2637/1895 2658/1902 2614/1900
f 2620/1897 2610/1899 2568/1903
f 2620/1897 2568/1903 2584/1898
f 2610/1899 2614/1900 2550/1904
f 2610/1899 2550/1904 2568/1903
f 2584/1898 2568/1903 2503/1905
f 2568/1903 2550/1904 2505/1906
f 2568/1903 2505/1906 2503/1905
f 2505/1906 2550/1904 2480/1907
f 2505/1906 2480/1907 2248/1908
f 2505/1906 2248/1908 2503/1905
f 2480/1907 2550/1904 2269/1909
f 2480/1907 2269/1909 2248/1908
f 2498/1910 2550/1904 2614/1900
f 2550/1904 2498/1910 2269/1909
f 2498/1910 2614/1900 2576/1911
f 2576/1911 2614/1900 2658/1902
f 2269/1909 2498/1910 1766/1912
f 2717/1913 2723/1914 2658/1902
f 2498/1910 2576/1911 2354/1915
f 2498/1910 2354/1915 1766/1912
f 2658/1902 2723/1914 2672/1916
f 2672/1916 2723/1914 2702/1917
f 2672/1916 2702/1917 2685/1918
f 2658/1902 2672/1916 2617/1919
f 2658/1902 2617/1919 2576/1911
f 2672/1916 2685/1918 2712/1920
f 2712/1920 2685/1918 2726/1921
f 2617/1919 2672/1916 2662/1922
f 2662/1922 2672/1916 2712/1920
f 2576/1911 2617/1919 2488/1923
f 2576/1911 2488/1923 2354/1915
f 2712/1920 2726/1921 2743/1924
f 2712/1920 2743/1924 2662/1922
f 2743/1924 2726/1921 2744/1925
f 2744/1925 2726/1921 2738/1926
f 2744/1925 2738/1926 2730/1927
f 2744/1925 2730/1927 2743/1924
f 2553/1928 2488/1923 2617/1919
f 2553/1928 2617/1919 2662/1922
f 2743/1924 2730/1927 2731/1929
f 2728/1930 2662/1922 2743/1924
f 2728/1930 2743/1924 2731/1929
f 2662/1922 2728/1930 2632/1931
f 2662/1922 2632/1931 2553/1928
f 2728/1930 2731/1929 2663/1932
f 2728/1930 2663/1932 2632/1931
f 2731/1929 2730/1927 2736/1933
f 2736/1933 2730/1927 2741/1934
f 2731/1929 2736/1933 2692/1935
f 2731/1929 2692/1935 2663/1932
f 2692/1935 2736/1933 2722/1936
f 2722/1936 2736/1933 2742/1937
f 2692/1935 2722/1936 2647/1938
f 2647/1938 2722/1936 2727/1939
f 2663/1932 2692/1935 2578/1940
f 2578/1940 2692/1935 2647/1938
f 2647/1938 2727/1939 2665/1941
f 2665/1941 2727/1939 2671/1942
f 2665/1941 2671/1942 2541/1943
f 2647/1938 2665/1941 2572/1944
f 2572/1944 2665/1941 2541/1943
f 2647/1938 2572/1944 2578/1940
f 2572/1944 2541/1943 2453/1945
f 2572/1944 2453/1945 2578/1940
f 2453/1945 2541/1943 1912/1946
f 1912/1946 2541/1943 2332/1947
f 2578/1940 2453/1945 2225/1948
f 2225/1948 2453/1945 1912/1946
f 1912/1946 2332/1947 1017/1949
f 2578/1940 2225/1948 2545/1950
f 2578/1940 2545/1950 2663/1932
f 2225/1948 1912/1946 1941/1951
f 2545/1950 2225/1948 2275/1952
f 2275/1952 2225/1948 1941/1951
f 2663/1932 2545/1950 2586/1953
f 2663/1932 2586/1953 2632/1931
f 2545/1950 2275/1952 2540/1954
f 2545/1950 2540/1954 2586/1953
f 2540/1954 2275/1952 2415/1955
f 2415/1955 2275/1952 1941/1951
f 2586/1953 2540/1954 2566/1956
f 2632/1931 2586/1953 2574/1957
f 2574/1957 2586/1953 2566/1956
f 2632/1931 2574/1957 2553/1928
f 2553/1928 2574/1957 2513/1958
f 2513/1958 2574/1957 2566/1956
f 2540/1954 2415/1955 2551/1959
f 2540/1954 2551/1959 2566/1956
f 2566/1956 2551/1959 2639/1960
f 2551/1959 2415/1955 2597/1961
f 2551/1959 2597/1961 2639/1960
f 2597/1961 2415/1955 2522/1962
f 2522/1962 2415/1955 1941/1951
f 2597/1961 2522/1962 2690/1963
f 2597/1961 2690/1963 2714/1964
f 2597/1961 2714/1964 2639/1960
f 2690/1963 2522/1962 2679/1965
f 2714/1964 2690/1963 2715/1966
f 2715/1966 2690/1963 2679/1965
f 2522/1962 1941/1951 2471/1967
f 2522/1962 2471/1967 2679/1965
f 2587/1968 2566/1956 2639/1960
f 2566/1956 2587/1968 2513/1958
f 2705/1969 2639/1960 2714/1964
f 2587/1968 2639/1960 2673/1970
f 2673/1970 2639/1960 2705/1969
f 2705/1969 2714/1964 2737/1971
f 2737/1971 2714/1964 2715/1966
f 2673/1970 2705/1969 2694/1972
f 2677/1973 2715/1966 2679/1965
f 2677/1973 2679/1965 2471/1967
f 2587/1968 2673/1970 2649/1974
f 2649/1974 2673/1970 2694/1972
f 2587/1968 2649/1974 2517/1975
f 2587/1968 2517/1975 2513/1958
f 2517/1975 2649/1974 2575/1976
f 2575/1976 2649/1974 2694/1972
f 2513/1958 2517/1975 2170/1977
f 2517/1975 2575/1976 2249/1978
f 2517/1975 2249/1978 2170/1977
f 2249/1978 2575/1976 2396/1979
f 2513/1958 2170/1977 2392/1980
f 2513/1958 2392/1980 2553/1928
f 2553/1928 2392/1980 2488/1923
f 2392/1980 2170/1977 1803/1981
f 2488/1923 2392/1980 2082/1982
f 2082/1982 2392/1980 1803/1981
f 2488/1923 2082/1982 2354/1915
f 2354/1915 2082/1982 1797/1983
f 1797/1983 2082/1982 1803/1981
f 2354/1915 1797/1983 1766/1912
f 1803/1981 2170/1977 1507/1984
f 1507/1984 2170/1977 2249/1978
f 1797/1983 1803/1981 1562/1985
f 1797/1983 1562/1985 1766/1912
f 1803/1981 1507/1984 1405/1986
f 1803/1981 1405/1986 1562/1985
f 1507/1984 2249/1978 1756/1987
f 1756/1987 2249/1978 2396/1979
f 1405/1986 1507/1984 1366/1988
f 1366/1988 1507/1984 1756/1987
f 1562/1985 1405/1986 1416/1989
f 1562/1985 1416/1989 1766/1912
f 1405/1986 1366/1988 1303/1990
f 1405/1986 1303/1990 1416/1989
f 1366/1988 1756/1987 1494/1991
f 1366/1988 1494/1991 1303/1990
f 1766/1912 1416/1989 1587/1992
f 1766/1912 1587/1992 2269/1909
f 1416/1989 1303/1990 1421/1993
f 1416/1989 1421/1993 1587/1992
f 2269/1909 1587/1992 2248/1908
f 2248/1908 1587/1992 1421/1993
f 1421/1993 1303/1990 1285/1994
f 2248/1908 1421/1993 1944/1995
f 2248/1908 1944/1995 2425/1996
f 2248/1908 2425/1996 2503/1905
f 1944/1995 1421/1993 1452/1997
f 1452/1997 1421/1993 1285/1994
f 2425/1996 1944/1995 2430/1998
f 2425/1996 2430/1998 2503/1905
f 1944/1995 1452/1997 2389/1999
f 1944/1995 2389/1999 2430/1998
f 2503/1905 2430/1998 2514/2000
f 2514/2000 2430/1998 2389/1999
f 2503/1905 2514/2000 2584/1898
f 2584/1898 2514/2000 2567/1896
f 2514/2000 2389/1999 2500/2001
f 2514/2000 2500/2001 2567/1896
f 1967/2002 2389/1999 1452/1997
f 2500/2001 2389/1999 2418/2003
f 2418/2003 2389/1999 1967/2002
f 2567/1896 2500/2001 2499/2004
f 2499/2004 2500/2001 2418/2003
f 2567/1896 2499/2004 2454/2005
f 2567/1896 2454/2005 2490/1875
f 2490/1875 2454/2005 2304/1873
f 2454/2005 2499/2004 2324/2006
f 2324/2006 2499/2004 2418/2003
f 2304/1873 2454/2005 2345/2007
f 2345/2007 2454/2005 2324/2006
f 2304/1873 2345/2007 2294/2008
f 2294/2008 2345/2007 2230/2009
f 2230/2009 2345/2007 2324/2006
f 2324/2006 2418/2003 1672/2010
f 1672/2010 2418/2003 1967/2002
f 2230/2009 2324/2006 1862/2011
f 1862/2011 2324/2006 1672/2010
f 2230/2009 1862/2011 2059/2012
f 1672/2010 1967/2002 1380/2013
f 1380/2013 1967/2002 1452/1997
f 1380/2013 1452/1997 1285/1994
f 1672/2010 1380/2013 1401/2014
f 1672/2010 1401/2014 1862/2011
f 2059/2012 1862/2011 1608/2015
f 1608/2015 1862/2011 1401/2014
f 2059/2012 1608/2015 1780/2016
f 1780/2016 1608/2015 1482/2017
f 1380/2013 1285/1994 1282/2018
f 1380/2013 1282/2018 1401/2014
f 1608/2015 1401/2014 1349/2019
f 1349/2019 1401/2014 1282/2018
f 1608/2015 1349/2019 1482/2017
f 1349/2019 1282/2018 1395/2020
f 1349/2019 1395/2020 1482/2017
f 1780/2016 1482/2017 1466/2021
f 1395/2020 1282/2018 1312/2022
f 1312/2022 1282/2018 1285/1994
f 1482/2017 1395/2020 1502/2023
f 1312/2022 1285/1994 1319/2024
f 1319/2024 1285/1994 1303/1990
f 1319/2024 1303/1990 1494/1991
f 1395/2020 1312/2022 1475/2025
f 1395/2020 1475/2025 1502/2023
f 1312/2022 1319/2024 1463/2026
f 1312/2022 1463/2026 1475/2025
f 1463/2026 1319/2024 1494/1991
f 1475/2025 1463/2026 1634/2027
f 1475/2025 1634/2027 1502/2023
f 1463/2026 1494/1991 1623/2028
f 1463/2026 1623/2028 1634/2027
f 1623/2028 1494/1991 1663/2029
f 1623/2028 1663/2029 1634/2027
f 1663/2029 1494/1991 1756/1987
f 1663/2029 1756/1987 1915/2030
f 1915/2030 1756/1987 2396/1979
f 1634/2027 1663/2029 1670/2031
f 1670/2031 1663/2029 1915/2030
f 1915/2030 2396/1979 2281/2032
f 1915/2030 2281/2032 1670/2031
f 1634/2027 1670/2031 1599/2033
f 1634/2027 1599/2033 1502/2023
f 1670/2031 2281/2032 1825/2034
f 1670/2031 1825/2034 1409/2035
f 1670/2031 1409/2035 1446/2036
f 1670/2031 1446/2036 1599/2033
f 1825/2034 2281/2032 2400/2037
f 2400/2037 2281/2032 2590/2038
f 2400/2037 2590/2038 2563/2039
f 1599/2033 1446/2036 1338/2040
f 1338/2040 1446/2036 1289/2041
f 1599/2033 1338/2040 1414/2042
f 1414/2042 1338/2040 1265/2043
f 1265/2043 1338/2040 1250/2044
f 1599/2033 1414/2042 1483/2045
f 1483/2045 1414/2042 1265/2043
f 1599/2033 1483/2045 1502/2023
f 1291/2046 1176/2047 1265/2043
f 1265/2043 1176/2047 1240/2048
f 1265/2043 1240/2048 1483/2045
f 1240/2048 1176/2047 1205/2049
f 1205/2049 1176/2047 1287/2050
f 1240/2048 1205/2049 1466/2021
f 1483/2045 1240/2048 1370/2051
f 1370/2051 1240/2048 1466/2021
f 1370/2051 1466/2021 1489/2052
f 1370/2051 1489/2052 1483/2045
f 1489/2052 1466/2021 1482/2017
f 1489/2052 1482/2017 1502/2023
f 1483/2045 1489/2052 1536/2053
f 1536/2053 1489/2052 1502/2023
f 1536/2053 1502/2023 1483/2045
f 426/2054 554/2055 383/2056
f 383/2056 554/2055 431/2057
f 383/2056 431/2057 310/2058
f 431/2057 554/2055 583/2059
f 310/2058 431/2057 397/2060
f 397/2060 431/2057 583/2059
f 383/2056 310/2058 253/2061
f 383/2056 253/2061 259/2062
f 383/2056 259/2062 426/2054
f 253/2061 310/2058 116/2063
f 259/2062 253/2061 88/2064
f 88/2064 253/2061 116/2063
f 259/2062 88/2064 171/2065
f 259/2062 171/2065 426/2054
f 88/2064 116/2063 21/2066
f 88/2064 21/2066 171/2065
f 426/2054 171/2065 265/2067
f 21/2066 116/2063 2746/2068
f 196/2069 116/2063 310/2058
f 196/2069 310/2058 274/2070
f 274/2070 310/2058 397/2060
f 116/2063 196/2069 100/2071
f 2746/2068 116/2063 2757/2072
f 2757/2072 116/2063 100/2071
f 100/2071 196/2069 164/2073
f 164/2073 196/2069 274/2070
f 2746/2068 2757/2072 2790/2074
f 2746/2068 2790/2074 21/2066
f 2757/2072 100/2071 9/2075
f 2757/2072 9/2075 2804/2076
f 2757/2072 2804/2076 2790/2074
f 9/2075 100/2071 67/2077
f 67/2077 100/2071 164/2073
f 9/2075 67/2077 2752/2078
f 9/2075 2752/2078 2804/2076
f 67/2077 164/2073 108/2079
f 67/2077 108/2079 2752/2078
f 2804/2076 2752/2078 2787/2080
f 2752/2078 108/2079 30/2081
f 2752/2078 30/2081 2787/2080
f 108/2079 164/2073 181/2082
f 108/2079 181/2082 30/2081
f 181/2082 164/2073 218/2083
f 218/2083 164/2073 274/2070
f 30/2081 181/2082 180/2084
f 181/2082 218/2083 280/2085
f 181/2082 280/2085 180/2084
f 218/2083 274/2070 330/2086
f 218/2083 330/2086 280/2085
f 330/2086 274/2070 421/2087
f 280/2085 330/2086 495/2088
f 495/2088 330/2086 421/2087
f 30/2081 180/2084 68/2089
f 180/2084 280/2085 246/2090
f 180/2084 246/2090 68/2089
f 246/2090 280/2085 371/2091
f 371/2091 280/2085 495/2088
f 246/2090 371/2091 272/2092
f 246/2090 272/2092 168/2093
f 246/2090 168/2093 68/2089
f 272/2092 371/2091 391/2094
f 391/2094 371/2091 495/2088
f 68/2089 168/2093 2788/2095
f 391/2094 495/2088 563/2096
f 391/2094 563/2096 463/2097
f 2811/2098 30/2081 68/2089
f 30/2081 2811/2098 2787/2080
f 68/2089 2788/2095 2883/2099
f 68/2089 2883/2099 2811/2098
f 2883/2099 2788/2095 2920/2100
f 2920/2100 2788/2095 2867/2101
f 2920/2100 2867/2101 3006/2102
f 3006/2102 2867/2101 3019/2103
f 3006/2102 3019/2103 3136/2104
f 2836/2105 2787/2080 2811/2098
f 2787/2080 2836/2105 2804/2076
f 2884/2106 2811/2098 2883/2099
f 2811/2098 2884/2106 2836/2105
f 2884/2106 2883/2099 2951/2107
f 2951/2107 2883/2099 2920/2100
f 2836/2105 2884/2106 2924/2108
f 2924/2108 2884/2106 2951/2107
f 2804/2076 2836/2105 2841/2109
f 2841/2109 2836/2105 2924/2108
f 2804/2076 2841/2109 2790/2074
f 2951/2107 2920/2100 2991/2110
f 2991/2110 2920/2100 3006/2102
f 2924/2108 2951/2107 3023/2111
f 3023/2111 2951/2107 2991/2110
f 2841/2109 2924/2108 2857/2112
f 2841/2109 2857/2112 2790/2074
f 2991/2110 3006/2102 3099/2113
f 2991/2110 3099/2113 3023/2111
f 3099/2113 3006/2102 3170/2114
f 3170/2114 3006/2102 3136/2104
f 3170/2114 3136/2104 3229/2115
f 3099/2113 3170/2114 3182/2116
f 3099/2113 3182/2116 3023/2111
f 3170/2114 3229/2115 3241/2117
f 3170/2114 3241/2117 3182/2116
f 3241/2117 3229/2115 3277/2118
f 3241/2117 3277/2118 3253/2119
f 3241/2117 3253/2119 3182/2116
f 3253/2119 3277/2118 3303/2120
f 3253/2119 3303/2120 3308/2121
f 3253/2119 3308/2121 3263/2122
f 3263/2122 3308/2121 3262/2123
f 3263/2122 3262/2123 3215/2124
f 3263/2122 3215/2124 3253/2119
f 3182/2116 3253/2119 3149/2125
f 3149/2125 3253/2119 3215/2124
f 3182/2116 3149/2125 3023/2111
f 3149/2125 3215/2124 3088/2126
f 3023/2111 3149/2125 2984/2127
f 2984/2127 3149/2125 3088/2126
f 3023/2111 2984/2127 2924/2108
f 2984/2127 3088/2126 2973/2128
f 2924/2108 2984/2127 2857/2112
f 2984/2127 2973/2128 2919/2129
f 2984/2127 2919/2129 2857/2112
f 2919/2129 2973/2128 2838/2130
f 2857/2112 2919/2129 2814/2131
f 2814/2131 2919/2129 2838/2130
f 2857/2112 2814/2131 2775/2132
f 2857/2112 2775/2132 2790/2074
f 2790/2074 2775/2132 21/2066
f 2775/2132 2814/2131 6/2133
f 21/2066 2775/2132 3/2134
f 3/2134 2775/2132 6/2133
f 2814/2131 2838/2130 2749/2135
f 2814/2131 2749/2135 6/2133
f 2749/2135 2838/2130 12/2136
f 12/2136 2838/2130 2831/2137
f 6/2133 2749/2135 32/2138
f 32/2138 2749/2135 12/2136
f 3/2134 6/2133 28/2139
f 28/2139 6/2133 32/2138
f 12/2136 2831/2137 2748/2140
f 12/2136 2748/2140 32/2138
f 2748/2140 2831/2137 2807/2141
f 2748/2140 2807/2141 40/2142
f 2748/2140 40/2142 32/2138
f 40/2142 2807/2141 26/2143
f 40/2142 26/2143 55/2144
f 32/2138 40/2142 60/2145
f 32/2138 60/2145 28/2139
f 60/2145 40/2142 55/2144
f 33/2146 3/2134 28/2139
f 33/2146 28/2139 60/2145
f 3/2134 33/2146 21/2066
f 60/2145 55/2144 73/2147
f 60/2145 73/2147 33/2146
f 21/2066 33/2146 80/2148
f 80/2148 33/2146 73/2147
f 21/2066 80/2148 171/2065
f 73/2147 55/2144 71/2149
f 171/2065 80/2148 145/2150
f 145/2150 80/2148 73/2147
f 171/2065 145/2150 265/2067
f 145/2150 73/2147 142/2151
f 145/2150 142/2151 265/2067
f 142/2151 73/2147 71/2149
f 142/2151 71/2149 135/2152
f 135/2152 71/2149 147/2153
f 135/2152 147/2153 224/2154
f 142/2151 135/2152 249/2155
f 249/2155 135/2152 224/2154
f 142/2151 249/2155 265/2067
f 249/2155 224/2154 490/2156
f 265/2067 249/2155 525/2157
f 525/2157 249/2155 490/2156
f 525/2157 490/2156 702/2158
f 265/2067 525/2157 426/2054
f 525/2157 702/2158 764/2159
f 426/2054 525/2157 682/2160
f 682/2160 525/2157 764/2159
f 426/2054 682/2160 554/2055
f 682/2160 764/2159 752/2161
f 682/2160 752/2161 554/2055
f 752/2161 764/2159 823/2162
f 554/2055 752/2161 583/2059
f 752/2161 823/2162 711/2163
f 752/2161 711/2163 583/2059
f 583/2059 711/2163 551/2164
f 583/2059 551/2164 432/2165
f 583/2059 432/2165 397/2060
f 551/2164 711/2163 529/2166
f 432/2165 551/2164 394/2167
f 394/2167 551/2164 529/2166
f 397/2060 432/2165 369/2168
f 369/2168 432/2165 394/2167
f 397/2060 369/2168 274/2070
f 394/2167 529/2166 347/2169
f 274/2070 369/2168 421/2087
f 369/2168 394/2167 344/2170
f 344/2170 394/2167 347/2169
f 421/2087 369/2168 415/2171
f 369/2168 344/2170 358/2172
f 369/2168 358/2172 415/2171
f 358/2172 344/2170 317/2173
f 317/2173 344/2170 347/2169
f 415/2171 358/2172 435/2174
f 358/2172 317/2173 335/2175
f 358/2172 335/2175 435/2174
f 317/2173 347/2169 333/2176
f 335/2175 317/2173 307/2177
f 307/2177 317/2173 333/2176
f 435/2174 335/2175 381/2178
f 335/2175 307/2177 352/2179
f 335/2175 352/2179 381/2178
f 333/2176 347/2169 436/2180
f 307/2177 333/2176 329/2181
f 329/2181 333/2176 436/2180
f 307/2177 329/2181 334/2182
f 307/2177 334/2182 352/2179
f 334/2182 329/2181 409/2183
f 409/2183 329/2181 430/2184
f 430/2184 329/2181 436/2180
f 334/2182 409/2183 395/2185
f 395/2185 409/2183 497/2186
f 395/2185 497/2186 517/2187
f 334/2182 395/2185 450/2188
f 334/2182 450/2188 352/2179
f 450/2188 395/2185 517/2187
f 352/2179 450/2188 474/2189
f 352/2179 474/2189 381/2178
f 450/2188 517/2187 634/2190
f 450/2188 634/2190 474/2189
f 535/2191 742/2192 517/2187
f 517/2187 742/2192 634/2190
f 381/2178 474/2189 548/2193
f 548/2193 474/2189 634/2190
f 381/2178 548/2193 435/2174
f 634/2190 742/2192 784/2194
f 784/2194 742/2192 871/2195
f 548/2193 634/2190 679/2196
f 679/2196 634/2190 784/2194
f 435/2174 548/2193 581/2197
f 581/2197 548/2193 679/2196
f 435/2174 581/2197 415/2171
f 679/2196 784/2194 725/2198
f 679/2196 725/2198 581/2197
f 415/2171 581/2197 541/2199
f 541/2199 581/2197 725/2198
f 415/2171 541/2199 421/2087
f 421/2087 541/2199 572/2200
f 572/2200 541/2199 725/2198
f 421/2087 572/2200 495/2088
f 495/2088 572/2200 563/2096
f 572/2200 725/2198 678/2201
f 572/2200 678/2201 563/2096
f 855/2202 725/2198 784/2194
f 855/2202 784/2194 871/2195
f 678/2201 725/2198 805/2203
f 805/2203 725/2198 855/2202
f 563/2096 678/2201 689/2204
f 689/2204 678/2201 805/2203
f 563/2096 689/2204 607/2205
f 563/2096 607/2205 463/2097
f 463/2097 607/2205 455/2206
f 607/2205 689/2204 794/2207
f 794/2207 689/2204 805/2203
f 455/2206 607/2205 625/2208
f 625/2208 607/2205 794/2207
f 455/2206 625/2208 570/2209
f 570/2209 625/2208 807/2210
f 807/2210 625/2208 794/2207
f 570/2209 807/2210 676/2211
f 676/2211 807/2210 733/2212
f 733/2212 807/2210 902/2213
f 902/2213 807/2210 794/2207
f 733/2212 902/2213 906/2214
f 893/2215 794/2207 805/2203
f 794/2207 893/2215 902/2213
f 893/2215 805/2203 855/2202
f 902/2213 893/2215 908/2216
f 908/2216 893/2215 855/2202
f 902/2213 908/2216 911/2217
f 908/2216 855/2202 871/2195
f 908/2216 871/2195 911/2217
f 273/2218 490/2219 224/2220
f 273/2218 224/2220 139/2221
f 490/2219 273/2218 453/2222
f 139/2221 224/2220 118/2223
f 118/2223 224/2220 147/2224
f 118/2223 147/2224 71/2225
f 118/2223 71/2225 81/2226
f 118/2223 81/2226 139/2221
f 273/2218 139/2221 189/2227
f 273/2218 189/2227 453/2222
f 139/2221 81/2226 42/2228
f 612/2229 490/2219 453/2222
f 490/2219 612/2229 702/2230
f 139/2221 42/2228 115/2231
f 139/2221 115/2231 189/2227
f 42/2228 81/2226 1/2232
f 1/2232 81/2226 71/2225
f 115/2231 42/2228 17/2233
f 17/2233 42/2228 1/2232
f 189/2227 115/2231 169/2234
f 169/2234 115/2231 17/2233
f 296/2235 453/2222 189/2227
f 296/2235 189/2227 169/2234
f 453/2222 296/2235 515/2236
f 453/2222 515/2236 612/2229
f 296/2235 169/2234 355/2237
f 296/2235 355/2237 515/2236
f 355/2237 169/2234 321/2238
f 72/2239 169/2234 17/2233
f 169/2234 72/2239 4/2240
f 4/2240 72/2239 2762/2241
f 2762/2241 72/2239 17/2233
f 2762/2241 17/2233 2767/2242
f 2762/2241 2767/2242 2818/2243
f 2767/2242 17/2233 1/2232
f 2818/2243 2767/2242 2843/2244
f 545/2245 355/2237 321/2238
f 355/2237 545/2245 515/2236
f 545/2245 321/2238 587/2246
f 545/2245 587/2246 787/2247
f 515/2236 545/2245 718/2248
f 718/2248 545/2245 787/2247
f 515/2236 718/2248 612/2229
f 719/2249 827/2250 787/2247
f 612/2229 718/2248 754/2251
f 612/2229 754/2251 702/2230
f 718/2248 787/2247 848/2252
f 718/2248 848/2252 754/2251
f 787/2247 827/2250 907/2253
f 787/2247 907/2253 848/2252
f 907/2253 827/2250 863/2254
f 754/2251 848/2252 930/2255
f 930/2255 848/2252 907/2253
f 826/2256 702/2230 754/2251
f 826/2256 754/2251 930/2255
f 702/2230 826/2256 764/2257
f 764/2257 826/2256 887/2258
f 887/2258 826/2256 930/2255
f 764/2257 887/2258 823/2259
f 930/2255 907/2253 935/2260
f 935/2260 907/2253 863/2254
f 887/2258 930/2255 929/2261
f 929/2261 930/2255 935/2260
f 935/2260 863/2254 882/2262
f 882/2262 863/2254 793/2263
f 935/2260 882/2262 892/2264
f 892/2264 882/2262 793/2263
f 935/2260 892/2264 929/2261
f 892/2264 793/2263 792/2265
f 892/2264 792/2265 816/2266
f 892/2264 816/2266 929/2261
f 885/2267 887/2258 929/2261
f 885/2267 929/2261 816/2266
f 887/2258 885/2267 823/2259
f 885/2267 816/2266 808/2268
f 885/2267 808/2268 791/2269
f 885/2267 791/2269 823/2259
f 823/2259 791/2269 711/2270
f 19/2271 71/2225 55/2272
f 71/2225 19/2271 1/2232
f 19/2271 55/2272 26/2273
f 19/2271 26/2273 1/2232
f 1/2232 26/2273 2761/2274
f 1/2232 2761/2274 2767/2242
f 2767/2242 2761/2274 2843/2244
f 2761/2274 26/2273 2791/2275
f 2843/2244 2761/2274 2863/2276
f 2863/2276 2761/2274 2791/2275
f 2843/2244 2863/2276 2929/2277
f 2791/2275 26/2273 2807/2278
f 2929/2277 2863/2276 2946/2279
f 2929/2277 2946/2279 2981/2280
f 2863/2276 2791/2275 2902/2281
f 2863/2276 2902/2281 2946/2279
f 2791/2275 2807/2278 2858/2282
f 2791/2275 2858/2282 2902/2281
f 2858/2282 2807/2278 2898/2283
f 2898/2283 2807/2278 2831/2284
f 2902/2281 2858/2282 2894/2285
f 2946/2279 2902/2281 2966/2286
f 2966/2286 2902/2281 2894/2285
f 2946/2279 2966/2286 2981/2280
f 2894/2285 2858/2282 2888/2287
f 2888/2287 2858/2282 2898/2283
f 2894/2285 2888/2287 2935/2288
f 2935/2288 2888/2287 2898/2283
f 2894/2285 2935/2288 2966/2286
f 2943/2289 2898/2283 2831/2284
f 2943/2289 2831/2284 2838/2290
f 2943/2289 2838/2290 2973/2291
f 2898/2283 2943/2289 2941/2292
f 2898/2283 2941/2292 2935/2288
f 2943/2289 2973/2291 3052/2293
f 2943/2289 3052/2293 2941/2292
f 2941/2292 3052/2293 2935/2288
f 3052/2293 2973/2291 3088/2294
f 3052/2293 3088/2294 3171/2295
f 3171/2295 3088/2294 3215/2296
f 2935/2288 3052/2293 3059/2297
f 3059/2297 3052/2293 3171/2295
f 3171/2295 3215/2296 3262/2298
f 2935/2288 3059/2297 2974/2299
f 2935/2288 2974/2299 2966/2286
f 3059/2297 3171/2295 3102/2300
f 3059/2297 3102/2300 2974/2299
f 3171/2295 3262/2298 3230/2301
f 3171/2295 3230/2301 3102/2300
f 2974/2299 3102/2300 3075/2302
f 3075/2302 3102/2300 3230/2301
f 2974/2299 3075/2302 2966/2286
f 3075/2302 3230/2301 3243/2303
f 2966/2286 3075/2302 3060/2304
f 3060/2304 3075/2302 3243/2303
f 2966/2286 3060/2304 2997/2305
f 2966/2286 2997/2305 2981/2280
f 2981/2280 2997/2305 3029/2306
f 2981/2280 3029/2306 3062/2307
f 2981/2280 3062/2307 3036/2308
f 3036/2308 3062/2307 3141/2309
f 3286/2310 3243/2303 3230/2301
f 3286/2310 3230/2301 3262/2298
f 3243/2303 3286/2310 3322/2311
f 3286/2310 3262/2298 3308/2312
f 3286/2310 3308/2312 3322/2311
f 169/2313 66/2314 321/2315
f 66/2314 169/2313 4/2316
f 321/2315 66/2314 132/2317
f 66/2314 4/2316 2809/2318
f 321/2315 132/2317 308/2319
f 321/2315 308/2319 587/2320
f 66/2314 2809/2318 2796/2321
f 66/2314 2796/2321 132/2317
f 2809/2318 4/2316 2829/2322
f 2829/2322 4/2316 2762/2323
f 2829/2322 2762/2323 2818/2324
f 2809/2318 2829/2322 2885/2325
f 2809/2318 2885/2325 2796/2321
f 2829/2322 2818/2324 2915/2326
f 2829/2322 2915/2326 2885/2325
f 2796/2321 2885/2325 2891/2327
f 2891/2327 2885/2325 2915/2326
f 2796/2321 2891/2327 2776/2328
f 2796/2321 2776/2328 132/2317
f 2891/2327 2915/2326 2950/2329
f 2915/2326 2818/2324 2922/2330
f 2915/2326 2922/2330 2950/2329
f 2922/2330 2818/2324 2843/2331
f 2922/2330 2843/2331 2929/2332
f 2950/2329 2922/2330 2964/2333
f 2964/2333 2922/2330 2929/2332
f 2964/2333 2929/2332 2981/2334
f 2891/2327 2950/2329 2846/2335
f 2891/2327 2846/2335 2776/2328
f 2776/2328 2846/2335 76/2336
f 2776/2328 76/2336 132/2317
f 76/2336 2846/2335 61/2337
f 132/2317 76/2336 243/2338
f 132/2317 243/2338 389/2339
f 132/2317 389/2339 308/2319
f 243/2338 76/2336 230/2340
f 230/2340 76/2336 61/2337
f 243/2338 230/2340 422/2341
f 243/2338 422/2341 389/2339
f 2793/2342 61/2337 2846/2335
f 2793/2342 2846/2335 3077/2343
f 2793/2342 3077/2343 2890/2344
f 2793/2342 2890/2344 2764/2345
f 2793/2342 2764/2345 61/2337
f 2764/2345 2890/2344 2939/2346
f 2764/2345 2939/2346 2797/1057
f 61/2337 2764/2345 160/2347
f 160/2347 2764/2345 2797/1057
f 61/2337 160/2347 230/2340
f 160/2347 2797/1057 298/1056
f 230/2340 160/2347 428/2348
f 428/2348 160/2347 298/1056
f 230/2340 428/2348 422/2341
f 428/2348 298/1056 714/1062
f 428/2348 714/1062 591/1156
f 428/2348 591/1156 745/2349
f 745/2349 591/1156 833/1150
f 745/2349 833/1150 1022/1147
f 428/2348 745/2349 605/2350
f 428/2348 605/2350 422/2341
f 745/2349 1022/1147 757/2351
f 745/2349 757/2351 605/2350
f 757/2351 1022/1147 923/1142
f 422/2341 605/2350 508/2352
f 422/2341 508/2352 389/2339
f 605/2350 757/2351 622/2353
f 605/2350 622/2353 508/2352
f 757/2351 923/1142 704/2354
f 757/2351 704/2354 622/2353
f 389/2339 508/2352 576/2355
f 576/2355 508/2352 622/2353
f 389/2339 576/2355 564/2356
f 389/2339 564/2356 308/2319
f 308/2319 564/2356 587/2320
f 576/2355 622/2353 653/2357
f 653/2357 622/2353 704/2354
f 564/2356 576/2355 710/2358
f 710/2358 576/2355 653/2357
f 587/2320 564/2356 719/2359
f 719/2359 564/2356 710/2358
f 587/2320 719/2359 787/2360
f 719/2359 710/2358 863/2361
f 719/2359 863/2361 827/2362
f 710/2358 653/2357 765/2363
f 710/2358 765/2363 863/2361
f 765/2363 653/2357 704/2354
f 863/2361 765/2363 793/2364
f 793/2364 765/2363 727/2365
f 727/2365 765/2363 704/2354
f 793/2364 727/2365 792/2366
f 727/2365 704/2354 751/2367
f 751/2367 704/2354 721/2368
f 751/2367 721/2368 731/2369
f 721/2368 704/2354 923/1142
f 731/2369 721/2368 774/1143
f 774/1143 721/2368 923/1142
f 469/2370 483/2371 449/2372
f 449/2372 483/2371 409/2373
f 409/2373 483/2371 497/2374
f 449/2372 409/2373 480/2375
f 480/2375 409/2373 430/2376
f 480/2375 430/2376 574/2377
f 449/2372 480/2375 443/2378
f 449/2372 443/2378 469/2370
f 480/2375 574/2377 501/2379
f 480/2375 501/2379 443/2378
f 501/2379 574/2377 614/2380
f 614/2380 574/2377 709/2381
f 614/2380 709/2381 762/2382
f 501/2379 614/2380 562/2383
f 614/2380 762/2382 684/2384
f 684/2384 762/2382 731/2385
f 562/2383 614/2380 579/2386
f 579/2386 614/2380 684/2384
f 501/2379 562/2383 448/2387
f 448/2387 562/2383 579/2386
f 501/2379 448/2387 443/2378
f 684/2384 731/2385 646/2388
f 684/2384 646/2388 579/2386
f 646/2388 731/2385 774/2389
f 646/2388 774/2389 946/2390
f 579/2386 646/2388 528/2391
f 579/2386 528/2391 448/2387
f 646/2388 946/2390 635/2392
f 646/2388 635/2392 528/2391
f 635/2392 946/2390 945/2393
f 945/2393 946/2390 1257/2394
f 1257/2394 946/2390 1379/2395
f 1257/2394 1379/2395 1671/2396
f 1257/2394 1671/2396 1555/2397
f 1555/2397 1671/2396 1639/2398
f 945/2393 1257/2394 1151/2399
f 1151/2399 1257/2394 1555/2397
f 635/2392 945/2393 690/2400
f 690/2400 945/2393 1151/2399
f 635/2392 690/2400 462/2401
f 635/2392 462/2401 528/2391
f 690/2400 1151/2399 974/2402
f 974/2402 1151/2399 1555/2397
f 462/2401 690/2400 694/2403
f 694/2403 690/2400 974/2402
f 528/2391 462/2401 419/2404
f 528/2391 419/2404 448/2387
f 419/2404 462/2401 433/2405
f 433/2405 462/2401 694/2403
f 448/2387 419/2404 424/2406
f 448/2387 424/2406 443/2378
f 443/2378 424/2406 464/2407
f 443/2378 464/2407 469/2370
f 424/2406 419/2404 445/2408
f 424/2406 445/2408 464/2407
f 445/2408 419/2404 433/2405
f 464/2407 445/2408 469/2370
f 469/2370 445/2408 487/2409
f 469/2370 487/2409 483/2371
f 483/2371 487/2409 497/2374
f 497/2374 487/2409 535/2410
f 497/2374 535/2410 517/2411
f 487/2409 445/2408 471/2412
f 487/2409 471/2412 535/2410
f 471/2412 445/2408 441/2413
f 441/2413 445/2408 433/2405
f 535/2410 471/2412 567/2414
f 567/2414 471/2412 441/2413
f 535/2410 567/2414 742/2415
f 441/2413 433/2405 489/2416
f 489/2416 433/2405 694/2403
f 567/2414 441/2413 565/2417
f 565/2417 441/2413 489/2416
f 742/2415 567/2414 810/2418
f 742/2415 810/2418 871/2419
f 871/2419 810/2418 911/2420
f 810/2418 567/2414 717/2421
f 717/2421 567/2414 565/2417
f 911/2420 810/2418 900/2422
f 900/2422 810/2418 717/2421
f 717/2421 565/2417 737/2423
f 737/2423 565/2417 489/2416
f 717/2421 737/2423 900/2422
f 737/2423 489/2416 694/2403
f 737/2423 694/2403 900/2422
f 900/2422 694/2403 974/2402
f 911/2420 900/2422 936/2424
f 936/2424 900/2422 974/2402
f 911/2420 936/2424 902/2425
f 902/2425 936/2424 961/2426
f 902/2425 961/2426 906/2427
f 936/2424 974/2402 992/2428
f 936/2424 992/2428 961/2426
f 906/2427 961/2426 1047/2429
f 1047/2429 961/2426 992/2428
f 992/2428 974/2402 1144/2430
f 992/2428 1144/2430 1047/2429
f 1144/2430 974/2402 1555/2397
f 906/2427 1047/2429 1006/2431
f 906/2427 1006/2431 1046/2432
f 906/2427 1046/2432 733/2433
f 1046/2432 1006/2431 1339/2434
f 1339/2434 1006/2431 1047/2429
f 1047/2429 1144/2430 1306/2435
f 1047/2429 1306/2435 1339/2434
f 1306/2435 1144/2430 1555/2397
f 1339/2434 1306/2435 1526/2436
f 1526/2436 1306/2435 1555/2397
f 1339/2434 1526/2436 1577/2437
f 1526/2436 1555/2397 1639/2398
f 1577/2437 1526/2436 1653/2438
f 1653/2438 1526/2436 1639/2398
f 1653/2438 1639/2398 1702/2439
f 1530/2440 1807/2441 1321/2442
f 1296/2443 1321/2442 1206/1015
f 1206/1015 1321/2442 1209/1017
f 1209/1017 1321/2442 1367/2444
f 1321/2442 1807/2441 1661/2445
f 1321/2442 1661/2445 1367/2444
f 1661/2445 1807/2441 2198/2446
f 2198/2446 1807/2441 2319/2447
f 2198/2446 2319/2447 2283/2448
f 2198/2446 2283/2448 2037/2449
f 2037/2449 2283/2448 2138/2450
f 1661/2445 2198/2446 1878/2451
f 1878/2451 2198/2446 2037/2449
f 2037/2449 2138/2450 1975/2452
f 1661/2445 1878/2451 1679/2453
f 1661/2445 1679/2453 1367/2444
f 1878/2451 2037/2449 1950/1084
f 1878/2451 1950/1084 1679/2453
f 1679/2453 1950/1084 1633/1047
f 1950/1084 2037/2449 1945/2454
f 1945/2454 2037/2449 1975/2452
f 1950/1084 1945/2454 2141/1085
f 2141/1085 1945/2454 1710/2455
f 1710/2455 1945/2454 1791/2456
f 1791/2456 1945/2454 1975/2452
f 1791/2456 1975/2452 1978/2457
f 1679/2453 1633/1047 1365/2458
f 1679/2453 1365/2458 1367/2444
f 1365/2458 1633/1047 1233/1022
f 1367/2444 1365/2458 1209/1017
f 1209/1017 1365/2458 1233/1022
f 1932/2459 1822/2460 1629/2461
f 1932/2459 1629/2461 1666/2462
f 1932/2459 1666/2462 1844/2463
f 1806/2464 1629/2461 1840/2465
f 1840/2465 1629/2461 1822/2460
f 1932/2459 1844/2463 1910/2466
f 1822/2460 1932/2459 2030/2467
f 2030/2467 1932/2459 1910/2466
f 1840/2465 1822/2460 1814/2468
f 1840/2465 1814/2468 1847/2469
f 1847/2469 1814/2468 1702/2470
f 1702/2470 1814/2468 1653/2471
f 1847/2469 1702/2470 1698/2472
f 1698/2472 1702/2470 1639/2473
f 1698/2472 1639/2473 1671/2474
f 1814/2468 1822/2460 1849/2475
f 1814/2468 1849/2475 1751/2476
f 1751/2476 1849/2475 1925/2477
f 1849/2475 1822/2460 2039/2478
f 1849/2475 2039/2478 1925/2477
f 2039/2478 1822/2460 2030/2467
f 1925/2477 2039/2478 2081/2479
f 2039/2478 2030/2467 1955/2480
f 1955/2480 2030/2467 1910/2466
f 2081/2479 2039/2478 2012/2481
f 2012/2481 2039/2478 1955/2480
f 2081/2479 2012/2481 2023/2482
f 2023/2482 2012/2481 1909/2483
f 2012/2481 1955/2480 1899/2484
f 2012/2481 1899/2484 1909/2483
f 2023/2482 1909/2483 1897/2485
f 2023/2482 1897/2485 2014/2486
f 1909/2483 1899/2484 1456/2487
f 2014/2486 1897/2485 1903/2488
f 2014/2486 1903/2488 2006/2489
f 1897/2485 1909/2483 1711/2490
f 1711/2490 1909/2483 1456/2487
f 1903/2488 1897/2485 1638/2491
f 1456/2487 1899/2484 1453/2492
f 1897/2485 1711/2490 1317/2493
f 1897/2485 1317/2493 1638/2491
f 1711/2490 1456/2487 1194/2494
f 1711/2490 1194/2494 1317/2493
f 1194/2494 1456/2487 1106/2495
f 1106/2495 1456/2487 1453/2492
f 1317/2493 1194/2494 1133/2496
f 1317/2493 1133/2496 1638/2491
f 1194/2494 1106/2495 1094/2497
f 1194/2494 1094/2497 1133/2496
f 1106/2495 1453/2492 1115/2498
f 1106/2495 1115/2498 1095/2499
f 1106/2495 1095/2499 1094/2497
f 1115/2498 1453/2492 1180/2500
f 1115/2498 1180/2500 1095/2499
f 1871/2501 1453/2492 1899/2484
f 1871/2501 1899/2484 1955/2480
f 1180/2500 1453/2492 1392/2502
f 1392/2502 1453/2492 1871/2501
f 1871/2501 1955/2480 1773/2503
f 1871/2501 1773/2503 1392/2502
f 1773/2503 1955/2480 1876/2504
f 1876/2504 1955/2480 1910/2466
f 1392/2502 1773/2503 1358/2505
f 1876/2504 1910/2466 1936/2506
f 1936/2506 1910/2466 1844/2463
f 1936/2506 1844/2463 2061/2507
f 1876/2504 1936/2506 2042/2508
f 2042/2508 1936/2506 2061/2507
f 1773/2503 1876/2504 1779/2509
f 1779/2509 1876/2504 2042/2508
f 2042/2508 2061/2507 2013/2510
f 2013/2510 2061/2507 1997/2511
f 1779/2509 2042/2508 1921/2512
f 1921/2512 2042/2508 2013/2510
f 2013/2510 1997/2511 1971/2513
f 1773/2503 1779/2509 1400/2514
f 1773/2503 1400/2514 1358/2505
f 1779/2509 1921/2512 1725/2515
f 1779/2509 1725/2515 1400/2514
f 2013/2510 1971/2513 1982/2516
f 1921/2512 2013/2510 1970/2517
f 1970/2517 2013/2510 1982/2516
f 1982/2516 1971/2513 1922/2518
f 1921/2512 1970/2517 1704/2519
f 1921/2512 1704/2519 1725/2515
f 1970/2517 1982/2516 1960/2520
f 1970/2517 1960/2520 1704/2519
f 1982/2516 1922/2518 2001/2521
f 1286/2522 1400/2514 1725/2515
f 1286/2522 1725/2515 1704/2519
f 1286/2522 1704/2519 1467/2523
f 1467/2523 1704/2519 1960/2520
f 1960/2520 1982/2516 2043/2524
f 2043/2524 1982/2516 2001/2521
f 1960/2520 2043/2524 2199/2525
f 1400/2514 1286/2522 1125/2526
f 2043/2524 2001/2521 2224/2527
f 2043/2524 2224/2527 2199/2525
f 1960/2520 2199/2525 2122/2528
f 1960/2520 2122/2528 1467/2523
f 2199/2525 2224/2527 2386/2529
f 2122/2528 2199/2525 2358/2530
f 2358/2530 2199/2525 2386/2529
f 2122/2528 2358/2530 2236/2531
f 2386/2529 2224/2527 2363/2532
f 2358/2530 2386/2529 2408/2533
f 2408/2533 2386/2529 2363/2532
f 2358/2530 2408/2533 2373/2534
f 2358/2530 2373/2534 2236/2531
f 2408/2533 2363/2532 2359/2535
f 2408/2533 2359/2535 2373/2534
f 2363/2532 2224/2527 2206/2536
f 2206/2536 2224/2527 2001/2521
f 2359/2535 2363/2532 2282/2537
f 2282/2537 2363/2532 2206/2536
f 2373/2534 2359/2535 2346/2538
f 2373/2534 2346/2538 2384/2539
f 2373/2534 2384/2539 2327/2540
f 2373/2534 2327/2540 2236/2531
f 2346/2538 2359/2535 2210/2541
f 2210/2541 2359/2535 2282/2537
f 2236/2531 2327/2540 2002/2542
f 2002/2542 2327/2540 1534/2543
f 2002/2542 1534/2543 1310/2544
f 1310/2544 1534/2543 1156/2545
f 2236/2531 2002/2542 1686/2546
f 2236/2531 1686/2546 2122/2528
f 2002/2542 1310/2544 1253/2547
f 1253/2547 1310/2544 1156/2545
f 2002/2542 1253/2547 1686/2546
f 2122/2528 1686/2546 1467/2523
f 1686/2546 1253/2547 1124/2548
f 1686/2546 1124/2548 1467/2523
f 1124/2548 1253/2547 1156/2545
f 1467/2523 1124/2548 1132/2549
f 1124/2548 1156/2545 1088/2550
f 1088/2550 1156/2545 1105/2551
f 1132/2549 1124/2548 1092/2552
f 1092/2552 1124/2548 1088/2550
f 1467/2523 1132/2549 1130/2553
f 1130/2553 1132/2549 1092/2552
f 1467/2523 1130/2553 1286/2522
f 1088/2550 1105/2551 1234/2554
f 1088/2550 1234/2554 1092/2552
f 1234/2554 1105/2551 1360/2555
f 1286/2522 1130/2553 1125/2526
f 1234/2554 1360/2555 1729/2556
f 1729/2556 1360/2555 1753/2557
f 1729/2556 1753/2557 1928/2558
f 1079/2559 1130/2553 1092/2552
f 1130/2553 1079/2559 1125/2526
f 1160/2560 1092/2552 1234/2554
f 1092/2552 1160/2560 1079/2559
f 1234/2554 1729/2556 1408/2561
f 1234/2554 1408/2561 1160/2560
f 1729/2556 1928/2558 2062/2562
f 2062/2562 1928/2558 2078/2563
f 2062/2562 2078/2563 2144/2564
f 1729/2556 2062/2562 1879/2565
f 1729/2556 1879/2565 1408/2561
f 1160/2560 1408/2561 1382/2566
f 1382/2566 1408/2561 1879/2565
f 1160/2560 1382/2566 1079/2559
f 1879/2565 2062/2562 2120/2567
f 2120/2567 2062/2562 2144/2564
f 2025/2568 2032/2569 2144/2564
f 2144/2564 2032/2569 2065/2570
f 2144/2564 2065/2570 2120/2567
f 2065/2570 2032/2569 2068/2571
f 2068/2571 2032/2569 2080/2572
f 2068/2571 2080/2572 2202/2573
f 1846/2574 1879/2565 2120/2567
f 1879/2565 1846/2574 1382/2566
f 2120/2567 2065/2570 2187/2575
f 1846/2574 2120/2567 2079/2576
f 2079/2576 2120/2567 2187/2575
f 2187/2575 2065/2570 2069/2577
f 2069/2577 2065/2570 2068/2571
f 2187/2575 2069/2577 2229/2578
f 2187/2575 2229/2578 2079/2576
f 2069/2577 2068/2571 2101/2579
f 2069/2577 2101/2579 2229/2578
f 2101/2579 2068/2571 2143/2580
f 2143/2580 2068/2571 2202/2573
f 2229/2578 2101/2579 2284/2581
f 2284/2581 2101/2579 2143/2580
f 2079/2576 2229/2578 2247/2582
f 2247/2582 2229/2578 2284/2581
f 2143/2580 2202/2573 2318/2583
f 2143/2580 2318/2583 2284/2581
f 2318/2583 2202/2573 2233/2584
f 2318/2583 2233/2584 2307/2585
f 2284/2581 2318/2583 2279/2586
f 2279/2586 2318/2583 2307/2585
f 2284/2581 2279/2586 2247/2582
f 2279/2586 2307/2585 2146/2587
f 2146/2587 2307/2585 2178/2588
f 2146/2587 2178/2588 2087/2589
f 2279/2586 2146/2587 2103/2590
f 2103/2590 2146/2587 2087/2589
f 2247/2582 2279/2586 2201/2591
f 2201/2591 2279/2586 2103/2590
f 2103/2590 2087/2589 2056/2592
f 2103/2590 2056/2592 2201/2591
f 2056/2592 2087/2589 2034/2593
f 2034/2593 2087/2589 1985/2594
f 2201/2591 2056/2592 2164/2595
f 2164/2595 2056/2592 2034/2593
f 2034/2593 1985/2594 2091/2596
f 2034/2593 2091/2596 2164/2595
f 2091/2596 1985/2594 2107/2597
f 2201/2591 2164/2595 2128/2598
f 2128/2598 2164/2595 2091/2596
f 2201/2591 2128/2598 2247/2582
f 2091/2596 2107/2597 1832/2599
f 2091/2596 1832/2599 1866/2600
f 2091/2596 1866/2600 2128/2598
f 2247/2582 2128/2598 2003/2601
f 2247/2582 2003/2601 2079/2576
f 2128/2598 1866/2600 1869/2602
f 2128/2598 1869/2602 1952/2603
f 2128/2598 1952/2603 2003/2601
f 1869/2602 1866/2600 1362/2604
f 2079/2576 2003/2601 1789/2605
f 1952/2603 1869/2602 1768/2606
f 1768/2606 1869/2602 1362/2604
f 2079/2576 1789/2605 1846/2574
f 1952/2603 1768/2606 1688/2607
f 1952/2603 1688/2607 2003/2601
f 1846/2574 1789/2605 1648/2608
f 1846/2574 1648/2608 1382/2566
f 1610/2609 1789/2605 2003/2601
f 1610/2609 2003/2601 1688/2607
f 1648/2608 1789/2605 1345/2610
f 1345/2610 1789/2605 1610/2609
f 1382/2566 1648/2608 1263/2611
f 1263/2611 1648/2608 1345/2610
f 1382/2566 1263/2611 1083/2612
f 1382/2566 1083/2612 1079/2559
f 1079/2559 1083/2612 1125/2526
f 1083/2612 1263/2611 1169/2613
f 1169/2613 1263/2611 1345/2610
f 1125/2526 1083/2612 1155/2614
f 1155/2614 1083/2612 1169/2613
f 1125/2526 1155/2614 1400/2514
f 1400/2514 1155/2614 1358/2505
f 1358/2505 1155/2614 1169/2613
f 1358/2505 1169/2613 1345/2610
f 1358/2505 1345/2610 1406/2615
f 1406/2615 1345/2610 1610/2609
f 1358/2505 1406/2615 1392/2502
f 1406/2615 1610/2609 1450/2616
f 1406/2615 1450/2616 1392/2502
f 1392/2502 1450/2616 1180/2500
f 1450/2616 1610/2609 1688/2607
f 1180/2500 1450/2616 1175/2617
f 1180/2500 1175/2617 1095/2499
f 1450/2616 1688/2607 1419/2618
f 1450/2616 1419/2618 1175/2617
f 1175/2617 1419/2618 1295/2619
f 1295/2619 1419/2618 1688/2607
f 1175/2617 1295/2619 1095/2499
f 1295/2619 1688/2607 1433/2620
f 1295/2619 1433/2620 1095/2499
f 1433/2620 1688/2607 1768/2606
f 1095/2499 1433/2620 1094/2497
f 1433/2620 1768/2606 1362/2604
f 1433/2620 1362/2604 1094/2497
f 1094/2497 1362/2604 1171/2621
f 1094/2497 1171/2621 1133/2496
f 1171/2621 1362/2604 1506/2622
f 1506/2622 1362/2604 1866/2600
f 1506/2622 1866/2600 1832/2599
f 1506/2622 1832/2599 1336/2623
f 1336/2623 1832/2599 1743/2624
f 1171/2621 1506/2622 1109/2625
f 1171/2621 1109/2625 1133/2496
f 1109/2625 1506/2622 1336/2623
f 1109/2625 1336/2623 1090/2626
f 1133/2496 1109/2625 1638/2491
f 1109/2625 1090/2626 1119/2627
f 1638/2491 1109/2625 1438/2628
f 1438/2628 1109/2625 1119/2627
f 1638/2491 1438/2628 1903/2488
f 1438/2628 1119/2627 1511/2629
f 1438/2628 1511/2629 1903/2488
f 2141/2630 1710/2631 1886/2632
f 2141/2630 1886/2632 2147/2633
f 2147/2633 1886/2632 2041/2634
f 2147/2633 2041/2634 2130/2635
f 2041/2634 1886/2632 1752/2636
f 2130/2635 2041/2634 1973/2637
f 1973/2637 2041/2634 1752/2636
f 1752/2636 1886/2632 1478/2638
f 1478/2638 1886/2632 1710/2631
f 1752/2636 1478/2638 1541/2639
f 1752/2636 1541/2639 1973/2637
f 1478/2638 1710/2631 1434/2640
f 1478/2638 1434/2640 1335/2641
f 1478/2638 1335/2641 1541/2639
f 1434/2640 1710/2631 1461/2642
f 1461/2642 1710/2631 1549/2643
f 1549/2643 1710/2631 1791/2644
f 1549/2643 1791/2644 1676/2645
f 1676/2645 1791/2644 1978/2646
f 1549/2643 1676/2645 1468/2647
f 1549/2643 1468/2647 1461/2642
f 1434/2640 1461/2642 1410/2648
f 1410/2648 1461/2642 1468/2647
f 1434/2640 1410/2648 1335/2641
f 1410/2648 1468/2647 1397/2649
f 1410/2648 1397/2649 1342/2650
f 1410/2648 1342/2650 1335/2641
f 1335/2641 1342/2650 1278/2651
f 1335/2641 1278/2651 1284/2652
f 1335/2641 1284/2652 1541/2639
f 1284/2652 1278/2651 1473/2653
f 1284/2652 1473/2653 1541/2639
f 1473/2653 1278/2651 1258/2654
f 1541/2639 1473/2653 1693/2655
f 1693/2655 1473/2653 1726/2656
f 1541/2639 1693/2655 1973/2637
f 1693/2655 1726/2656 1805/2657
f 1805/2657 1726/2656 1811/2658
f 1805/2657 1811/2658 1730/2659
f 1805/2657 1730/2659 1691/2660
f 1805/2657 1691/2660 1693/2655
f 1693/2655 1691/2660 1673/2661
f 1693/2655 1673/2661 1973/2637
f 1673/2661 1691/2660 1681/2662
f 1673/2661 1681/2662 1609/2663
f 1973/2637 1673/2661 1713/2664
f 1713/2664 1673/2661 1609/2663
f 1973/2637 1713/2664 1989/2665
f 1973/2637 1989/2665 2130/2635
f 2130/2635 1989/2665 1782/2666
f 1782/2666 1989/2665 1713/2664
f 2130/2635 1782/2666 1834/2667
f 1834/2667 1782/2666 1580/2668
f 1580/2668 1782/2666 1713/2664
f 1580/2668 1713/2664 1609/2663
f 1580/2668 1609/2663 1646/2669
f 1646/2669 1609/2663 1690/2670
f 1580/2668 1646/2669 1582/2671
f 1582/2671 1646/2669 1714/2672
f 1714/2672 1646/2669 1839/2673
f 1839/2673 1646/2669 1830/2674
f 1925/2675 2029/2676 1703/2677
f 2029/2676 1925/2675 2081/2678
f 1925/2675 1703/2677 1751/2679
f 2029/2676 2081/2678 2093/2680
f 2093/2680 2081/2678 2023/2681
f 2029/2676 2093/2680 1905/2682
f 2029/2676 1905/2682 1703/2677
f 2093/2680 2023/2681 2100/2683
f 2100/2683 2023/2681 2014/2684
f 1905/2682 2093/2680 2026/2685
f 2026/2685 2093/2680 2100/2683
f 2100/2683 2014/2684 2088/2686
f 2088/2686 2014/2684 2006/2687
f 2088/2686 2006/2687 2011/2688
f 2088/2686 2011/2688 1999/2689
f 2088/2686 1999/2689 2100/2683
f 1999/2689 2011/2688 1697/2690
f 1999/2689 1697/2690 1525/2691
f 2100/2683 1999/2689 2010/2692
f 2100/2683 2010/2692 2026/2685
f 1999/2689 1525/2691 1651/2693
f 1999/2689 1651/2693 2010/2692
f 2026/2685 2010/2692 1742/2694
f 1742/2694 2010/2692 1651/2693
f 2026/2685 1742/2694 1905/2682
f 1905/2682 1742/2694 1589/2695
f 1905/2682 1589/2695 1703/2677
f 1742/2694 1651/2693 1539/2696
f 1742/2694 1539/2696 1589/2695
f 1485/2697 1651/2693 1525/2691
f 1651/2693 1485/2697 1539/2696
f 1485/2697 1525/2691 1493/2698
f 1493/2698 1525/2691 1441/2699
f 1539/2696 1485/2697 1565/2700
f 1539/2696 1565/2700 1589/2695
f 1565/2700 1485/2697 1493/2698
f 1493/2698 1441/2699 1331/2701
f 1589/2695 1565/2700 1601/2702
f 1589/2695 1601/2702 1703/2677
f 1565/2700 1493/2698 1568/2703
f 1565/2700 1568/2703 1601/2702
f 1493/2698 1331/2701 1229/2704
f 1229/2704 1331/2701 1158/2705
f 1229/2704 1158/2705 1001/2706
f 1493/2698 1229/2704 1334/2707
f 1493/2698 1334/2707 1568/2703
f 1229/2704 1001/2706 1020/2708
f 1020/2708 1001/2706 916/2709
f 1020/2708 916/2709 645/2710
f 1229/2704 1020/2708 1178/2711
f 1229/2704 1178/2711 1334/2707
f 1020/2708 645/2710 1014/2712
f 1020/2708 1014/2712 1178/2711
f 1014/2712 645/2710 739/2713
f 739/2713 645/2710 519/2714
f 1178/2711 1014/2712 917/2715
f 917/2715 1014/2712 739/2713
f 739/2713 519/2714 680/2716
f 739/2713 680/2716 917/2715
f 680/2716 519/2714 542/2717
f 1178/2711 917/2715 983/2718
f 983/2718 917/2715 680/2716
f 1261/2719 1334/2707 1178/2711
f 1261/2719 1178/2711 983/2718
f 1334/2707 1261/2719 1435/2720
f 1334/2707 1435/2720 1568/2703
f 1568/2703 1435/2720 1601/2702
f 1435/2720 1261/2719 1425/2721
f 1435/2720 1425/2721 1601/2702
f 1261/2719 983/2718 1293/2722
f 1261/2719 1293/2722 1425/2721
f 1601/2702 1425/2721 1655/2723
f 1601/2702 1655/2723 1703/2677
f 1703/2677 1655/2723 1751/2679
f 1751/2679 1655/2723 1653/2724
f 1751/2679 1653/2724 1814/2725
f 1653/2724 1655/2723 1577/2726
f 1577/2726 1655/2723 1425/2721
f 1577/2726 1425/2721 1356/2727
f 1356/2727 1425/2721 1293/2722
f 1577/2726 1356/2727 1339/2728
f 1339/2728 1356/2727 1046/2729
f 1356/2727 1293/2722 1123/2730
f 1123/2730 1293/2722 983/2718
f 1046/2729 1356/2727 898/2731
f 898/2731 1356/2727 1123/2730
f 1046/2729 898/2731 686/2732
f 1046/2729 686/2732 733/2733
f 898/2731 1123/2730 888/2734
f 888/2734 1123/2730 983/2718
f 888/2734 983/2718 750/2735
f 750/2735 983/2718 680/2716
f 898/2731 888/2734 652/2736
f 652/2736 888/2734 750/2735
f 652/2736 750/2735 680/2716
f 898/2731 652/2736 686/2732
f 652/2736 680/2716 542/2717
f 652/2736 542/2717 686/2732
f 544/2737 733/2733 686/2732
f 733/2733 544/2737 676/2738
f 676/2738 544/2737 570/2739
f 544/2737 686/2732 485/2740
f 570/2739 544/2737 277/2741
f 544/2737 485/2740 345/2742
f 544/2737 345/2742 277/2741
f 345/2742 485/2740 175/2743
f 345/2742 175/2743 277/2741
f 1942/2744 2206/2536 2001/2521
f 2206/2536 1942/2744 2166/2745
f 2206/2536 2166/2745 2282/2537
f 1942/2744 2001/2521 1830/2746
f 1830/2746 2001/2521 1922/2518
f 1830/2746 1922/2518 1839/2747
f 1942/2744 1830/2746 1690/2748
f 1690/2748 1830/2746 1646/2749
f 2166/2745 1942/2744 1865/2750
f 1865/2750 1942/2744 1690/2748
f 2157/2751 2282/2537 2166/2745
f 2157/2751 2166/2745 1865/2750
f 2282/2537 2157/2751 2210/2541
f 1865/2750 1690/2748 1681/2752
f 1865/2750 1681/2752 2157/2751
f 1681/2752 1690/2748 1609/2753
f 2157/2751 1681/2752 1744/2754
f 1744/2754 1681/2752 1691/2755
f 1744/2754 1691/2755 1730/2756
f 2210/2541 2157/2751 2116/2757
f 2116/2757 2157/2751 1744/2754
f 2210/2541 2116/2757 2194/2758
f 1884/2759 1744/2754 1716/2760
f 1744/2754 1884/2759 2086/2761
f 1744/2754 2086/2761 2116/2757
f 2086/2761 1884/2759 2217/2762
f 2116/2757 2086/2761 2298/2763
f 2116/2757 2298/2763 2331/2764
f 2298/2763 2086/2761 2443/2765
f 2443/2765 2086/2761 2439/2766
f 2346/2767 2210/2768 2186/2769
f 2186/2769 2210/2768 2194/2770
f 2331/2771 2194/2770 2116/2772
f 2186/2769 2194/2770 2131/2773
f 2194/2770 2331/2771 2335/2774
f 2194/2770 2335/2774 2131/2773
f 2131/2773 2335/2774 2148/2775
f 2148/2775 2335/2774 2438/2776
f 2438/2776 2335/2774 2511/2777
f 2511/2777 2335/2774 2331/2771
f 2511/2777 2331/2771 2298/2778
f 2511/2777 2298/2778 2443/2779
f 2154/2780 2186/2769 2131/2773
f 2186/2769 2154/2780 2184/2781
f 2186/2769 2184/2781 2234/2782
f 2234/2782 2184/2781 2285/2783
f 2186/2769 2234/2782 2258/2784
f 2186/2769 2258/2784 2346/2767
f 2234/2782 2285/2783 2300/2785
f 2258/2784 2234/2782 2310/2786
f 2310/2786 2234/2782 2300/2785
f 2300/2785 2285/2783 2398/2787
f 2398/2787 2285/2783 2344/2788
f 2398/2787 2344/2788 2404/2789
f 2300/2785 2398/2787 2403/2790
f 2403/2790 2398/2787 2404/2789
f 2300/2785 2403/2790 2310/2786
f 2322/2791 2346/2767 2258/2784
f 2322/2791 2258/2784 2310/2786
f 2346/2767 2322/2791 2391/2792
f 2322/2791 2310/2786 2379/2793
f 2379/2793 2310/2786 2403/2790
f 2322/2791 2379/2793 2391/2792
f 2346/2767 2391/2792 2384/2794
f 2384/2794 2391/2792 2341/2795
f 2384/2794 2341/2795 2327/2796
f 2391/2792 2379/2793 2416/2797
f 2391/2792 2416/2797 2341/2795
f 2416/2797 2379/2793 2403/2790
f 2416/2797 2403/2790 2404/2789
f 2341/2795 2416/2797 2395/2798
f 2416/2797 2404/2789 2406/2799
f 2395/2798 2416/2797 2409/2800
f 2416/2797 2406/2799 2410/2801
f 2416/2797 2410/2801 2409/2800
f 1360/2802 1105/2803 1223/2804
f 1360/2802 1223/2804 1559/2805
f 1360/2802 1559/2805 1753/2806
f 1223/2804 1105/2803 1099/2807
f 1099/2807 1105/2803 1156/2808
f 1223/2804 1099/2807 1326/2809
f 1223/2804 1326/2809 1559/2805
f 1099/2807 1156/2808 1139/2810
f 1139/2810 1156/2808 1534/2811
f 1326/2809 1099/2807 1103/2812
f 1103/2812 1099/2807 1139/2810
f 1559/2805 1326/2809 1613/2813
f 1139/2810 1534/2811 1665/2814
f 1665/2814 1534/2811 2341/2815
f 2341/2815 1534/2811 2327/2816
f 1139/2810 1665/2814 1195/2817
f 1139/2810 1195/2817 1103/2812
f 1665/2814 2341/2815 1875/2818
f 1665/2814 1875/2818 1195/2817
f 1875/2818 2341/2815 2395/2819
f 1195/2817 1875/2818 1273/2820
f 1195/2817 1273/2820 1103/2812
f 1875/2818 2395/2819 1837/2821
f 1875/2818 1837/2821 1273/2820
f 1837/2821 2395/2819 2321/2822
f 2321/2822 2395/2819 2409/2823
f 1837/2821 2321/2822 1935/2824
f 1837/2821 1935/2824 1273/2820
f 2321/2822 2409/2823 2108/2825
f 2321/2822 2108/2825 1935/2824
f 2108/2825 2409/2823 2410/2826
f 1273/2820 1935/2824 1785/2827
f 1785/2827 1935/2824 1972/2828
f 1972/2828 1935/2824 2108/2825
f 1273/2820 1785/2827 1440/2829
f 1972/2828 2108/2825 1981/2830
f 1440/2829 1785/2827 1896/2831
f 1896/2831 1785/2827 1972/2828
f 1273/2820 1440/2829 1113/2832
f 1273/2820 1113/2832 1103/2812
f 1972/2828 1981/2830 1998/2833
f 1972/2828 1998/2833 1896/2831
f 1981/2830 2108/2825 2038/2834
f 1981/2830 2038/2834 1996/2835
f 1996/2835 2038/2834 2246/2836
f 2038/2834 2108/2825 2288/2837
f 2038/2834 2288/2837 2246/2836
f 2288/2837 2108/2825 2410/2826
f 2246/2836 2288/2837 2406/2838
f 2406/2838 2288/2837 2410/2826
f 1857/2839 1896/2831 1998/2833
f 1857/2839 1998/2833 1980/2840
f 1980/2840 1998/2833 2028/2841
f 1980/2840 2028/2841 1848/2842
f 1980/2840 1848/2842 1855/2843
f 1980/2840 1855/2843 1857/2839
f 1855/2843 1848/2842 1937/2844
f 1857/2839 1855/2843 1758/2845
f 1772/2846 1896/2831 1857/2839
f 1772/2846 1857/2839 1758/2845
f 1896/2831 1772/2846 1532/2847
f 1896/2831 1532/2847 1440/2829
f 1440/2829 1532/2847 1113/2832
f 1855/2843 1937/2844 1976/2848
f 1855/2843 1976/2848 1758/2845
f 1976/2848 1937/2844 1918/2849
f 1918/2849 1937/2844 1683/2850
f 1918/2849 1683/2850 1658/2851
f 1658/2851 1683/2850 1471/2852
f 1918/2849 1658/2851 2021/2853
f 1918/2849 2021/2853 1976/2848
f 1658/2851 1471/2852 1490/2854
f 1490/2854 1471/2852 1476/2855
f 1490/2854 1476/2855 1524/2856
f 1524/2856 1476/2855 1591/2857
f 1658/2851 1490/2854 1510/2858
f 1510/2858 1490/2854 1524/2856
f 1524/2856 1591/2857 1645/2859
f 1658/2851 1510/2858 1736/2860
f 1658/2851 1736/2860 2021/2853
f 1510/2858 1524/2856 1527/2861
f 1524/2856 1645/2859 1621/2862
f 1524/2856 1621/2862 1527/2861
f 1510/2858 1527/2861 1628/2863
f 1510/2858 1628/2863 1736/2860
f 1628/2863 1527/2861 1488/2864
f 1527/2861 1621/2862 1581/2865
f 1736/2860 1628/2863 1947/2866
f 1736/2860 1947/2866 2021/2853
f 1947/2866 1628/2863 1994/2867
f 1947/2866 1994/2867 2074/2868
f 1581/2865 1621/2862 1662/2869
f 1662/2869 1621/2862 1645/2859
f 1581/2865 1662/2869 1616/2870
f 1662/2869 1645/2859 1619/2871
f 1662/2869 1619/2871 1616/2870
f 1619/2871 1645/2859 1586/2872
f 1616/2870 1619/2871 1504/2873
f 1504/2873 1619/2871 1538/2874
f 1504/2873 1538/2874 1492/2875
f 2070/2876 2021/2853 1947/2866
f 2070/2876 1947/2866 2074/2868
f 2021/2853 2070/2876 1976/2848
f 2070/2876 2074/2868 1987/2877
f 2070/2876 1987/2877 1976/2848
f 1987/2877 2074/2868 2024/2878
f 1976/2848 1987/2877 1880/2879
f 1976/2848 1880/2879 1850/2880
f 1976/2848 1850/2880 1758/2845
f 1850/2880 1880/2879 1522/2881
f 1850/2880 1522/2881 1758/2845
f 1880/2879 1987/2877 1890/2882
f 1987/2877 2024/2878 1881/2883
f 1987/2877 1881/2883 1890/2882
f 1880/2879 1890/2882 1427/2884
f 1880/2879 1427/2884 1522/2881
f 1758/2845 1522/2881 1307/2885
f 1758/2845 1307/2885 1772/2846
f 1881/2883 2024/2878 1895/2886
f 1895/2886 2024/2878 2027/2887
f 1890/2882 1881/2883 1371/2888
f 1881/2883 1895/2886 1388/2889
f 1881/2883 1388/2889 1371/2888
f 1890/2882 1371/2888 1329/2890
f 1890/2882 1329/2890 1427/2884
f 1329/2890 1371/2888 1110/2891
f 1329/2890 1110/2891 1427/2884
f 1110/2891 1371/2888 1107/2892
f 1427/2884 1110/2891 1100/2893
f 1371/2888 1388/2889 1120/2894
f 1371/2888 1120/2894 1107/2892
f 1120/2894 1388/2889 1129/2895
f 1635/2896 1388/2889 1895/2886
f 1388/2889 1635/2896 1129/2895
f 1635/2896 1895/2886 1911/2897
f 1911/2897 1895/2886 2027/2887
f 1635/2896 1911/2897 1511/2898
f 1635/2896 1511/2898 1129/2895
f 1511/2898 1911/2897 1903/2899
f 1129/2895 1511/2898 1119/2900
f 1903/2899 1911/2897 2006/2901
f 2006/2901 1911/2897 2027/2887
f 2006/2901 2027/2887 2075/2902
f 1129/2895 1119/2900 1090/2903
f 1096/2904 1120/2894 1129/2895
f 1096/2904 1129/2895 1090/2903
f 1120/2894 1096/2904 1107/2892
f 1096/2904 1090/2903 1743/2905
f 1743/2905 1090/2903 1336/2906
f 1107/2892 1096/2904 1304/2907
f 1304/2907 1096/2904 1743/2905
f 1107/2892 1304/2907 1436/2908
f 1304/2907 1743/2905 1769/2909
f 1304/2907 1769/2909 1436/2908
f 1107/2892 1436/2908 1101/2910
f 1107/2892 1101/2910 1110/2891
f 1110/2891 1101/2910 1100/2893
f 1101/2910 1436/2908 1531/2911
f 1101/2910 1531/2911 1100/2893
f 1436/2908 1769/2909 1904/2912
f 1436/2908 1904/2912 1531/2911
f 1965/2913 1769/2909 1743/2905
f 1769/2909 1965/2913 1904/2912
f 2107/2914 1743/2905 1832/2915
f 1965/2913 1743/2905 2139/2916
f 2139/2916 1743/2905 2107/2914
f 1965/2913 2139/2916 2192/2917
f 1965/2913 2192/2917 1904/2912
f 2139/2916 2107/2914 2099/2918
f 2099/2918 2107/2914 1985/2919
f 2099/2918 1985/2919 2087/2920
f 2139/2916 2099/2918 2239/2921
f 2139/2916 2239/2921 2192/2917
f 2099/2918 2087/2920 2077/2922
f 2099/2918 2077/2922 2239/2921
f 2077/2922 2087/2920 2115/2923
f 2077/2922 2115/2923 2239/2921
f 2115/2923 2087/2920 2155/2924
f 2155/2924 2087/2920 2178/2925
f 2239/2921 2115/2923 2268/2926
f 2268/2926 2115/2923 2155/2924
f 2239/2921 2268/2926 2192/2917
f 2155/2924 2178/2925 2316/2927
f 2155/2924 2316/2927 2268/2926
f 2316/2927 2178/2925 2307/2928
f 2192/2917 2268/2926 2303/2929
f 2303/2929 2268/2926 2316/2927
f 2316/2927 2307/2928 2325/2930
f 2316/2927 2325/2930 2303/2929
f 2325/2930 2307/2928 2233/2931
f 2325/2930 2233/2931 2200/2932
f 2325/2930 2200/2932 2303/2929
f 2200/2932 2233/2931 2083/2933
f 2303/2929 2200/2932 2113/2934
f 2113/2934 2200/2932 2083/2933
f 2162/2935 2192/2917 2303/2929
f 2083/2933 2233/2931 2080/2936
f 2080/2936 2233/2931 2202/2937
f 2303/2929 2113/2934 2235/2938
f 2303/2929 2235/2938 2162/2935
f 2113/2934 2083/2933 2073/2939
f 2113/2934 2073/2939 2235/2938
f 2083/2933 2080/2936 2046/2940
f 2083/2933 2046/2940 2073/2939
f 2235/2938 2073/2939 2189/2941
f 2189/2941 2073/2939 2046/2940
f 2235/2938 2189/2941 2162/2935
f 2046/2940 2080/2936 2025/2942
f 2025/2942 2080/2936 2032/2943
f 2189/2941 2046/2940 2140/2944
f 2140/2944 2046/2940 2025/2942
f 2189/2941 2140/2944 2051/2945
f 2140/2944 2025/2942 2078/2946
f 2078/2946 2025/2942 2144/2947
f 2140/2944 2078/2946 2051/2945
f 2057/2948 2162/2935 2189/2941
f 2057/2948 2189/2941 2051/2945
f 2162/2935 2057/2948 1882/2949
f 2051/2945 2078/2946 1854/2950
f 2057/2948 2051/2945 1764/2951
f 2051/2945 1854/2950 1627/2952
f 2051/2945 1627/2952 1764/2951
f 1854/2950 2078/2946 1824/2953
f 1824/2953 2078/2946 1928/2954
f 1824/2953 1928/2954 1753/2806
f 1824/2953 1753/2806 1559/2805
f 1824/2953 1559/2805 1854/2950
f 1854/2950 1559/2805 1613/2813
f 1854/2950 1613/2813 1627/2952
f 1627/2952 1613/2813 1259/2955
f 1259/2955 1613/2813 1326/2809
f 1259/2955 1326/2809 1103/2812
f 1259/2955 1103/2812 1093/2956
f 1093/2956 1103/2812 1113/2832
f 1093/2956 1113/2832 1104/2957
f 1104/2957 1113/2832 1532/2847
f 1259/2955 1093/2956 1216/2958
f 1259/2955 1216/2958 1627/2952
f 1093/2956 1104/2957 1184/2959
f 1093/2956 1184/2959 1216/2958
f 1184/2959 1104/2957 1532/2847
f 1627/2952 1216/2958 1407/2960
f 1407/2960 1216/2958 1184/2959
f 1627/2952 1407/2960 1764/2951
f 1184/2959 1532/2847 1374/2961
f 1184/2959 1374/2961 1407/2960
f 1764/2951 1407/2960 1547/2962
f 1547/2962 1407/2960 1374/2961
f 1374/2961 1532/2847 1462/2963
f 1374/2961 1462/2963 1547/2962
f 1462/2963 1532/2847 1772/2846
f 1462/2963 1772/2846 1307/2885
f 1764/2951 1547/2962 1817/2964
f 1764/2951 1817/2964 2057/2948
f 2057/2948 1817/2964 1882/2949
f 1817/2964 1547/2962 1620/2965
f 1817/2964 1620/2965 1882/2949
f 1402/2966 1547/2962 1462/2963
f 1402/2966 1462/2963 1307/2885
f 1547/2962 1402/2966 1620/2965
f 1882/2949 1620/2965 1390/2967
f 1620/2965 1402/2966 1247/2968
f 1620/2965 1247/2968 1390/2967
f 1402/2966 1307/2885 1135/2969
f 1402/2966 1135/2969 1247/2968
f 1135/2969 1307/2885 1111/2970
f 1247/2968 1135/2969 1078/2971
f 1247/2968 1078/2971 1390/2967
f 1078/2971 1135/2969 1111/2970
f 1111/2970 1307/2885 1522/2881
f 1390/2967 1078/2971 1081/2972
f 1081/2972 1078/2971 1111/2970
f 1111/2970 1522/2881 1097/2973
f 1111/2970 1097/2973 1081/2972
f 1097/2973 1522/2881 1427/2884
f 1097/2973 1427/2884 1100/2893
f 1097/2973 1100/2893 1081/2972
f 1081/2972 1100/2893 1301/2974
f 1081/2972 1301/2974 1390/2967
f 1301/2974 1100/2893 1531/2911
f 1390/2967 1301/2974 1790/2975
f 1790/2975 1301/2974 1531/2911
f 1390/2967 1790/2975 1882/2949
f 1790/2975 1531/2911 1904/2912
f 1882/2949 1790/2975 2040/2976
f 2040/2976 1790/2975 1904/2912
f 1882/2949 2040/2976 2162/2935
f 2040/2976 1904/2912 2192/2917
f 2040/2976 2192/2917 2162/2935
f 600/2977 529/2166 711/2163
f 600/2977 711/2163 791/2978
f 529/2166 600/2977 476/2979
f 529/2166 476/2979 347/2169
f 347/2169 476/2979 436/2180
f 476/2979 600/2977 558/2980
f 476/2979 558/2980 436/2180
f 600/2977 791/2978 662/2981
f 600/2977 662/2981 558/2980
f 662/2981 791/2978 808/2982
f 662/2981 808/2982 675/2983
f 662/2981 675/2983 558/2980
f 675/2983 808/2982 816/2984
f 436/2180 558/2980 557/2985
f 557/2985 558/2980 675/2983
f 436/2180 557/2985 430/2184
f 430/2184 557/2985 574/2986
f 557/2985 675/2983 637/2987
f 557/2985 637/2987 574/2986
f 637/2987 675/2983 816/2984
f 574/2986 637/2987 709/2988
f 637/2987 816/2984 753/2989
f 637/2987 753/2989 709/2988
f 753/2989 816/2984 792/2990
f 709/2988 753/2989 762/2991
f 753/2989 792/2990 751/2992
f 753/2989 751/2992 762/2991
f 751/2992 792/2990 727/2993
f 762/2991 751/2992 731/2994
f 56/2995 2788/2996 168/2997
f 2788/2996 56/2995 2867/2998
f 56/2995 168/2997 231/2999
f 231/2999 168/2997 272/3000
f 231/2999 272/3000 391/3001
f 231/2999 391/3001 302/3002
f 302/3002 391/3001 463/3003
f 56/2995 231/2999 159/3004
f 159/3004 231/2999 302/3002
f 302/3002 463/3003 242/3005
f 302/3002 242/3005 159/3004
f 242/3005 463/3003 455/3006
f 159/3004 242/3005 125/3007
f 570/3008 277/3009 455/3006
f 455/3006 277/3009 212/3010
f 455/3006 212/3010 242/3005
f 242/3005 212/3010 7/3011
f 242/3005 7/3011 125/3007
f 7/3011 212/3010 65/3012
f 159/3004 125/3007 10/3013
f 159/3004 10/3013 56/2995
f 10/3013 125/3007 7/3011
f 56/2995 10/3013 2867/2998
f 10/3013 7/3011 2830/3014
f 10/3013 2830/3014 2867/2998
f 2830/3014 7/3011 2909/3015
f 2867/2998 2830/3014 3019/3016
f 3019/3016 2830/3014 2909/3015
f 277/3017 65/3018 212/3019
f 65/3018 277/3017 175/3020
f 65/3018 175/3020 2798/3021
f 65/3018 2798/3021 2909/3022
f 65/3018 2909/3022 7/3023
f 2798/3021 175/3020 2826/3024
f 2909/3022 2798/3021 2980/3025
f 2980/3025 2798/3021 2826/3024
f 2909/3022 2980/3025 3035/3026
f 2909/3022 3035/3026 3019/3027
f 3019/3027 3035/3026 3136/3028
f 3035/3026 2980/3025 3101/3029
f 3035/3026 3101/3029 3136/3028
f 3136/3028 3101/3029 3193/3030
f 3136/3028 3193/3030 3229/3031
f 3101/3029 2980/3025 3117/3032
f 3101/3029 3117/3032 3193/3030
f 3117/3032 2980/3025 3081/3033
f 3081/3033 2980/3025 2826/3024
f 3193/3030 3117/3032 3258/3034
f 3229/3031 3193/3030 3265/3035
f 3265/3035 3193/3030 3258/3034
f 3258/3034 3117/3032 3216/3036
f 3216/3036 3117/3032 3081/3033
f 3258/3034 3216/3036 3416/3037
f 3258/3034 3416/3037 3490/3038
f 3258/3034 3490/3038 3265/3035
f 3416/3037 3216/3036 3491/3039
f 3229/3031 3265/3035 3303/3040
f 3229/3031 3303/3040 3277/3041
f 3216/3036 3081/3033 3289/3042
f 3216/3036 3289/3042 3491/3039
f 3289/3042 3081/3033 2977/3043
f 2977/3043 3081/3033 2826/3024
f 3322/3044 3308/3045 3303/3040
f 3303/3040 3265/3035 3283/3046
f 3303/3040 3283/3046 3322/3044
f 3283/3046 3265/3035 3320/3047
f 3322/3044 3283/3046 3292/3048
f 3292/3048 3283/3046 3320/3047
f 3322/3044 3292/3048 3243/3049
f 3320/3047 3265/3035 3490/3038
f 3243/3049 3292/3048 3147/3050
f 3243/3049 3147/3050 3060/3051
f 3060/3051 3147/3050 2997/3052
f 2997/3052 3147/3050 3029/3053
f 3029/3053 3147/3050 3120/3054
f 3029/3053 3120/3054 3062/3055
f 3062/3055 3120/3054 3141/3056
f 3120/3054 3147/3050 3245/3057
f 3120/3054 3245/3057 3141/3056
f 3245/3057 3147/3050 3292/3048
f 3141/3056 3245/3057 3345/3058
f 3345/3058 3245/3057 3388/3059
f 3388/3059 3245/3057 3292/3048
f 3345/3058 3388/3059 3480/3060
f 3480/3060 3388/3059 3652/3061
f 3388/3059 3292/3048 3374/3062
f 3388/3059 3374/3062 3652/3061
f 3374/3062 3292/3048 3433/3063
f 3433/3063 3292/3048 3320/3047
f 3652/3061 3374/3062 3735/3064
f 3735/3064 3374/3062 3433/3063
f 3652/3061 3735/3064 3795/3065
f 3433/3063 3320/3047 3562/3066
f 3433/3063 3562/3066 3735/3064
f 3562/3066 3320/3047 3490/3038
f 3795/3065 3735/3064 3828/3067
f 3795/3065 3828/3067 3895/3068
f 3735/3064 3562/3066 3733/3069
f 3733/3069 3562/3066 3490/3038
f 3828/3067 3735/3064 3863/3070
f 3863/3070 3735/3064 3733/3069
f 3733/3069 3490/3038 3807/3071
f 3733/3069 3807/3071 3863/3070
f 3807/3071 3490/3038 3416/3037
f 3807/3071 3416/3037 3491/3039
f 3904/3072 3895/3068 3828/3067
f 3904/3072 3828/3067 3863/3070
f 3895/3068 3904/3072 4091/3073
f 3895/3068 4091/3073 4133/3074
f 4133/3074 4091/3073 4374/3075
f 4091/3073 3904/3072 4245/3076
f 4091/3073 4245/3076 4374/3075
f 3904/3072 3863/3070 3980/3077
f 3904/3072 3980/3077 4245/3076
f 3903/3078 3863/3070 3807/3071
f 3863/3070 3903/3078 3980/3077
f 3903/3078 3807/3071 3909/3079
f 3909/3079 3807/3071 3491/3039
f 3980/3077 3903/3078 4026/3080
f 4421/3081 4374/3075 4245/3076
f 4374/3075 4421/3081 4412/3082
f 4412/3082 4421/3081 4454/3083
f 4026/3080 3903/3078 4064/3084
f 4064/3084 3903/3078 3909/3079
f 4454/3083 4421/3081 4464/3085
f 4454/3083 4464/3085 4518/3086
f 4518/3086 4464/3085 4560/3087
f 4421/3081 4245/3076 4404/3088
f 4421/3081 4404/3088 4464/3085
f 4404/3088 4245/3076 4278/3089
f 4278/3089 4245/3076 3980/3077
f 4464/3085 4404/3088 4450/3090
f 4450/3090 4404/3088 4278/3089
f 4560/3087 4464/3085 4527/3091
f 4560/3087 4527/3091 4624/3092
s 0
f 4624/3092 4527/3091 4572/3093
s 1
f 4527/3091 4464/3085 4507/3094
f 4507/3094 4464/3085 4450/3090
f 4572/3093 4527/3091 4563/3095
f 4563/3095 4527/3091 4507/3094
f 4572/3093 4563/3095 4530/3096
f 4572/3093 4530/3096 4623/3097
f 4530/3096 4563/3095 4479/3098
f 4530/3096 4479/3098 4369/3099
f 4563/3095 4507/3094 4391/3100
f 4563/3095 4391/3100 4479/3098
f 4442/3101 4507/3094 4450/3090
f 4507/3094 4442/3101 4391/3100
f 4442/3101 4450/3090 4407/3102
f 4407/3102 4450/3090 4278/3089
f 4391/3100 4442/3101 4343/3103
f 4343/3103 4442/3101 4407/3102
f 4479/3098 4391/3100 4355/3104
f 4479/3098 4355/3104 4369/3099
f 4391/3100 4343/3103 4286/3105
f 4391/3100 4286/3105 4355/3104
f 4343/3103 4407/3102 4280/3106
f 4280/3106 4407/3102 4278/3089
f 4343/3103 4280/3106 4286/3105
f 4369/3099 4355/3104 4232/3107
f 4232/3107 4355/3104 4286/3105
f 4369/3099 4232/3107 4235/3108
f 4280/3106 4278/3089 4183/3109
f 4183/3109 4278/3089 3980/3077
f 4183/3109 3980/3077 4026/3080
f 4280/3106 4183/3109 4199/3110
f 4199/3110 4183/3109 4026/3080
f 4280/3106 4199/3110 4286/3105
f 4199/3110 4026/3080 4064/3084
f 4286/3105 4199/3110 4156/3111
f 4156/3111 4199/3110 4064/3084
f 4286/3105 4156/3111 4232/3107
f 4159/3112 4235/3108 4232/3107
f 4159/3112 4232/3107 4156/3111
f 4235/3108 4159/3112 4182/3113
f 4156/3111 4064/3084 4065/3114
f 4156/3111 4065/3114 4159/3112
f 4065/3114 4064/3084 3909/3079
f 4182/3113 4159/3112 4142/3115
f 4182/3113 4142/3115 4072/3116
f 4065/3114 3909/3079 3892/3117
f 3892/3117 3909/3079 3491/3039
f 4159/3112 4065/3114 4054/3118
f 4054/3118 4065/3114 3892/3117
f 4142/3115 4159/3112 4092/3119
f 4092/3119 4159/3112 4054/3118
f 4072/3116 4142/3115 3851/3120
f 4072/3116 3851/3120 3357/3121
f 4142/3115 4092/3119 3974/3122
f 4142/3115 3974/3122 3851/3120
f 4092/3119 4054/3118 3753/3123
f 4092/3119 3753/3123 3974/3122
f 3851/3120 3974/3122 3223/3124
f 3223/3124 3974/3122 3753/3123
f 3357/3121 3851/3120 3067/3125
f 3067/3125 3851/3120 3223/3124
f 3357/3121 3067/3125 2859/3126
f 3357/3121 2859/3126 2953/3127
f 2953/3127 2859/3126 163/3128
f 2859/3126 3067/3125 2812/3129
f 2812/3129 3067/3125 3223/3124
f 163/3128 2859/3126 201/3130
f 201/3130 2859/3126 2812/3129
f 163/3128 201/3130 486/3131
f 163/3128 486/3131 552/3132
f 552/3132 486/3131 849/3133
f 486/3131 201/3130 514/3134
f 201/3130 2812/3129 194/3135
f 201/3130 194/3135 514/3134
f 194/3135 2812/3129 2868/3136
f 2868/3136 2812/3129 3223/3124
f 849/3133 486/3131 768/3137
f 768/3137 486/3131 514/3134
f 849/3133 768/3137 1001/3138
f 849/3133 1001/3138 1158/3139
f 1001/3138 768/3137 916/3140
f 916/3140 768/3137 514/3134
f 916/3140 514/3134 645/3141
f 248/3142 514/3134 194/3135
f 514/3134 248/3142 645/3141
f 248/3142 194/3135 2868/3136
f 645/3141 248/3142 173/3143
f 645/3141 173/3143 519/3144
f 248/3142 2868/3136 2785/3145
f 248/3142 2785/3145 173/3143
f 2785/3145 2868/3136 3124/3146
f 3124/3146 2868/3136 3223/3124
f 3124/3146 3223/3124 3753/3123
f 173/3143 2785/3145 2880/3147
f 2880/3147 2785/3145 3124/3146
f 375/3148 519/3144 173/3143
f 375/3148 173/3143 202/3149
f 202/3149 173/3143 2880/3147
f 519/3144 375/3148 460/3150
f 375/3148 202/3149 323/3151
f 375/3148 323/3151 460/3150
f 519/3144 460/3150 542/3152
f 323/3151 202/3149 178/3153
f 323/3151 178/3153 460/3150
f 178/3153 202/3149 2880/3147
f 542/3152 460/3150 331/3154
f 331/3154 460/3150 178/3153
f 542/3152 331/3154 485/3155
f 542/3152 485/3155 686/3156
f 485/3155 331/3154 175/3020
f 175/3020 331/3154 2826/3024
f 2826/3024 331/3154 178/3153
f 2826/3024 178/3153 2977/3043
f 2977/3043 178/3153 2880/3147
f 2977/3043 2880/3147 3032/3157
f 2977/3043 3032/3157 3184/3158
f 2977/3043 3184/3158 3289/3042
f 3032/3157 2880/3147 3074/3159
f 3074/3159 2880/3147 3124/3146
f 3184/3158 3032/3157 3205/3160
f 3205/3160 3032/3157 3074/3159
f 3074/3159 3124/3146 3247/3161
f 3074/3159 3247/3161 3205/3160
f 3289/3042 3184/3158 3413/3162
f 3413/3162 3184/3158 3205/3160
f 3413/3162 3205/3160 3247/3161
f 3413/3162 3247/3161 3124/3146
f 3289/3042 3413/3162 3491/3039
f 3491/3039 3413/3162 3892/3117
f 3413/3162 3124/3146 3766/3163
f 3413/3162 3766/3163 3892/3117
f 3766/3163 3124/3146 3753/3123
f 3892/3117 3766/3163 4054/3118
f 4054/3118 3766/3163 3753/3123
f 1441/3164 1158/3165 1331/3166
f 1158/3165 1441/3164 1145/3167
f 1145/3167 1441/3164 1500/3168
f 1500/3168 1441/3164 1523/3169
f 1523/3169 1441/3164 1525/3170
f 1523/3169 1525/3170 1697/3171
f 1523/3169 1697/3171 1727/3172
f 1500/3168 1523/3169 1518/3173
f 1518/3173 1523/3169 1727/3172
f 1727/3172 1697/3171 1986/3174
f 1986/3174 1697/3171 2011/3175
f 1518/3173 1727/3172 1677/3176
f 1727/3172 1986/3174 1968/3177
f 1727/3172 1968/3177 1677/3176
f 1986/3174 2011/3175 2075/3178
f 1986/3174 2075/3178 1968/3177
f 2075/3178 2011/3175 2006/3179
f 1677/3176 1968/3177 2016/3180
f 2016/3180 1968/3177 2075/3178
f 1518/3173 1677/3176 1481/3181
f 1518/3173 1481/3181 1500/3168
f 2024/3182 2075/3178 2027/3183
f 2075/3178 2024/3182 2016/3180
f 2016/3180 2024/3182 2074/3184
f 1677/3176 2016/3180 1667/3185
f 1677/3176 1667/3185 1481/3181
f 2016/3180 2074/3184 1988/3186
f 2016/3180 1988/3186 1667/3185
f 1988/3186 2074/3184 1994/3187
f 1988/3186 1994/3187 1675/3188
f 1988/3186 1675/3188 1667/3185
f 1675/3188 1994/3187 1628/3189
f 1675/3188 1628/3189 1488/3190
f 1667/3185 1675/3188 1469/3191
f 1469/3191 1675/3188 1488/3190
f 1667/3185 1469/3191 1481/3181
f 1469/3191 1488/3190 1581/3192
f 1581/3192 1488/3190 1527/3193
f 1481/3181 1469/3191 1528/3194
f 1528/3194 1469/3191 1581/3192
f 1481/3181 1528/3194 1500/3168
f 1528/3194 1581/3192 1551/3195
f 1551/3195 1581/3192 1616/3196
f 1551/3195 1616/3196 1474/3197
f 1551/3195 1474/3197 1378/3198
f 1551/3195 1378/3198 1121/3199
f 1121/3199 1378/3198 973/3200
f 1500/3168 1528/3194 1373/3201
f 1528/3194 1551/3195 1422/3202
f 1528/3194 1422/3202 1373/3201
f 1500/3168 1373/3201 1145/3167
f 1422/3202 1551/3195 1260/3203
f 1260/3203 1551/3195 1121/3199
f 1121/3199 973/3200 732/3204
f 1260/3203 1121/3199 998/3205
f 1422/3202 1260/3203 1038/3206
f 1038/3206 1260/3203 998/3205
f 998/3205 1121/3199 783/3207
f 783/3207 1121/3199 732/3204
f 998/3205 783/3207 1038/3206
f 1192/3208 1373/3201 1422/3202
f 1192/3208 1422/3202 1038/3206
f 1373/3201 1192/3208 1019/3209
f 1373/3201 1019/3209 1145/3167
f 1019/3209 1192/3208 939/3210
f 1192/3208 1038/3206 982/3211
f 1192/3208 982/3211 939/3210
f 880/3212 1038/3206 783/3207
f 1038/3206 880/3212 982/3211
f 1145/3167 1019/3209 951/3213
f 951/3213 1019/3209 939/3210
f 982/3211 880/3212 818/3214
f 982/3211 818/3214 939/3210
f 880/3212 783/3207 659/3215
f 880/3212 659/3215 818/3214
f 659/3215 783/3207 582/3216
f 582/3216 783/3207 732/3204
f 818/3214 659/3215 611/3217
f 611/3217 659/3215 582/3216
f 939/3210 818/3214 767/3218
f 767/3218 818/3214 611/3217
f 939/3210 767/3218 650/3219
f 939/3210 650/3219 951/3213
f 767/3218 611/3217 399/3220
f 399/3220 611/3217 582/3216
f 767/3218 399/3220 650/3219
f 578/3221 582/3216 732/3204
f 578/3221 732/3204 778/3222
f 582/3216 578/3221 461/3223
f 582/3216 461/3223 399/3220
f 461/3223 578/3221 297/3224
f 297/3224 578/3221 357/3225
f 297/3224 357/3225 185/3226
f 461/3223 297/3224 267/3227
f 461/3223 267/3227 399/3220
f 297/3224 185/3226 22/3228
f 297/3224 22/3228 267/3227
f 22/3228 185/3226 43/3229
f 399/3220 267/3227 45/3230
f 45/3230 267/3227 22/3228
f 399/3220 45/3230 124/3231
f 399/3220 124/3231 650/3219
f 45/3230 22/3228 2972/3232
f 22/3228 43/3229 2917/3233
f 22/3228 2917/3233 2972/3232
f 2917/3233 43/3229 2947/3234
f 2947/3234 43/3229 2903/3235
f 2947/3234 2903/3235 3076/3236
f 2917/3233 2947/3234 3091/3237
f 2917/3233 3091/3237 2972/3232
f 2947/3234 3076/3236 3151/3238
f 2947/3234 3151/3238 3091/3237
f 3151/3238 3076/3236 3206/3239
f 2972/3232 3091/3237 3146/3240
f 3151/3238 3206/3239 3311/3241
f 3311/3241 3206/3239 3361/3242
f 3091/3237 3151/3238 3213/3243
f 3213/3243 3151/3238 3311/3241
f 3091/3237 3213/3243 3146/3240
f 3311/3241 3361/3242 3555/3244
f 3213/3243 3311/3241 3430/3245
f 3430/3245 3311/3241 3555/3244
f 3146/3240 3213/3243 3327/3246
f 3327/3246 3213/3243 3430/3245
f 3430/3245 3555/3244 3842/3247
f 3842/3247 3555/3244 3792/3248
f 3842/3247 3792/3248 3891/3249
f 3842/3247 3891/3249 3882/3250
f 3146/3240 3327/3246 3530/3251
f 3635/3252 3882/3250 3573/3253
f 3327/3246 3430/3245 3996/3254
f 3327/3246 3996/3254 3530/3251
f 3885/3255 3430/3245 3842/3247
f 3430/3245 3885/3255 3996/3254
f 3842/3247 3882/3250 3950/3256
f 3842/3247 3950/3256 3885/3255
f 3816/3257 3882/3250 3635/3252
f 3882/3250 3816/3257 3950/3256
f 3816/3257 3635/3252 3572/3258
f 3816/3257 3572/3258 3843/3259
f 3816/3257 3843/3259 3950/3256
f 3885/3255 3950/3256 4206/3260
f 4206/3260 3950/3256 3843/3259
f 3885/3255 4206/3260 3996/3254
f 4206/3260 3843/3259 4171/3261
f 4206/3260 4171/3261 4415/3262
f 3996/3254 4206/3260 4349/3263
f 4206/3260 4415/3262 4501/3264
f 4206/3260 4501/3264 4349/3263
f 4501/3264 4415/3262 4487/3265
f 4501/3264 4487/3265 4529/3266
f 4529/3266 4487/3265 4554/3267
f 4529/3266 4554/3267 4597/3268
f 4501/3264 4529/3266 4521/3269
f 4501/3264 4521/3269 4349/3263
f 4521/3269 4529/3266 4597/3268
f 4521/3269 4597/3268 4562/3270
f 4349/3263 4521/3269 4458/3271
f 4458/3271 4521/3269 4562/3270
f 4562/3270 4597/3268 4591/3272
f 4562/3270 4591/3272 4458/3271
f 4591/3272 4597/3268 4645/3273
f 4645/3273 4597/3268 4680/3274
f 4645/3273 4680/3274 4701/3275
f 4645/3273 4701/3275 4675/3276
f 4675/3276 4701/3275 4685/3277
f 4675/3276 4685/3277 4652/3278
f 4675/3276 4652/3278 4645/3273
f 4652/3278 4685/3277 4624/3279
f 4652/3278 4624/3279 4623/3280
f 4623/3280 4624/3279 4572/3281
f 4645/3273 4652/3278 4640/3282
f 4640/3282 4652/3278 4623/3280
f 4645/3273 4640/3282 4634/3283
f 4645/3273 4634/3283 4591/3272
f 4640/3282 4623/3280 4510/3284
f 4634/3283 4640/3282 4615/3285
f 4615/3285 4640/3282 4510/3284
f 4510/3284 4623/3280 4530/3286
f 4634/3283 4615/3285 4443/3287
f 4443/3287 4615/3285 4510/3284
f 4591/3272 4634/3283 4427/3288
f 4427/3288 4634/3283 4443/3287
f 4591/3272 4427/3288 4458/3271
f 4510/3284 4530/3286 4304/3289
f 4304/3289 4530/3286 4369/3290
f 4304/3289 4369/3290 4235/3291
f 4510/3284 4304/3289 4311/3292
f 4510/3284 4311/3292 4443/3287
f 4304/3289 4235/3291 4214/3293
f 4304/3289 4214/3293 4311/3292
f 4214/3293 4235/3291 4182/3294
f 4214/3293 4182/3294 4139/3295
f 4139/3295 4182/3294 4072/3296
f 4311/3292 4214/3293 4202/3297
f 4202/3297 4214/3293 4139/3295
f 4285/3298 4443/3287 4311/3292
f 4285/3298 4311/3292 4202/3297
f 4443/3287 4285/3298 4341/3299
f 4443/3287 4341/3299 4427/3288
f 4341/3299 4285/3298 4264/3300
f 4341/3299 4264/3300 4427/3288
f 4285/3298 4202/3297 4216/3301
f 4285/3298 4216/3301 4264/3300
f 4427/3288 4264/3300 4318/3302
f 4318/3302 4264/3300 4216/3301
f 4427/3288 4318/3302 4458/3271
f 4458/3271 4318/3302 4330/3303
f 4330/3303 4318/3302 4216/3301
f 4458/3271 4330/3303 4349/3263
f 4349/3263 4330/3303 4226/3304
f 4226/3304 4330/3303 4216/3301
f 4349/3263 4226/3304 3996/3254
f 3996/3254 4226/3304 4025/3305
f 4025/3305 4226/3304 4216/3301
f 3996/3254 4025/3305 3530/3251
f 4025/3305 4216/3301 4087/3306
f 4025/3305 4087/3306 3530/3251
f 4087/3306 4216/3301 4111/3307
f 3530/3251 4087/3306 3647/3308
f 3647/3308 4087/3306 4111/3307
f 4111/3307 4216/3301 4097/3309
f 4097/3309 4216/3301 4202/3297
f 3647/3308 4111/3307 3818/3310
f 3818/3310 4111/3307 4097/3309
f 3530/3251 3647/3308 3232/3311
f 3530/3251 3232/3311 3146/3240
f 3647/3308 3818/3310 3165/3312
f 3647/3308 3165/3312 3232/3311
f 4097/3309 4202/3297 4098/3313
f 4098/3313 4202/3297 4139/3295
f 3146/3240 3232/3311 3021/3314
f 3021/3314 3232/3311 3165/3312
f 3146/3240 3021/3314 2972/3232
f 2972/3232 3021/3314 45/3230
f 45/3230 3021/3314 2877/3315
f 2877/3315 3021/3314 3165/3312
f 45/3230 2877/3315 124/3231
f 2877/3315 3165/3312 3061/3316
f 3061/3316 3165/3312 3818/3310
f 124/3231 2877/3315 2844/3317
f 2844/3317 2877/3315 3061/3316
f 124/3231 2844/3317 156/3318
f 3061/3316 3818/3310 3405/3319
f 3405/3319 3818/3310 4097/3309
f 3405/3319 4097/3309 4098/3313
f 3061/3316 3405/3319 3005/3320
f 3061/3316 3005/3320 2844/3317
f 3405/3319 4098/3313 3678/3321
f 3405/3319 3678/3321 3005/3320
f 3678/3321 4098/3313 4139/3295
f 2844/3317 3005/3320 162/3322
f 2844/3317 162/3322 156/3318
f 3005/3320 3678/3321 3235/3323
f 3678/3321 4139/3295 3788/3324
f 3678/3321 3788/3324 3235/3323
f 3788/3324 4139/3295 4072/3296
f 3788/3324 4072/3296 3357/3325
f 3788/3324 3357/3325 3145/3326
f 3788/3324 3145/3326 3235/3323
f 3145/3326 3357/3325 2953/3327
f 3005/3320 3235/3323 2927/3328
f 2927/3328 3235/3323 3145/3326
f 3005/3320 2927/3328 162/3322
f 3145/3326 2953/3327 29/3329
f 3145/3326 29/3329 2927/3328
f 2927/3328 29/3329 162/3322
f 29/3329 2953/3327 163/3330
f 29/3329 163/3330 234/3331
f 29/3329 234/3331 162/3322
f 234/3331 163/3330 552/3332
f 162/3322 234/3331 538/3333
f 538/3333 234/3331 552/3332
f 162/3322 538/3333 671/3334
f 538/3333 552/3332 920/3335
f 920/3335 552/3332 849/3336
f 920/3335 849/3336 1158/3165
f 538/3333 920/3335 899/3337
f 538/3333 899/3337 671/3334
f 920/3335 1158/3165 1010/3338
f 920/3335 1010/3338 899/3337
f 1010/3338 1158/3165 1145/3167
f 899/3337 1010/3338 966/3339
f 966/3339 1010/3338 1145/3167
f 899/3337 966/3339 671/3334
f 966/3339 1145/3167 951/3213
f 966/3339 951/3213 671/3334
f 671/3334 951/3213 650/3219
f 671/3334 650/3219 437/3340
f 671/3334 437/3340 162/3322
f 437/3340 650/3219 124/3231
f 162/3322 437/3340 156/3318
f 156/3318 437/3340 124/3231
f 3844/3341 3162/3342 3373/3343
f 3844/3341 3373/3343 4130/3344
f 3373/3343 3162/3342 3064/3345
f 3064/3345 3162/3342 2861/3346
f 3064/3345 2861/3346 2961/3347
f 2961/3347 2861/3346 38/3348
f 3064/3345 2961/3347 3131/3349
f 3064/3345 3131/3349 3373/3343
f 3373/3343 3131/3349 3298/3350
f 3557/3351 4130/3344 3373/3343
f 3557/3351 3373/3343 3298/3350
f 4130/3344 3557/3351 4203/3352
f 4130/3344 4203/3352 4406/3353
f 3557/3351 3298/3350 3603/3354
f 4406/3353 4203/3352 4347/3355
f 4406/3353 4347/3355 4644/3356
f 4203/3352 3557/3351 3916/3357
f 3916/3357 3557/3351 3603/3354
f 4203/3352 3916/3357 4347/3355
f 3603/3354 3298/3350 3449/3358
f 3603/3354 3449/3358 3916/3357
f 3449/3358 3298/3350 3421/3359
f 4644/3356 4347/3355 4546/3360
f 3449/3358 3421/3359 3525/3361
f 3449/3358 3525/3361 3916/3357
f 3525/3361 3421/3359 3501/3362
f 4546/3360 4347/3355 4334/3363
f 4075/3364 4347/3355 3916/3357
f 4347/3355 4075/3364 4334/3363
f 4546/3360 4334/3363 4344/3365
f 4344/3365 4334/3363 4075/3364
f 4546/3360 4344/3365 4535/3366
f 4546/3360 4535/3366 4709/3367
f 4535/3366 4344/3365 4393/3368
f 3758/3369 3916/3357 3525/3361
f 3916/3357 3758/3369 4075/3364
f 4344/3365 4075/3364 4102/3370
f 4102/3370 4075/3364 3758/3369
f 4344/3365 4102/3370 4393/3368
f 3758/3369 3525/3361 3866/3371
f 3866/3371 3525/3361 3501/3362
f 3758/3369 3866/3371 4102/3370
f 3866/3371 3501/3362 3672/3372
f 3866/3371 3672/3372 3973/3373
f 3866/3371 3973/3373 4149/3374
f 4149/3374 3973/3373 4151/3375
f 4149/3374 4151/3375 4196/3376
f 4102/3370 3866/3371 4215/3377
f 4215/3377 3866/3371 4149/3374
f 4102/3370 4215/3377 4325/3378
f 4102/3370 4325/3378 4393/3368
f 4215/3377 4149/3374 4172/3379
f 4149/3374 4196/3376 4166/3380
f 4149/3374 4166/3380 4172/3379
f 4166/3380 4196/3376 4209/3381
f 4166/3380 4209/3381 4154/3382
f 4166/3380 4154/3382 4103/3383
f 4166/3380 4103/3383 4172/3379
f 4103/3383 4154/3382 4113/3384
f 4103/3383 4113/3384 4140/3385
f 4103/3383 4140/3385 4172/3379
f 4140/3385 4113/3384 4157/3386
f 4306/3387 4215/3377 4172/3379
f 4215/3377 4306/3387 4325/3378
f 4172/3379 4140/3385 4231/3388
f 4172/3379 4231/3388 4306/3387
f 4231/3388 4140/3385 4124/3389
f 4231/3388 4124/3389 4200/3390
f 4200/3390 4124/3389 4044/3391
f 4306/3387 4231/3388 4313/3392
f 4313/3392 4231/3388 4200/3390
f 4403/3393 4325/3378 4306/3387
f 4403/3393 4306/3387 4313/3392
f 4325/3378 4403/3393 4416/3394
f 4325/3378 4416/3394 4393/3368
f 4200/3390 4044/3391 4301/3395
f 4301/3395 4044/3391 3834/3396
f 4313/3392 4200/3390 4439/3397
f 4439/3397 4200/3390 4301/3395
f 4403/3393 4313/3392 4435/3398
f 4435/3398 4313/3392 4439/3397
f 4439/3397 4301/3395 4569/3399
f 4569/3399 4301/3395 4663/3400
f 4663/3400 4301/3395 4368/3401
f 4569/3399 4663/3400 4696/3402
f 4569/3399 4696/3402 4439/3397
f 4696/3402 4663/3400 4763/3403
f 4435/3398 4439/3397 4599/3404
f 4599/3404 4439/3397 4696/3402
f 4696/3402 4763/3403 4687/3405
f 4696/3402 4687/3405 4599/3404
f 4599/3404 4687/3405 4435/3398
f 4687/3405 4763/3403 4764/3406
f 4575/3407 4403/3393 4435/3398
f 4575/3407 4435/3398 4687/3405
f 4403/3393 4575/3407 4416/3394
f 4687/3405 4764/3406 4711/3408
f 4687/3405 4711/3408 4575/3407
f 4416/3394 4575/3407 4608/3409
f 4608/3409 4575/3407 4711/3408
f 4416/3394 4608/3409 4393/3368
f 4393/3368 4608/3409 4746/3410
f 4608/3409 4711/3408 4751/3411
f 4608/3409 4751/3411 4746/3410
f 4751/3411 4711/3408 4764/3406
f 4746/3410 4751/3411 4813/3412
f 4813/3412 4751/3411 4764/3406
f 3958/3413 3878/3414 3835/3415
f 3958/3413 3835/3415 3858/3416
f 3858/3416 3835/3415 3825/3417
f 3958/3413 3858/3416 3946/3418
f 3946/3418 3858/3416 3852/3419
f 3852/3419 3858/3416 3825/3417
f 3958/3413 3946/3418 3989/3420
f 3958/3413 3989/3420 3945/3421
f 3945/3421 3989/3420 3951/3422
f 3989/3420 3946/3418 3886/3423
f 3886/3423 3946/3418 3852/3419
f 3951/3422 3989/3420 3968/3424
f 3968/3424 3989/3420 3886/3423
f 3951/3422 3968/3424 3864/3425
f 3951/3422 3864/3425 3820/3426
f 3820/3426 3864/3425 3790/3427
f 3864/3425 3968/3424 3847/3428
f 3847/3428 3968/3424 3886/3423
f 3790/3427 3864/3425 3750/3429
f 3750/3429 3864/3425 3847/3428
f 3790/3427 3750/3429 3832/3430
f 3832/3430 3750/3429 3879/3431
f 3832/3430 3879/3431 3928/3432
f 3750/3429 3847/3428 3739/3433
f 3739/3433 3847/3428 3886/3423
f 3739/3433 3886/3423 3763/3434
f 3763/3434 3886/3423 3738/3435
f 3763/3434 3738/3435 3739/3433
f 3750/3429 3739/3433 3634/3436
f 3634/3436 3739/3433 3738/3435
f 3738/3435 3886/3423 3802/3437
f 3802/3437 3886/3423 3852/3419
f 3802/3437 3852/3419 3825/3417
f 3750/3429 3634/3436 3680/3438
f 3750/3429 3680/3438 3879/3431
f 3680/3438 3634/3436 3621/3439
f 3900/3440 3928/3432 3879/3431
f 3928/3432 3900/3440 3787/3441
f 3879/3431 3680/3438 3803/3442
f 3900/3440 3879/3431 3808/3443
f 3808/3443 3879/3431 3803/3442
f 3803/3442 3680/3438 3737/3444
f 3737/3444 3680/3438 3621/3439
f 3565/3445 3621/3439 3634/3436
f 3621/3439 3565/3445 3737/3444
f 3565/3445 3634/3436 3566/3446
f 3566/3446 3634/3436 3738/3435
f 3566/3446 3738/3435 3668/3447
f 3668/3447 3738/3435 3802/3437
f 3666/3448 3803/3442 3737/3444
f 3737/3444 3565/3445 3607/3449
f 3737/3444 3607/3449 3666/3448
f 3565/3445 3566/3446 3485/3450
f 3565/3445 3485/3450 3607/3449
f 3566/3446 3668/3447 3511/3451
f 3566/3446 3511/3451 3485/3450
f 3649/3452 3668/3447 3802/3437
f 3668/3447 3649/3452 3511/3451
f 3607/3449 3485/3450 3504/3453
f 3504/3453 3485/3450 3511/3451
f 3548/3454 3666/3448 3607/3449
f 3548/3454 3607/3449 3504/3453
f 3619/3455 3803/3442 3666/3448
f 3803/3442 3619/3455 3808/3443
f 3666/3448 3548/3454 3519/3456
f 3548/3454 3504/3453 3614/3457
f 3548/3454 3614/3457 3519/3456
f 3666/3448 3519/3456 3411/3458
f 3666/3448 3411/3458 3619/3455
f 3411/3458 3519/3456 3553/3459
f 3553/3459 3519/3456 3614/3457
f 3619/3455 3411/3458 3455/3460
f 3619/3455 3455/3460 3808/3443
f 3455/3460 3411/3458 3309/3461
f 3455/3460 3309/3461 3403/3462
f 3455/3460 3403/3462 3808/3443
f 3411/3458 3553/3459 3439/3463
f 3808/3443 3403/3462 3713/3464
f 3713/3464 3403/3462 3677/3465
f 3808/3443 3713/3464 3900/3440
f 3713/3464 3677/3465 3744/3466
f 3713/3464 3744/3466 3900/3440
f 3900/3440 3744/3466 3672/3467
f 3439/3463 3553/3459 3856/3468
f 3856/3468 3553/3459 3614/3457
f 3439/3463 3856/3468 4071/3469
f 4071/3469 3856/3468 4223/3470
f 3856/3468 3614/3457 4061/3471
f 4223/3470 3856/3468 4073/3472
f 4073/3472 3856/3468 4061/3471
f 4223/3470 4073/3472 4173/3473
f 4223/3470 4173/3473 4248/3474
f 4173/3473 4073/3472 4148/3475
f 4148/3475 4073/3472 4061/3471
f 4248/3474 4173/3473 4224/3476
f 4224/3476 4173/3473 4148/3475
f 4248/3474 4224/3476 4195/3477
f 4198/3478 4224/3476 4262/3479
f 4224/3476 4148/3475 4243/3480
f 4224/3476 4243/3480 4262/3479
f 4243/3480 4148/3475 4233/3481
f 4233/3481 4148/3475 4061/3471
f 4262/3479 4243/3480 4272/3482
f 4272/3482 4243/3480 4233/3481
f 4262/3479 4272/3482 4263/3483
f 4272/3482 4233/3481 4290/3484
f 4272/3482 4290/3484 4327/3485
f 4327/3485 4290/3484 4361/3486
f 4290/3484 4233/3481 4276/3487
f 4290/3484 4276/3487 4361/3486
f 4276/3487 4233/3481 4061/3471
f 4361/3486 4276/3487 4375/3488
f 4361/3486 4375/3488 4419/3489
f 4419/3489 4375/3488 4345/3490
f 4345/3490 4375/3488 4276/3487
f 4419/3489 4345/3490 4478/3491
f 4276/3487 4061/3471 4001/3492
f 4276/3487 4001/3492 4345/3490
f 4001/3492 4061/3471 3598/3493
f 3598/3493 4061/3471 3614/3457
f 4345/3490 4001/3492 4067/3494
f 4067/3494 4001/3492 3598/3493
f 4345/3490 4067/3494 4255/3495
f 4345/3490 4255/3495 4413/3496
f 4067/3494 3598/3493 3481/3497
f 3598/3493 3614/3457 3504/3453
f 3481/3497 3598/3493 3482/3498
f 3482/3498 3598/3493 3504/3453
f 3482/3498 3504/3453 3511/3451
f 3482/3498 3511/3451 3438/3499
f 3684/3500 3505/3501 3511/3451
f 3684/3500 3511/3451 3690/3502
f 3690/3502 3511/3451 3649/3452
f 3684/3500 3690/3502 3789/3503
f 3789/3503 3690/3502 3649/3452
f 3684/3500 3789/3503 3826/3504
f 3789/3503 3649/3452 3802/3437
f 3826/3504 3789/3503 3845/3505
f 3845/3505 3789/3503 3802/3437
f 3826/3504 3845/3505 3908/3506
f 3845/3505 3802/3437 3825/3417
f 3908/3506 3845/3505 3831/3507
f 3831/3507 3845/3505 3825/3417
f 3831/3507 3825/3417 3774/3508
f 3831/3507 3774/3508 3872/3509
f 3774/3508 3825/3417 3835/3415
f 3774/3508 3835/3415 3599/3510
f 3774/3508 3599/3510 3544/3511
f 3599/3510 3835/3415 3602/3512
f 3599/3510 3602/3512 3464/3513
f 3464/3513 3602/3512 3558/3514
f 4151/3515 4194/3516 4196/3517
f 4196/3517 4194/3516 4209/3518
f 4209/3518 4194/3516 4186/3519
f 4209/3518 4186/3519 4154/3520
f 4154/3520 4186/3519 4160/3521
f 4154/3520 4160/3521 4113/3522
f 4186/3519 4194/3516 4188/3523
f 4194/3516 4151/3515 4126/3524
f 4194/3516 4126/3524 4188/3523
f 4160/3521 4186/3519 4201/3525
f 4201/3525 4186/3519 4188/3523
f 4113/3522 4160/3521 4167/3526
f 4167/3526 4160/3521 4201/3525
f 4113/3522 4167/3526 4129/3527
f 4113/3522 4129/3527 4157/3528
f 4157/3528 4129/3527 4137/3529
f 4167/3526 4201/3525 4190/3530
f 4190/3530 4201/3525 4188/3523
f 4129/3527 4167/3526 4030/3531
f 4030/3531 4167/3526 4190/3530
f 4137/3529 4129/3527 4096/3532
f 4137/3529 4096/3532 4014/3533
f 4096/3532 4129/3527 3957/3534
f 3957/3534 4129/3527 4030/3531
f 4014/3533 4096/3532 3580/3535
f 3580/3535 4096/3532 3957/3534
f 4014/3533 3580/3535 3745/3536
f 3580/3535 3957/3534 3468/3537
f 3468/3537 3957/3534 4030/3531
f 3745/3536 3580/3535 3279/3538
f 3745/3536 3279/3538 3462/3539
f 3346/3540 3462/3539 3209/3541
f 3209/3541 3462/3539 3242/3542
f 3242/3542 3462/3539 3279/3538
f 3209/3541 3242/3542 3118/3543
f 3118/3543 3242/3542 3279/3538
f 3209/3541 3118/3543 2899/3544
s 0
f 2899/3544 3118/3543 2968/3545
f 2899/3544 2968/3545 53/3546
f 53/3546 2968/3545 2766/3547
s 1
f 2968/3545 3118/3543 3110/3548
f 3110/3548 3118/3543 3279/3538
f 2968/3545 3110/3548 3039/3549
f 2766/3547 2968/3545 2987/3550
f 2987/3550 2968/3545 3039/3549
f 3039/3549 3110/3548 3160/3551
f 3039/3549 3160/3551 2987/3550
f 3110/3548 3279/3538 3139/3552
f 3110/3548 3139/3552 3160/3551
f 3139/3552 3279/3538 3210/3553
f 3139/3552 3210/3553 3160/3551
f 2766/3547 2987/3550 2998/3554
s 0
f 2766/3547 2998/3554 2803/3555
s 1
f 3210/3553 3279/3538 3282/3556
f 3210/3553 3282/3556 3160/3551
f 3282/3556 3279/3538 3381/3557
f 3381/3557 3279/3538 3580/3535
f 3160/3551 3282/3556 3280/3558
f 3381/3557 3580/3535 3468/3537
f 3280/3558 3282/3556 3427/3559
f 3427/3559 3282/3556 3381/3557
f 3160/3551 3280/3558 3317/3560
f 3317/3560 3280/3558 3427/3559
f 3160/3551 3317/3560 3250/3561
f 3160/3551 3250/3561 2987/3550
f 3381/3557 3468/3537 3529/3562
f 3381/3557 3529/3562 3427/3559
f 2987/3550 3250/3561 3344/3563
f 2987/3550 3344/3563 2998/3554
f 2955/3564 2769/3565 2998/3554
f 2955/3564 2998/3554 3199/3566
f 3199/3566 2998/3554 3560/3567
f 3560/3567 2998/3554 3344/3563
f 3344/3563 3250/3561 4076/3568
f 3344/3563 4076/3568 3560/3567
f 4076/3568 3250/3561 3669/3569
f 3669/3569 3250/3561 3317/3560
f 3560/3567 4076/3568 4332/3570
f 3560/3567 4332/3570 3898/3571
f 4076/3568 3669/3569 4261/3572
f 4076/3568 4261/3572 4332/3570
f 3669/3569 3317/3560 3893/3573
f 3669/3569 3893/3573 4261/3572
f 3898/3571 4332/3570 4511/3574
f 3893/3573 3317/3560 3427/3559
f 4511/3574 4332/3570 4705/3575
f 4511/3574 4705/3575 4772/3576
f 4772/3576 4705/3575 4800/3577
f 4705/3575 4332/3570 4715/3578
f 4705/3575 4715/3578 4800/3577
f 4715/3578 4332/3570 4261/3572
f 4800/3577 4715/3578 4796/3579
f 3893/3573 3427/3559 3975/3580
f 3975/3580 3427/3559 3529/3562
f 4227/3581 4261/3572 3893/3573
f 4715/3578 4261/3572 4467/3582
f 4467/3582 4261/3572 4227/3581
f 4796/3579 4715/3578 4748/3583
f 4748/3583 4715/3578 4467/3582
f 4796/3579 4748/3583 4814/3584
f 4796/3579 4814/3584 4839/3585
f 4814/3584 4748/3583 4731/3586
f 4814/3584 4731/3586 4603/3587
f 4748/3583 4467/3582 4512/3588
f 4748/3583 4512/3588 4731/3586
f 4512/3588 4467/3582 4227/3581
f 4731/3586 4512/3588 4603/3587
f 4512/3588 4227/3581 4294/3589
f 4294/3589 4227/3581 3893/3573
f 4512/3588 4294/3589 4603/3587
f 4294/3589 3893/3573 3975/3580
f 4294/3589 3975/3580 4080/3590
f 4294/3589 4080/3590 4603/3587
f 4080/3590 3975/3580 3529/3562
f 4080/3590 3529/3562 3609/3591
f 3609/3591 3529/3562 3468/3537
f 3609/3591 3468/3537 3632/3592
f 3632/3592 3468/3537 4030/3531
f 4080/3590 3609/3591 3796/3593
f 3796/3593 3609/3591 3632/3592
f 4463/3594 4603/3587 4080/3590
f 3632/3592 4030/3531 3793/3595
f 4080/3590 3796/3593 4029/3596
f 4080/3590 4029/3596 4463/3594
f 3796/3593 3632/3592 3681/3597
f 3681/3597 3632/3592 3793/3595
f 3793/3595 4030/3531 4063/3598
f 4063/3598 4030/3531 4190/3530
f 4063/3598 4190/3530 4031/3599
f 4063/3598 4031/3599 3793/3595
f 4031/3599 4190/3530 4188/3523
f 3796/3593 3681/3597 3569/3600
f 3796/3593 3569/3600 4029/3596
f 3681/3597 3793/3595 3683/3601
f 3683/3601 3793/3595 4031/3599
f 4031/3599 4188/3523 3990/3602
f 4031/3599 3990/3602 3683/3601
f 3990/3602 4188/3523 3932/3603
f 3932/3603 4188/3523 4126/3524
f 3683/3601 3990/3602 3596/3604
f 3596/3604 3990/3602 3932/3603
f 3681/3597 3683/3601 3497/3605
f 3497/3605 3683/3601 3596/3604
f 3681/3597 3497/3605 3569/3600
f 3932/3603 4126/3524 3915/3606
f 3596/3604 3932/3603 3608/3607
f 3608/3607 3932/3603 3915/3606
f 3497/3605 3596/3604 3391/3608
f 3391/3608 3596/3604 3608/3607
f 3608/3607 3915/3606 3677/3609
f 3608/3607 3677/3609 3403/3610
f 3608/3607 3403/3610 3391/3608
f 3677/3609 3915/3606 3744/3611
f 3999/3612 3915/3606 4126/3524
f 3915/3606 3999/3612 3744/3611
f 3999/3612 4126/3524 4151/3515
f 3744/3611 3999/3612 3672/3613
f 3999/3612 4151/3515 3973/3614
f 3999/3612 3973/3614 3672/3613
f 3281/3615 3391/3608 3403/3610
f 3281/3615 3403/3610 3309/3616
f 3350/3617 3497/3605 3391/3608
f 3350/3617 3391/3608 3281/3615
f 3497/3605 3350/3617 3569/3600
f 3281/3615 3309/3616 3302/3618
f 3281/3615 3302/3618 3350/3617
f 3302/3618 3309/3616 3411/3619
f 3302/3618 3411/3619 3439/3620
f 3350/3617 3302/3618 3397/3621
f 3350/3617 3397/3621 3569/3600
f 3397/3621 3302/3618 3439/3620
f 3569/3600 3397/3621 3700/3622
f 3700/3622 3397/3621 3439/3620
f 3569/3600 3700/3622 4029/3596
f 3700/3622 3439/3620 4071/3623
f 4029/3596 3700/3622 4340/3624
f 4340/3624 3700/3622 4071/3623
f 4029/3596 4340/3624 4463/3594
f 4340/3624 4071/3623 4351/3625
f 4351/3625 4071/3623 4223/3626
f 4463/3594 4340/3624 4586/3627
f 4351/3625 4223/3626 4348/3628
f 4348/3628 4223/3626 4248/3629
f 4340/3624 4351/3625 4498/3630
f 4498/3630 4351/3625 4348/3628
f 4348/3628 4248/3629 4410/3631
f 4348/3628 4410/3631 4498/3630
f 4410/3631 4248/3629 4297/3632
f 4340/3624 4498/3630 4670/3633
f 4340/3624 4670/3633 4586/3627
f 4498/3630 4410/3631 4600/3634
f 4600/3634 4410/3631 4513/3635
f 4513/3635 4410/3631 4338/3636
f 4498/3630 4600/3634 4723/3637
f 4498/3630 4723/3637 4670/3633
f 4600/3634 4513/3635 4728/3638
f 4600/3634 4728/3638 4723/3637
f 4728/3638 4513/3635 4726/3639
f 4741/3640 4812/3641 4726/3639
f 4726/3639 4812/3641 4801/3642
f 4726/3639 4801/3642 4728/3638
f 4801/3642 4812/3641 4867/3643
f 4801/3642 4867/3643 4854/3644
f 4854/3644 4867/3643 4875/3645
f 4728/3638 4801/3642 4798/3646
f 4798/3646 4801/3642 4854/3644
f 4728/3638 4798/3646 4723/3637
f 4798/3646 4854/3644 4875/3645
f 4723/3637 4798/3646 4810/3647
f 4810/3647 4798/3646 4875/3645
f 4723/3637 4810/3647 4670/3633
f 4810/3647 4875/3645 4806/3648
f 4806/3648 4875/3645 4888/3649
f 4806/3648 4888/3649 4877/3650
f 4670/3633 4810/3647 4730/3651
f 4730/3651 4810/3647 4806/3648
f 4670/3633 4730/3651 4586/3627
f 4806/3648 4877/3650 4787/3652
f 4806/3648 4787/3652 4730/3651
f 4787/3652 4877/3650 4828/3653
f 4586/3627 4730/3651 4724/3654
f 4724/3654 4730/3651 4787/3652
f 4724/3654 4787/3652 4828/3653
f 4586/3627 4724/3654 4463/3594
f 4724/3654 4828/3653 4603/3587
f 4724/3654 4603/3587 4463/3594
f 3606/3655 3574/3656 3723/3657
f 3574/3656 3606/3655 3541/3658
f 3574/3656 3541/3658 3510/3659
f 3723/3657 3574/3656 3655/3660
f 3655/3660 3574/3656 3510/3659
f 3723/3657 3655/3660 3670/3661
f 3723/3657 3670/3661 3749/3662
f 3655/3660 3510/3659 3486/3663
f 3655/3660 3486/3663 3670/3661
f 3486/3663 3510/3659 3460/3664
f 3670/3661 3486/3663 3459/3665
f 3459/3665 3486/3663 3460/3664
f 3487/3666 3714/3667 3670/3661
f 3487/3666 3670/3661 3459/3665
f 3487/3666 3459/3665 3440/3668
f 3487/3666 3440/3668 3358/3669
f 3487/3666 3358/3669 3474/3670
f 3440/3668 3459/3665 3426/3671
f 3440/3668 3426/3671 3358/3669
f 3474/3670 3358/3669 3379/3672
f 3426/3671 3459/3665 3453/3673
f 3453/3673 3459/3665 3460/3664
f 3453/3673 3460/3664 3576/3674
f 3426/3671 3453/3673 3571/3675
f 3426/3671 3571/3675 3358/3669
f 3571/3675 3453/3673 3576/3674
f 3379/3672 3358/3669 3417/3676
f 3379/3672 3417/3676 3484/3677
f 3417/3676 3358/3669 3571/3675
f 3496/3678 3417/3676 3420/3679
f 3420/3679 3417/3676 3535/3680
f 3535/3680 3417/3676 3571/3675
f 3420/3679 3535/3680 3447/3681
f 3447/3681 3535/3680 3543/3682
f 3543/3682 3535/3680 3812/3683
f 3535/3680 3571/3675 3918/3684
f 3535/3680 3918/3684 3812/3683
f 4049/3685 3571/3675 3576/3674
f 3812/3683 3918/3684 4112/3686
f 3812/3683 4112/3686 4255/3687
f 3918/3684 3571/3675 3955/3688
f 3955/3688 3571/3675 4049/3685
f 4255/3687 4112/3686 4356/3689
f 4255/3687 4356/3689 4413/3690
f 4112/3686 3918/3684 4254/3691
f 3918/3684 3955/3688 4185/3692
f 3918/3684 4185/3692 4254/3691
f 4112/3686 4254/3691 4376/3693
f 4112/3686 4376/3693 4356/3689
f 4376/3693 4254/3691 4460/3694
f 4413/3690 4356/3689 4462/3695
f 4413/3690 4462/3695 4478/3696
f 4413/3690 4478/3696 4345/3697
f 4462/3695 4356/3689 4441/3698
f 4356/3689 4376/3693 4437/3699
f 4356/3689 4437/3699 4441/3698
f 4437/3699 4376/3693 4485/3700
f 4485/3700 4376/3693 4460/3694
f 4441/3698 4437/3699 4497/3701
f 4497/3701 4437/3699 4485/3700
f 4462/3695 4441/3698 4472/3702
f 4462/3695 4472/3702 4478/3696
f 4441/3698 4497/3701 4449/3703
f 4441/3698 4449/3703 4472/3702
f 4497/3701 4485/3700 4486/3704
f 4486/3704 4485/3700 4460/3694
f 4449/3703 4497/3701 4494/3705
f 4494/3705 4497/3701 4486/3704
f 4449/3703 4494/3705 4398/3706
f 4449/3703 4398/3706 4401/3707
f 4449/3703 4401/3707 4472/3702
f 4398/3706 4494/3705 4353/3708
f 4494/3705 4486/3704 4456/3709
f 4494/3705 4456/3709 4353/3708
f 4401/3707 4398/3706 4281/3710
f 4281/3710 4398/3706 4353/3708
f 4401/3707 4281/3710 4342/3711
f 4281/3710 4353/3708 4106/3712
f 4281/3710 4106/3712 4342/3711
f 4401/3707 4342/3711 4455/3713
f 4401/3707 4455/3713 4472/3702
f 4339/3714 4353/3708 4456/3709
f 4106/3712 4353/3708 4147/3715
f 4147/3715 4353/3708 4339/3714
f 4342/3711 4106/3712 4176/3716
f 4455/3713 4342/3711 4365/3717
f 4365/3717 4342/3711 4176/3716
f 4472/3702 4455/3713 4466/3718
f 4466/3718 4455/3713 4365/3717
f 4176/3716 4106/3712 3880/3719
f 3880/3719 4106/3712 4147/3715
f 4466/3718 4365/3717 4395/3720
f 4395/3720 4365/3717 4352/3721
f 4466/3718 4395/3720 4405/3722
f 4405/3722 4395/3720 4385/3723
f 4405/3722 4385/3723 4418/3724
f 4466/3718 4405/3722 4483/3725
f 4483/3725 4405/3722 4418/3724
f 4466/3718 4483/3725 4472/3702
f 4472/3702 4483/3725 4480/3726
f 4480/3726 4483/3725 4418/3724
f 4472/3702 4480/3726 4478/3696
f 4478/3696 4480/3726 4419/3727
f 4419/3727 4480/3726 4418/3724
f 4419/3727 4418/3724 4361/3728
f 4221/3729 4365/3717 4178/3730
f 4178/3730 4365/3717 4131/3731
f 4131/3731 4365/3717 4176/3716
f 4178/3730 4131/3731 3890/3732
f 4178/3730 3890/3732 3824/3733
f 4131/3731 4176/3716 3949/3734
f 4131/3731 3949/3734 3890/3732
f 3824/3733 3890/3732 3679/3735
f 3949/3734 4176/3716 3880/3719
f 3890/3732 3949/3734 3702/3736
f 3679/3735 3890/3732 3736/3737
f 3736/3737 3890/3732 3702/3736
f 3679/3735 3736/3737 3754/3738
f 3679/3735 3754/3738 3675/3739
f 3675/3739 3754/3738 3876/3740
f 3754/3738 3736/3737 3728/3741
f 3754/3738 3728/3741 3876/3740
f 3728/3741 3736/3737 3625/3742
f 3625/3742 3736/3737 3702/3736
f 3876/3740 3728/3741 3912/3743
f 3954/3744 3876/3740 3993/3745
f 3993/3745 3876/3740 3912/3743
f 3728/3741 3625/3742 3676/3746
f 3728/3741 3676/3746 3912/3743
f 3625/3742 3702/3736 3516/3747
f 3625/3742 3516/3747 3676/3746
f 3516/3747 3702/3736 3534/3748
f 3993/3745 3912/3743 4035/3749
f 3993/3745 4035/3749 4041/3750
f 3534/3748 3702/3736 3682/3751
f 3682/3751 3702/3736 3949/3734
f 3516/3747 3534/3748 3588/3752
f 3588/3752 3534/3748 3682/3751
f 4041/3750 4035/3749 4033/3753
f 4041/3750 4033/3753 3978/3754
f 3521/3755 3676/3746 3516/3747
f 3521/3755 3516/3747 3588/3752
f 3676/3746 3521/3755 3806/3756
f 3676/3746 3806/3756 3912/3743
f 3521/3755 3588/3752 3786/3757
f 3521/3755 3786/3757 3806/3756
f 3912/3743 3806/3756 3894/3758
f 3912/3743 3894/3758 4035/3749
f 3806/3756 3786/3757 3961/3759
f 3806/3756 3961/3759 3894/3758
f 4035/3749 3894/3758 3934/3760
f 4035/3749 3934/3760 4033/3753
f 3934/3760 3894/3758 3961/3759
f 4033/3753 3934/3760 3963/3761
f 3963/3761 3934/3760 3961/3759
f 4033/3753 3963/3761 4005/3762
f 4033/3753 4005/3762 4021/3763
f 3963/3761 3961/3759 3997/3764
f 4005/3762 3963/3761 3983/3765
f 3983/3765 3963/3761 3997/3764
f 4005/3762 3983/3765 4032/3766
f 4005/3762 4032/3766 3984/3767
f 3983/3765 3997/3764 4053/3768
f 3997/3764 3961/3759 3959/3769
f 3997/3764 3959/3769 4053/3768
f 3959/3769 3961/3759 3926/3770
f 3926/3770 3961/3759 3786/3757
f 3926/3770 3786/3757 3888/3771
f 3888/3771 3786/3757 3588/3752
f 3926/3770 3888/3771 3906/3772
f 3926/3770 3906/3772 3959/3769
f 3888/3771 3588/3752 3781/3773
f 3888/3771 3781/3773 3906/3772
f 3781/3773 3588/3752 3682/3751
f 3906/3772 3781/3773 3877/3774
f 3781/3773 3682/3751 3741/3775
f 3781/3773 3741/3775 3877/3774
f 3906/3772 3877/3774 3857/3776
f 3857/3776 3877/3774 3741/3775
f 3911/3777 3959/3769 3906/3772
f 3911/3777 3906/3772 3857/3776
f 3959/3769 3911/3777 3966/3778
f 3911/3777 3857/3776 3838/3779
f 3911/3777 3838/3779 3966/3778
f 3857/3776 3741/3775 3725/3780
f 3725/3780 3741/3775 3682/3751
f 3857/3776 3725/3780 3724/3781
f 3857/3776 3724/3781 3838/3779
f 3725/3780 3682/3751 3880/3719
f 3880/3719 3682/3751 3949/3734
f 3724/3781 3725/3780 3718/3782
f 3718/3782 3725/3780 3880/3719
f 3838/3779 3724/3781 3615/3783
f 3615/3783 3724/3781 3718/3782
f 3718/3782 3880/3719 3833/3784
f 3833/3784 3880/3719 4147/3715
f 3718/3782 3833/3784 3627/3785
f 3718/3782 3627/3785 3615/3783
f 3833/3784 4147/3715 4022/3786
f 3833/3784 4022/3786 3627/3785
f 4022/3786 4147/3715 4205/3787
f 4205/3787 4147/3715 4339/3714
f 4022/3786 4205/3787 4079/3788
f 4205/3787 4339/3714 4211/3789
f 4205/3787 4211/3789 4079/3788
f 4022/3786 4079/3788 3881/3790
f 4022/3786 3881/3790 3627/3785
f 3881/3790 4079/3788 3995/3791
f 3627/3785 3881/3790 3643/3792
f 3995/3791 4079/3788 4121/3793
f 4121/3793 4079/3788 4211/3789
f 3881/3790 3995/3791 3777/3794
f 3881/3790 3777/3794 3643/3792
f 3995/3791 4121/3793 4213/3795
f 3627/3785 3643/3792 3502/3796
f 3995/3791 4213/3795 4152/3797
f 3995/3791 4152/3797 3777/3794
f 3627/3785 3502/3796 3454/3798
f 3627/3785 3454/3798 3615/3783
f 3502/3796 3643/3792 3465/3799
f 3502/3796 3465/3799 3454/3798
f 3615/3783 3454/3798 3451/3800
f 3451/3800 3454/3798 3465/3799
f 3615/3783 3451/3800 3592/3801
f 3615/3783 3592/3801 3838/3779
f 3451/3800 3465/3799 3493/3802
f 3451/3800 3493/3802 3592/3801
f 3838/3779 3592/3801 3941/3803
f 3592/3801 3493/3802 3794/3804
f 3592/3801 3794/3804 3941/3803
f 3493/3802 3465/3799 3570/3805
f 3493/3802 3570/3805 3794/3804
f 3570/3805 3465/3799 3640/3806
f 3640/3806 3465/3799 3643/3792
f 3794/3804 3570/3805 3756/3807
f 3756/3807 3570/3805 3640/3806
f 3640/3806 3643/3792 3671/3808
f 3671/3808 3643/3792 3777/3794
f 3756/3807 3640/3806 3685/3809
f 3685/3809 3640/3806 3671/3808
f 3671/3808 3777/3794 3691/3810
f 3671/3808 3691/3810 3685/3809
f 3691/3810 3777/3794 3767/3811
f 3685/3809 3691/3810 3710/3812
f 3767/3811 3777/3794 3938/3813
f 3938/3813 3777/3794 4152/3797
f 3685/3809 3710/3812 3732/3814
f 3938/3813 4152/3797 4270/3815
f 3938/3813 4270/3815 4225/3816
f 4225/3816 4270/3815 4307/3817
f 4270/3815 4152/3797 4296/3818
f 4307/3817 4270/3815 4322/3819
f 4322/3819 4270/3815 4296/3818
f 4307/3817 4322/3819 4321/3820
f 4296/3818 4152/3797 4213/3795
f 4321/3820 4322/3819 4289/3821
f 4321/3820 4289/3821 4271/3822
f 4322/3819 4296/3818 4288/3823
f 4322/3819 4288/3823 4289/3821
f 4296/3818 4213/3795 4249/3824
f 4296/3818 4249/3824 4288/3823
f 4249/3824 4213/3795 4121/3793
f 4271/3822 4289/3821 4282/3825
f 4282/3825 4289/3821 4288/3823
f 4271/3822 4282/3825 4259/3826
f 4259/3826 4282/3825 4293/3827
f 4249/3824 4121/3793 4193/3828
f 4193/3828 4121/3793 4211/3789
f 4257/3829 4288/3823 4249/3824
f 4257/3829 4249/3824 4193/3828
f 4193/3828 4211/3789 4192/3830
f 4193/3828 4192/3830 4257/3829
f 4279/3831 4282/3825 4288/3823
f 4279/3831 4288/3823 4257/3829
f 4303/3832 4293/3827 4282/3825
f 4303/3832 4282/3825 4279/3831
f 4310/3833 4295/3834 4293/3827
f 4310/3833 4293/3827 4303/3832
f 4279/3831 4257/3829 4256/3835
f 4279/3831 4256/3835 4303/3832
f 4256/3835 4257/3829 4135/3836
f 4135/3836 4257/3829 4192/3830
f 4303/3832 4256/3835 4049/3685
f 4049/3685 4256/3835 4135/3836
f 4310/3833 4303/3832 4218/3837
f 4218/3837 4303/3832 4049/3685
f 4310/3833 4218/3837 4244/3838
f 4244/3838 4218/3837 3953/3839
f 3953/3839 4218/3837 3576/3674
f 3576/3674 4218/3837 4049/3685
f 4049/3685 4135/3836 3955/3688
f 3955/3688 4135/3836 4088/3840
f 4088/3840 4135/3836 4192/3830
f 3955/3688 4088/3840 4185/3692
f 4185/3692 4088/3840 4192/3830
f 4185/3692 4192/3830 4308/3841
f 4308/3841 4192/3830 4211/3789
f 4308/3841 4211/3789 4339/3714
f 4185/3692 4308/3841 4366/3842
f 4185/3692 4366/3842 4254/3691
f 4254/3691 4366/3842 4460/3694
f 4460/3694 4366/3842 4453/3843
f 4453/3843 4366/3842 4308/3841
f 4460/3694 4453/3843 4486/3704
f 4308/3841 4339/3714 4433/3844
f 4308/3841 4433/3844 4453/3843
f 4453/3843 4433/3844 4486/3704
f 4433/3844 4339/3714 4456/3709
f 4433/3844 4456/3709 4486/3704
f 4814/3845 4603/3846 4828/3847
f 4814/3845 4828/3847 4845/3848
f 4845/3848 4828/3847 4877/3849
f 4814/3845 4845/3848 4839/3850
f 4845/3848 4877/3849 4863/3851
f 4863/3851 4877/3849 4888/3852
f 4839/3850 4845/3848 4850/3853
f 4850/3853 4845/3848 4863/3851
f 4863/3851 4888/3852 4862/3854
f 4863/3851 4862/3854 4850/3853
f 4862/3854 4888/3852 4875/3855
f 4839/3850 4850/3853 4836/3856
f 4839/3850 4836/3856 4796/3857
f 4796/3857 4836/3856 4800/3858
f 4862/3854 4875/3855 4866/3859
f 4862/3854 4866/3859 4850/3853
f 4866/3859 4875/3855 4885/3860
f 4885/3860 4875/3855 4867/3861
f 4850/3853 4866/3859 4855/3862
f 4850/3853 4855/3862 4836/3856
f 4866/3859 4885/3860 4894/3863
f 4866/3859 4894/3863 4855/3862
f 4885/3860 4867/3861 4868/3864
f 4885/3860 4868/3864 4894/3863
f 4868/3864 4867/3861 4812/3865
f 4868/3864 4812/3865 4804/3866
f 4894/3863 4868/3864 4876/3867
f 4876/3867 4868/3864 4804/3866
f 4894/3863 4876/3867 4855/3862
f 4876/3867 4804/3866 4803/3868
f 4819/3869 4836/3856 4855/3862
f 4836/3856 4819/3869 4800/3858
f 4800/3858 4819/3869 4772/3870
f 4819/3869 4855/3862 4786/3871
f 4819/3869 4786/3871 4772/3870
f 4855/3862 4876/3867 4833/3872
f 4833/3872 4876/3867 4803/3868
f 4855/3862 4833/3872 4786/3871
f 4741/3873 4712/3874 4803/3868
f 4803/3868 4712/3874 4739/3875
f 4803/3868 4739/3875 4833/3872
f 4833/3872 4739/3875 4759/3876
f 4833/3872 4759/3876 4786/3871
f 4759/3876 4739/3875 4646/3877
f 4720/3878 4772/3870 4786/3871
f 4720/3878 4786/3871 4759/3876
f 4720/3878 4759/3876 4646/3877
f 4772/3870 4720/3878 4511/3879
f 4511/3879 4720/3878 4646/3877
f 4361/3880 4385/3881 4362/3882
f 4385/3881 4361/3880 4418/3883
f 4361/3880 4362/3882 4327/3884
f 4327/3884 4362/3882 4323/3885
f 4327/3884 4323/3885 4272/3886
f 4362/3882 4385/3881 4352/3887
f 4362/3882 4352/3887 4323/3885
f 4352/3887 4385/3881 4395/3888
f 4272/3886 4323/3885 4268/3889
f 4323/3885 4352/3887 4275/3890
f 4323/3885 4275/3890 4268/3889
f 4275/3890 4352/3887 4221/3891
f 4221/3891 4352/3887 4365/3892
f 4275/3890 4221/3891 4117/3893
f 4275/3890 4117/3893 4268/3889
f 4117/3893 4221/3891 4178/3894
f 4272/3886 4268/3889 4263/3895
f 4117/3893 4178/3894 3824/3896
f 4263/3895 4268/3889 4204/3897
f 4263/3895 4204/3897 4198/3898
f 4263/3895 4198/3898 4262/3899
f 4204/3897 4268/3889 4060/3900
f 4060/3900 4268/3889 4117/3893
f 4198/3898 4204/3897 4122/3901
f 4122/3901 4204/3897 4060/3900
f 4198/3898 4122/3901 4195/3902
f 4198/3898 4195/3902 4224/3903
f 4060/3900 4117/3893 3837/3904
f 3837/3904 4117/3893 3824/3896
f 4122/3901 4060/3900 4024/3905
f 4024/3905 4060/3900 3837/3904
f 4195/3902 4122/3901 4158/3906
f 4158/3906 4122/3901 4024/3905
f 4195/3902 4158/3906 4297/3907
f 4195/3902 4297/3907 4248/3908
f 4158/3906 4024/3905 4141/3909
f 4158/3906 4141/3909 4297/3907
f 4297/3907 4141/3909 4338/3910
f 4297/3907 4338/3910 4410/3911
f 4141/3909 4024/3905 3692/3912
f 3692/3912 4024/3905 3837/3904
f 3692/3912 3837/3904 3674/3913
f 3692/3912 3674/3913 3582/3914
f 3582/3914 3674/3913 3644/3915
f 3674/3913 3837/3904 3721/3916
f 3644/3915 3674/3913 3755/3917
f 3644/3915 3755/3917 3729/3918
f 3674/3913 3721/3916 3830/3919
f 3674/3913 3830/3919 3755/3917
f 3721/3916 3837/3904 3701/3920
f 3721/3916 3701/3920 3830/3919
f 3701/3920 3837/3904 3824/3896
f 3701/3920 3824/3896 3679/3921
f 3729/3918 3755/3917 3921/3922
f 3921/3922 3755/3917 3830/3919
f 3701/3920 3679/3921 3587/3923
f 3587/3923 3679/3921 3675/3924
f 3587/3923 3675/3924 3637/3925
f 3637/3925 3675/3924 3876/3926
f 3701/3920 3587/3923 3636/3927
f 3636/3927 3587/3923 3637/3925
f 3701/3920 3636/3927 3734/3928
f 3701/3920 3734/3928 3830/3919
f 3734/3928 3636/3927 3840/3929
f 3840/3929 3636/3927 3637/3925
f 3734/3928 3840/3929 3830/3919
f 3637/3925 3876/3926 3896/3930
f 3637/3925 3896/3930 3840/3929
f 3896/3930 3876/3926 3954/3931
f 3896/3930 3954/3931 4074/3932
f 4074/3932 3954/3931 3993/3933
f 4074/3932 3993/3933 4041/3934
f 3896/3930 4074/3932 4056/3935
f 3840/3929 3896/3930 3940/3936
f 3940/3936 3896/3930 4056/3935
f 3840/3929 3940/3936 3830/3919
f 4056/3935 4074/3932 4062/3937
f 4056/3935 4062/3937 3940/3936
f 4074/3932 4041/3934 4016/3938
f 4074/3932 4016/3938 4062/3937
f 4016/3938 4041/3934 3978/3939
f 4062/3937 4016/3938 3970/3940
f 3970/3940 4016/3938 3978/3939
f 3940/3936 4062/3937 3967/3941
f 3940/3936 3967/3941 3830/3919
f 3967/3941 4062/3937 3970/3940
f 3830/3919 3967/3941 3982/3942
f 3982/3942 3967/3941 3970/3940
f 3830/3919 3982/3942 3921/3922
f 3970/3940 3978/3939 4021/3943
f 4021/3943 3978/3939 4033/3944
f 3982/3942 3970/3940 4036/3945
f 4036/3945 3970/3940 4021/3943
f 3921/3922 3982/3942 4018/3946
f 4018/3946 3982/3942 4036/3945
f 4036/3945 4021/3943 4003/3947
f 4036/3945 4003/3947 4018/3946
f 4003/3947 4021/3943 3998/3948
f 3998/3948 4021/3943 3984/3949
f 3984/3949 4021/3943 4005/3950
f 4018/3946 4003/3947 4043/3951
f 4018/3946 4043/3951 4004/3952
f 4018/3946 4004/3952 3948/3953
f 4018/3946 3948/3953 3921/3922
f 3921/3922 3948/3953 3839/3954
f 3921/3922 3839/3954 3729/3918
f 3839/3954 3948/3953 3811/3955
f 3729/3918 3839/3954 3624/3956
f 3839/3954 3811/3955 3823/3957
f 3624/3956 3839/3954 3742/3958
f 3742/3958 3839/3954 3823/3957
f 2875/3959 2986/3960 3278/3961
f 2875/3959 3278/3961 3255/3962
f 2875/3959 3255/3962 2893/3963
f 3278/3961 2986/3960 3328/3964
f 2893/3963 3255/3962 3266/3965
f 2893/3963 3266/3965 2900/3966
f 3255/3962 3278/3961 3526/3967
f 3526/3967 3278/3961 3328/3964
f 3266/3965 3255/3962 3545/3968
f 3545/3968 3255/3962 3526/3967
f 2900/3966 3266/3965 3104/3969
f 2900/3966 3104/3969 2963/3970
f 3072/3971 3328/3964 2986/3960
f 3072/3971 2986/3960 2755/3972
f 3328/3964 3072/3971 3332/3973
f 3536/3974 3526/3967 3328/3964
f 3536/3974 3328/3964 3332/3973
f 3526/3967 3536/3974 3663/3975
f 3526/3967 3663/3975 3545/3968
f 3663/3975 3536/3974 3703/3976
f 3545/3968 3663/3975 3813/3977
f 3813/3977 3663/3975 3703/3976
f 3545/3968 3813/3977 3785/3978
f 3353/3979 3266/3965 3545/3968
f 3353/3979 3545/3968 3785/3978
f 3266/3965 3353/3979 3104/3969
f 3703/3976 3536/3974 3556/3980
f 3556/3980 3536/3974 3332/3973
f 3813/3977 3703/3976 3943/3981
f 3813/3977 3943/3981 3986/3982
f 3813/3977 3986/3982 3785/3978
f 3943/3981 3703/3976 3985/3983
f 3943/3981 3985/3983 3986/3982
f 3703/3976 3556/3980 3695/3984
f 3703/3976 3695/3984 3985/3983
f 3556/3980 3332/3973 3396/3985
f 3556/3980 3396/3985 3695/3984
f 3396/3985 3332/3973 3256/3986
f 3256/3986 3332/3973 3113/3987
f 3113/3987 3332/3973 3072/3971
f 3396/3985 3256/3986 3316/3988
f 3316/3988 3256/3986 3113/3987
f 3113/3987 3072/3971 2939/3989
f 2939/3989 3072/3971 2797/3990
f 3113/3987 2939/3989 3111/3991
f 3113/3987 3111/3991 3316/3988
f 3111/3991 2939/3989 2890/3992
f 3111/3991 2890/3992 3077/3993
f 3111/3991 3077/3993 3316/3988
f 3419/3994 3396/3985 3316/3988
f 3396/3985 3419/3994 3695/3984
f 3316/3988 3077/3993 3360/3995
f 3419/3994 3316/3988 3461/3996
f 3461/3996 3316/3988 3360/3995
f 3419/3994 3461/3996 3540/3997
f 3419/3994 3540/3997 3695/3984
f 3695/3984 3540/3997 3947/3998
f 3695/3984 3947/3998 3985/3983
f 3360/3995 3077/3993 3372/3999
f 3461/3996 3360/3995 3506/4000
f 3506/4000 3360/3995 3372/3999
f 3540/3997 3461/3996 3743/4001
f 3743/4001 3461/3996 3506/4000
f 3947/3998 3540/3997 3924/4002
f 3924/4002 3540/3997 3743/4001
f 4090/4003 3985/3983 3947/3998
f 4090/4003 3947/3998 3924/4002
f 3985/3983 4090/4003 4132/4004
f 3985/3983 4132/4004 4123/4005
f 3985/3983 4123/4005 3986/3982
f 4132/4004 4090/4003 4084/4006
f 4132/4004 4084/4006 4123/4005
f 4090/4003 3924/4002 4051/4007
f 4090/4003 4051/4007 4084/4006
f 3952/4008 3924/4002 3743/4001
f 3924/4002 3952/4008 4051/4007
f 3697/4009 3743/4001 3506/4000
f 3743/4001 3697/4009 3952/4008
f 3697/4009 3506/4000 3514/4010
f 3514/4010 3506/4000 3372/3999
f 3952/4008 3697/4009 3917/4011
f 3514/4010 3372/3999 3518/4012
f 3514/4010 3518/4012 3697/4009
f 3697/4009 3518/4012 3720/4013
f 3697/4009 3720/4013 3917/4011
f 3518/4012 3372/3999 3471/4014
f 3518/4012 3471/4014 3561/4015
f 3518/4012 3561/4015 3720/4013
f 3471/4014 3372/3999 3122/4016
f 3122/4016 3372/3999 3077/3993
f 3122/4016 3077/3993 2846/4017
f 3122/4016 2846/4017 2950/4018
f 3471/4014 3122/4016 3333/4019
f 3471/4014 3333/4019 3561/4015
f 3122/4016 2950/4018 3016/4020
f 3016/4020 2950/4018 2964/4021
f 3016/4020 2964/4021 3036/4022
f 3036/4022 2964/4021 2981/4023
f 3122/4016 3016/4020 3218/4024
f 3218/4024 3016/4020 3036/4022
f 3122/4016 3218/4024 3333/4019
f 3218/4024 3036/4022 3141/4025
f 3218/4024 3141/4025 3252/4026
f 3252/4026 3141/4025 3345/4027
f 3333/4019 3218/4024 3402/4028
f 3402/4028 3218/4024 3252/4026
f 3402/4028 3252/4026 3345/4027
f 3333/4019 3402/4028 3561/4015
f 3402/4028 3345/4027 3480/4029
f 3561/4015 3402/4028 3648/4030
f 3648/4030 3402/4028 3480/4029
f 3648/4030 3480/4029 3652/4031
f 3561/4015 3648/4030 3720/4013
f 3648/4030 3652/4031 3795/4032
f 3648/4030 3795/4032 3720/4013
f 3720/4013 3795/4032 3865/4033
f 3720/4013 3865/4033 3917/4011
f 3865/4033 3795/4032 3867/4034
f 3867/4034 3795/4032 3895/4035
f 3867/4034 3895/4035 4133/4036
f 3865/4033 3867/4034 4134/4037
f 4134/4037 3867/4034 4133/4036
f 3917/4011 3865/4033 4007/4038
f 4007/4038 3865/4033 4134/4037
f 4134/4037 4133/4036 4363/4039
f 4363/4039 4133/4036 4374/4040
f 4134/4037 4363/4039 4350/4041
f 4134/4037 4350/4041 4239/4042
f 4134/4037 4239/4042 4007/4038
f 4239/4042 4350/4041 4359/4043
f 3917/4011 4007/4038 4107/4044
f 4107/4044 4007/4038 4239/4042
f 4239/4042 4359/4043 4302/4045
f 4239/4042 4302/4045 4107/4044
f 4302/4045 4359/4043 4390/4046
f 3917/4011 4107/4044 4040/4047
f 3917/4011 4040/4047 3952/4008
f 4107/4044 4302/4045 4175/4048
f 4107/4044 4175/4048 4040/4047
f 4302/4045 4390/4046 4337/4049
f 4302/4045 4337/4049 4175/4048
f 4337/4049 4390/4046 4411/4050
f 3952/4008 4040/4047 4128/4051
f 4128/4051 4040/4047 4175/4048
f 4337/4049 4411/4050 4372/4052
f 4337/4049 4372/4052 4175/4048
f 4175/4048 4372/4052 4128/4051
f 4372/4052 4411/4050 4424/4053
f 4372/4052 4424/4053 4329/4054
f 4372/4052 4329/4054 4128/4051
f 4329/4054 4424/4053 4431/4055
f 4051/4007 3952/4008 4128/4051
f 4128/4051 4329/4054 4208/4056
f 4208/4056 4329/4054 4146/4057
f 4208/4056 4146/4057 4128/4051
f 4146/4057 4329/4054 4431/4055
f 4128/4051 4146/4057 4051/4007
f 4051/4007 4146/4057 4105/4058
f 4146/4057 4431/4055 4314/4059
f 4146/4057 4314/4059 4105/4058
f 4314/4059 4431/4055 4491/4060
f 4051/4007 4105/4058 4109/4061
f 4109/4061 4105/4058 4314/4059
f 4051/4007 4109/4061 4084/4006
f 4314/4059 4491/4060 4283/4062
f 4314/4059 4283/4062 4109/4061
f 4283/4062 4491/4060 4438/4063
f 4084/4006 4109/4061 4108/4064
f 4438/4063 4491/4060 4473/4065
f 4473/4065 4491/4060 4543/4066
f 4084/4006 4108/4064 4123/4005
f 4473/4065 4543/4066 4538/4067
f 4283/4062 4438/4063 4299/4068
f 4299/4068 4438/4063 4473/4065
f 4473/4065 4538/4067 4475/4069
f 4283/4062 4299/4068 4078/4070
f 4283/4062 4078/4070 4109/4061
f 4109/4061 4078/4070 4108/4064
f 4299/4068 4473/4065 4371/4071
f 4371/4071 4473/4065 4475/4069
f 4475/4069 4538/4067 4488/4072
f 4475/4069 4488/4072 4371/4071
f 4488/4072 4538/4067 4549/4073
f 4299/4068 4371/4071 4210/4074
f 4210/4074 4371/4071 4488/4072
f 4299/4068 4210/4074 4078/4070
f 4488/4072 4549/4073 4544/4075
f 3977/4076 4108/4064 4078/4070
f 4210/4074 4488/4072 4247/4077
f 4108/4064 3977/4076 3979/4078
f 4108/4064 3979/4078 4123/4005
f 3977/4076 4078/4070 3601/4079
f 3977/4076 3601/4079 3979/4078
f 3707/4080 4078/4070 4210/4074
f 3707/4080 4210/4074 4247/4077
f 4078/4070 3707/4080 3601/4079
f 4123/4005 3979/4078 3936/4081
f 4123/4005 3936/4081 3986/3982
f 3986/3982 3936/4081 3785/3978
f 3936/4081 3979/4078 3661/4082
f 3661/4082 3979/4078 3601/4079
f 3785/3978 3936/4081 3579/4083
f 3579/4083 3936/4081 3661/4082
f 3785/3978 3579/4083 3578/4084
f 3785/3978 3578/4084 3353/3979
f 3578/4084 3579/4083 3352/4085
f 3578/4084 3352/4085 3353/3979
f 3353/3979 3352/4085 3224/4086
f 3352/4085 3579/4083 3398/4087
f 3353/3979 3224/4086 3104/3969
f 3579/4083 3661/4082 3508/4088
f 3579/4083 3508/4088 3398/4087
f 3508/4088 3661/4082 3509/4089
f 3509/4089 3661/4082 3601/4079
f 3398/4087 3508/4088 3422/4090
f 3422/4090 3508/4088 3515/4091
f 3515/4091 3508/4088 3509/4089
f 3515/4091 3509/4089 3539/4092
f 3509/4089 3601/4079 3532/4093
f 3509/4089 3532/4093 3539/4092
f 3532/4093 3601/4079 3707/4080
f 3398/4087 3422/4090 3337/4094
f 3398/4087 3337/4094 3352/4085
f 3337/4094 3422/4090 3343/4095
f 3352/4085 3337/4094 3224/4086
f 3337/4094 3343/4095 3288/4096
f 3337/4094 3288/4096 3224/4086
f 3288/4096 3343/4095 3271/4097
f 3288/4096 3271/4097 3202/4098
f 3288/4096 3202/4098 3224/4086
f 3224/4086 3202/4098 3157/4099
f 3224/4086 3157/4099 3104/3969
f 3157/4099 3202/4098 3107/4100
f 3157/4099 3107/4100 3104/3969
f 3107/4100 3202/4098 3127/4101
f 3107/4100 3127/4101 3082/4102
f 3104/3969 3107/4100 3047/4103
f 3047/4103 3107/4100 3082/4102
f 3104/3969 3047/4103 2963/3970
f 2963/3970 3047/4103 2827/4104
f 3047/4103 3082/4102 2993/4105
f 2827/4104 3047/4103 2938/4106
f 2938/4106 3047/4103 2993/4105
f 2938/4106 2993/4105 2985/4107
f 4359/4108 4350/4109 4397/4110
f 4397/4110 4350/4109 4363/4111
f 4359/4108 4397/4110 4426/4112
f 4359/4108 4426/4112 4390/4113
f 4390/4113 4426/4112 4411/4114
f 4411/4114 4426/4112 4495/4115
f 4411/4114 4495/4115 4424/4116
f 4426/4112 4397/4110 4469/4117
f 4424/4116 4495/4115 4468/4118
f 4424/4116 4468/4118 4431/4119
f 4495/4115 4426/4112 4537/4120
f 4537/4120 4426/4112 4469/4117
f 4468/4118 4495/4115 4489/4121
f 4468/4118 4489/4121 4431/4119
f 4495/4115 4537/4120 4540/4122
f 4495/4115 4540/4122 4489/4121
f 4540/4122 4537/4120 4533/4123
f 4540/4122 4533/4123 4489/4121
f 4537/4120 4469/4117 4566/4124
f 4537/4120 4566/4124 4533/4123
f 4414/4125 4469/4117 4397/4110
f 4414/4125 4397/4110 4363/4111
f 4414/4125 4363/4111 4412/4126
f 4412/4126 4363/4111 4374/4127
f 4469/4117 4414/4125 4476/4128
f 4414/4125 4412/4126 4474/4129
f 4414/4125 4474/4129 4476/4128
f 4474/4129 4412/4126 4471/4130
f 4471/4130 4412/4126 4454/4131
f 4476/4128 4474/4129 4519/4132
f 4519/4132 4474/4129 4471/4130
f 4469/4117 4476/4128 4547/4133
f 4471/4130 4454/4131 4518/4134
f 4471/4130 4518/4134 4519/4132
f 4547/4133 4476/4128 4519/4132
f 4469/4117 4547/4133 4566/4124
f 4547/4133 4519/4132 4564/4135
f 4566/4124 4547/4133 4606/4136
f 4606/4136 4547/4133 4564/4135
f 4564/4135 4519/4132 4522/4137
f 4519/4132 4518/4134 4528/4138
f 4519/4132 4528/4138 4522/4137
f 4528/4138 4518/4134 4552/4139
f 4552/4139 4518/4134 4560/4140
f 4522/4137 4528/4138 4676/4141
f 4522/4137 4676/4141 4564/4135
f 4528/4138 4552/4139 4614/4142
f 4528/4138 4614/4142 4676/4141
f 4552/4139 4560/4140 4576/4143
f 4576/4143 4560/4140 4605/4144
f 4605/4144 4560/4140 4624/4145
f 4576/4143 4605/4144 4671/4146
f 4576/4143 4671/4146 4552/4139
f 4671/4146 4605/4144 4703/4147
f 4713/4148 4614/4142 4552/4139
f 4713/4148 4552/4139 4671/4146
f 4614/4142 4713/4148 4745/4149
f 4614/4142 4745/4149 4676/4141
f 4671/4146 4703/4147 4766/4150
f 4766/4150 4703/4147 4791/4151
f 4713/4148 4671/4146 4754/4152
f 4754/4152 4671/4146 4766/4150
f 4766/4150 4791/4151 4858/4153
f 4766/4150 4858/4153 4754/4152
f 4713/4148 4754/4152 4789/4154
f 4789/4154 4754/4152 4858/4153
f 4713/4148 4789/4154 4745/4149
f 4789/4154 4858/4153 4874/4155
f 4874/4155 4858/4153 4901/4156
f 4745/4149 4789/4154 4780/4157
f 4780/4157 4789/4154 4874/4155
f 4745/4149 4780/4157 4676/4141
f 4874/4155 4901/4156 4899/4158
f 4899/4158 4901/4156 4903/4159
f 4780/4157 4874/4155 4838/4160
f 4838/4160 4874/4155 4899/4158
f 4899/4158 4903/4159 4892/4161
f 4780/4157 4838/4160 4785/4162
f 4780/4157 4785/4162 4676/4141
f 4838/4160 4899/4158 4865/4163
f 4865/4163 4899/4158 4892/4161
f 4838/4160 4865/4163 4785/4162
f 4676/4141 4785/4162 4700/4164
f 4676/4141 4700/4164 4564/4135
f 4785/4162 4865/4163 4753/4165
f 4785/4162 4753/4165 4700/4164
f 4564/4135 4700/4164 4678/4166
f 4678/4166 4700/4164 4753/4165
f 4564/4135 4678/4166 4606/4136
f 4753/4165 4865/4163 4825/4167
f 4825/4167 4865/4163 4892/4161
f 4678/4166 4753/4165 4707/4168
f 4707/4168 4753/4165 4825/4167
f 4678/4166 4707/4168 4606/4136
f 4825/4167 4892/4161 4849/4169
f 4849/4169 4892/4161 4882/4170
f 4825/4167 4849/4169 4769/4171
f 4825/4167 4769/4171 4707/4168
f 4769/4171 4849/4169 4779/4172
f 4769/4171 4779/4172 4704/4173
f 4769/4171 4704/4173 4707/4168
f 4633/4174 4606/4136 4707/4168
f 4707/4168 4704/4173 4647/4175
f 4707/4168 4647/4175 4633/4174
f 4647/4175 4704/4173 4648/4176
f 4606/4136 4633/4174 4632/4177
f 4632/4177 4633/4174 4647/4175
f 4632/4177 4647/4175 4651/4178
f 4606/4136 4632/4177 4566/4124
f 4632/4177 4651/4178 4677/4179
f 4566/4124 4632/4177 4589/4180
f 4566/4124 4589/4180 4533/4123
f 4632/4177 4677/4179 4621/4181
f 4632/4177 4621/4181 4589/4180
f 4533/4123 4589/4180 4506/4182
f 4506/4182 4589/4180 4621/4181
f 4533/4123 4506/4182 4477/4183
f 4533/4123 4477/4183 4489/4121
f 4506/4182 4621/4181 4534/4184
f 4506/4182 4534/4184 4477/4183
f 4656/4185 4621/4181 4677/4179
f 4656/4185 4677/4179 4679/4186
f 4656/4185 4679/4186 4619/4187
f 4621/4181 4656/4185 4602/4188
f 4602/4188 4656/4185 4619/4187
f 4621/4181 4602/4188 4534/4184
f 4477/4183 4534/4184 4555/4189
f 4555/4189 4534/4184 4602/4188
f 4602/4188 4619/4187 4582/4190
f 4602/4188 4582/4190 4555/4189
f 4582/4190 4619/4187 4609/4191
f 4477/4183 4555/4189 4492/4192
f 4477/4183 4492/4192 4489/4121
f 4489/4121 4492/4192 4431/4119
f 4431/4119 4492/4192 4500/4193
f 4431/4119 4500/4193 4491/4194
f 4491/4194 4500/4193 4543/4195
f 4500/4193 4492/4192 4542/4196
f 4542/4196 4492/4192 4555/4189
f 4500/4193 4542/4196 4543/4195
f 4542/4196 4555/4189 4553/4197
f 4542/4196 4553/4197 4543/4195
f 4553/4197 4555/4189 4582/4190
f 4543/4195 4553/4197 4538/4198
f 4538/4198 4553/4197 4549/4199
f 4553/4197 4582/4190 4573/4200
f 4553/4197 4573/4200 4549/4199
f 4573/4200 4582/4190 4609/4191
f 4549/4199 4573/4200 4544/4201
f 4573/4200 4609/4191 4583/4202
f 4573/4200 4583/4202 4544/4201
f 3513/4203 3539/4092 3532/4093
s 0
f 3539/4092 3513/4203 3541/4204
s 1
f 3541/4204 3513/4203 3510/4205
f 3510/4205 3513/4203 3460/4206
f 3513/4203 3532/4093 3499/4207
f 3513/4203 3499/4207 3460/4206
f 3499/4207 3532/4093 3611/4208
f 3611/4208 3532/4093 3707/4080
f 3460/4206 3499/4207 3547/4209
f 3611/4208 3707/4080 4247/4077
f 3460/4206 3547/4209 3576/4210
f 3547/4209 3499/4207 3623/4211
f 3623/4211 3499/4207 3611/4208
f 3576/4210 3547/4209 4059/4212
f 3576/4210 4059/4212 3953/4213
f 3547/4209 3623/4211 4085/4214
f 3547/4209 4085/4214 4059/4212
f 3623/4211 3611/4208 3971/4215
f 3971/4215 3611/4208 4247/4077
f 3623/4211 3971/4215 4085/4214
f 3971/4215 4247/4077 4250/4216
f 3971/4215 4250/4216 4085/4214
f 4250/4216 4247/4077 4445/4217
f 4250/4216 4445/4217 4085/4214
f 4445/4217 4247/4077 4488/4072
f 4445/4217 4488/4072 4544/4075
f 4085/4214 4445/4217 4316/4218
f 4085/4214 4316/4218 4059/4212
f 4445/4217 4544/4075 4509/4219
f 4445/4217 4509/4219 4316/4218
f 4509/4219 4544/4075 4583/4220
f 4059/4212 4316/4218 4370/4221
f 4370/4221 4316/4218 4509/4219
f 4059/4212 4370/4221 4284/4222
f 4059/4212 4284/4222 3953/4213
f 4370/4221 4509/4219 4436/4223
f 4370/4221 4436/4223 4284/4222
f 3953/4213 4284/4222 4244/4224
f 4436/4223 4509/4219 4539/4225
f 4539/4225 4509/4219 4583/4220
f 4539/4225 4583/4220 4581/4226
f 4581/4226 4583/4220 4592/4227
f 4539/4225 4581/4226 4502/4228
f 4539/4225 4502/4228 4436/4223
f 4436/4223 4502/4228 4335/4229
f 4436/4223 4335/4229 4284/4222
f 4284/4222 4335/4229 4305/4230
f 4284/4222 4305/4230 4244/4224
f 4244/4224 4305/4230 4259/4231
f 4244/4224 4259/4231 4295/4232
f 4295/4232 4259/4231 4293/4233
f 4244/4224 4295/4232 4310/4234
f 4583/4235 4609/4236 4592/4237
f 4592/4237 4609/4236 4588/4238
f 4592/4237 4588/4238 4581/4239
f 4581/4239 4588/4238 4541/4240
f 4581/4239 4541/4240 4502/4241
f 4502/4241 4541/4240 4432/4242
f 4502/4241 4432/4242 4335/4243
f 4335/4243 4432/4242 4305/4244
f 4432/4242 4541/4240 4400/4245
f 4305/4244 4432/4242 4328/4246
f 4328/4246 4432/4242 4400/4245
f 4305/4244 4328/4246 4277/4247
f 4305/4244 4277/4247 4259/4248
f 4259/4248 4277/4247 4271/4249
f 4277/4247 4328/4246 4292/4250
f 4292/4250 4328/4246 4400/4245
f 4271/4249 4277/4247 4260/4251
f 4260/4251 4277/4247 4292/4250
f 4271/4249 4260/4251 4321/4252
f 4321/4252 4260/4251 4307/4253
f 4307/4253 4260/4251 4225/4254
f 4225/4254 4260/4251 4292/4250
f 4225/4254 4292/4250 4048/4255
f 4225/4254 4048/4255 3938/4256
f 3938/4256 4048/4255 3767/4257
f 4048/4255 4292/4250 4324/4258
f 4324/4258 4292/4250 4400/4245
f 3767/4257 4048/4255 3805/4259
f 3767/4257 3805/4259 3691/4260
f 3805/4259 4048/4255 3925/4261
f 3925/4261 4048/4255 4324/4258
f 3691/4260 3805/4259 3717/4262
f 3691/4260 3717/4262 3710/4263
f 3805/4259 3925/4261 3800/4264
f 3805/4259 3800/4264 3717/4262
f 3800/4264 3925/4261 4069/4265
f 4069/4265 3925/4261 4324/4258
f 3717/4262 3800/4264 3821/4266
f 3717/4262 3821/4266 3710/4263
f 3800/4264 4069/4265 4058/4267
f 3800/4264 4058/4267 3821/4266
f 3710/4263 3821/4266 3797/4268
f 3797/4268 3821/4266 4058/4267
f 3732/4269 3710/4263 3740/4270
f 3740/4270 3710/4263 3797/4268
f 4387/4271 4069/4265 4324/4258
f 3740/4270 3797/4268 3656/4272
f 3740/4270 3656/4272 3654/4273
f 3740/4270 3654/4273 3801/4274
f 3656/4272 3797/4268 3687/4275
f 3656/4272 3687/4275 3654/4273
f 3801/4274 3654/4273 3822/4276
f 3822/4276 3654/4273 3687/4275
f 3801/4274 3822/4276 3814/4277
f 3687/4275 3797/4268 3901/4278
f 3687/4275 3901/4278 3822/4276
f 3814/4277 3822/4276 3799/4279
f 3799/4279 3822/4276 3901/4278
f 3901/4278 3797/4268 3962/4280
f 3962/4280 3797/4268 4058/4267
f 3962/4280 4058/4267 4093/4281
f 3901/4278 3962/4280 4120/4282
f 4120/4282 3962/4280 4093/4281
f 3901/4278 4120/4282 3991/4283
f 3901/4278 3991/4283 3799/4279
f 4120/4282 4093/4281 4153/4284
f 4153/4284 4093/4281 4058/4267
f 3991/4283 4120/4282 4170/4285
f 4170/4285 4120/4282 4153/4284
f 3799/4279 3991/4283 3935/4286
f 3935/4286 3991/4283 4170/4285
f 4153/4284 4058/4267 4184/4287
f 4184/4287 4058/4267 4069/4265
f 4170/4285 4153/4284 4222/4288
f 4222/4288 4153/4284 4184/4287
f 4184/4287 4069/4265 4387/4271
f 4170/4285 4222/4288 4392/4289
f 4222/4288 4184/4287 4378/4290
f 4222/4288 4378/4290 4392/4289
f 4378/4290 4184/4287 4387/4271
f 4378/4290 4387/4271 4561/4291
f 4378/4290 4561/4291 4392/4289
f 4170/4285 4392/4289 4273/4292
f 4170/4285 4273/4292 3935/4286
f 3686/4293 3799/4279 3935/4286
f 3935/4286 4273/4292 3981/4294
f 3935/4286 3981/4294 3686/4293
f 3799/4279 3686/4293 3706/4295
f 3799/4279 3706/4295 3814/4277
f 3814/4277 3706/4295 3768/4296
f 3768/4296 3706/4295 3638/4297
f 3638/4297 3706/4295 3686/4293
f 3638/4297 3686/4293 3384/4298
f 3638/4297 3384/4298 3239/4299
f 3384/4298 3686/4293 3495/4300
f 3495/4300 3686/4293 3981/4294
f 3239/4299 3384/4298 3154/4301
f 3154/4301 3384/4298 3495/4300
f 3313/4302 3239/4299 3103/4303
f 3103/4303 3239/4299 3154/4301
f 3495/4300 3981/4294 3291/4304
f 3495/4300 3291/4304 3154/4301
f 3291/4304 3981/4294 3870/4305
f 3103/4303 3154/4301 3024/4306
f 3103/4303 3024/4306 3043/4307
f 3043/4307 3024/4306 2848/4308
f 3024/4306 3154/4301 2960/4309
f 3024/4306 2960/4309 2848/4308
f 2848/4308 2960/4309 2753/4310
f 2848/4308 2753/4310 190/4311
f 2753/4310 2960/4309 2862/4312
f 2960/4309 3154/4301 3087/4313
f 2960/4309 3087/4313 2862/4312
f 3087/4313 3154/4301 3291/4304
f 2862/4312 3087/4313 2999/4314
f 2862/4312 2999/4314 138/4315
f 3087/4313 3291/4304 3458/4316
f 3087/4313 3458/4316 2999/4314
f 138/4315 2999/4314 44/4317
f 3458/4316 3291/4304 3870/4305
f 44/4317 2999/4314 3040/4318
f 44/4317 3040/4318 59/4319
f 59/4319 3040/4318 2914/4320
f 3040/4318 2999/4314 3537/4321
f 3537/4321 2999/4314 3458/4316
f 2914/4320 3040/4318 3585/4322
f 3585/4322 3040/4318 3537/4321
f 3537/4321 3458/4316 4269/4323
f 3537/4321 4269/4323 3585/4322
f 4269/4323 3458/4316 4336/4324
f 4336/4324 3458/4316 3870/4305
f 2914/4320 3585/4322 3056/4325
f 2914/4320 3056/4325 46/4326
f 46/4326 3056/4325 2781/4327
f 3056/4325 3585/4322 3650/4328
f 2781/4327 3056/4325 3148/4329
f 3148/4329 3056/4325 3650/4328
f 3650/4328 3585/4322 4383/4330
f 4383/4330 3585/4322 4396/4331
f 4396/4331 3585/4322 4269/4323
f 3650/4328 4383/4330 4357/4332
f 4396/4331 4269/4323 4420/4333
f 4420/4333 4269/4323 4336/4324
f 4383/4330 4396/4331 4482/4334
f 4383/4330 4482/4334 4357/4332
f 4396/4331 4420/4333 4523/4335
f 4396/4331 4523/4335 4482/4334
f 3650/4328 4357/4332 3848/4336
f 3650/4328 3848/4336 3148/4329
f 4357/4332 4482/4334 4490/4337
f 3848/4336 4357/4332 4333/4338
f 4333/4338 4357/4332 4490/4337
f 3148/4329 3848/4336 3931/4339
f 3931/4339 3848/4336 4333/4338
f 3148/4329 3931/4339 3090/4340
f 3148/4329 3090/4340 2781/4327
f 4490/4337 4482/4334 4567/4341
f 4333/4338 4490/4337 4457/4342
f 4457/4342 4490/4337 4567/4341
f 3931/4339 4333/4338 4320/4343
f 4320/4343 4333/4338 4457/4342
f 3090/4340 3931/4339 3476/4344
f 3476/4344 3931/4339 4320/4343
f 2905/4345 2781/4327 3090/4340
f 2781/4327 2905/4345 130/4346
f 130/4346 2905/4345 82/4347
f 2905/4345 3090/4340 2983/4348
f 2905/4345 2983/4348 82/4347
f 2983/4348 3090/4340 3476/4344
f 82/4347 2983/4348 2878/4349
f 2983/4348 3476/4344 3073/4350
f 2983/4348 3073/4350 2878/4349
f 4274/4351 3476/4344 4320/4343
f 4459/4352 4320/4343 4457/4342
f 4320/4343 4459/4352 4274/4351
f 4459/4352 4457/4342 4536/4353
f 4536/4353 4457/4342 4565/4354
f 4565/4354 4457/4342 4567/4341
f 4565/4354 4567/4341 4607/4355
f 4565/4354 4607/4355 4536/4353
f 4607/4355 4567/4341 4620/4356
f 4459/4352 4536/4353 4434/4357
f 4459/4352 4434/4357 4274/4351
f 4434/4357 4536/4353 4499/4358
f 4536/4353 4607/4355 4627/4359
f 4627/4359 4607/4355 4620/4356
f 4499/4358 4536/4353 4505/4360
f 4505/4360 4536/4353 4627/4359
f 4434/4357 4499/4358 4429/4361
f 4429/4361 4499/4358 4505/4360
f 4360/4362 4274/4351 4434/4357
f 4360/4362 4434/4357 4429/4361
f 4274/4351 4360/4362 4220/4363
f 4505/4360 4627/4359 4584/4364
f 4429/4361 4505/4360 4496/4365
f 4496/4365 4505/4360 4584/4364
f 4584/4364 4627/4359 4593/4366
f 4584/4364 4593/4366 4496/4365
f 4593/4366 4627/4359 4657/4367
f 4496/4365 4593/4366 4525/4368
f 4657/4367 4627/4359 4655/4369
f 4655/4369 4627/4359 4620/4356
f 4593/4366 4657/4367 4650/4370
f 4650/4370 4657/4367 4655/4369
f 4525/4368 4593/4366 4580/4371
f 4580/4371 4593/4366 4650/4370
f 4496/4365 4525/4368 4503/4372
f 4496/4365 4503/4372 4429/4361
f 4503/4372 4525/4368 4580/4371
f 4429/4361 4503/4372 4382/4373
f 4429/4361 4382/4373 4360/4362
f 4360/4362 4382/4373 4265/4374
f 4360/4362 4265/4374 4220/4363
f 4265/4374 4382/4373 4354/4375
f 4220/4363 4265/4374 3473/4376
f 4354/4375 4382/4373 4399/4377
f 4399/4377 4382/4373 4503/4372
f 4265/4374 4354/4375 4187/4378
f 4265/4374 4187/4378 3473/4376
f 4354/4375 4399/4377 4367/4379
f 4354/4375 4367/4379 4187/4378
f 4399/4377 4503/4372 4417/4380
f 4399/4377 4417/4380 4367/4379
f 4417/4380 4503/4372 4524/4381
f 4187/4378 4367/4379 4291/4382
f 4367/4379 4417/4380 4379/4383
f 4367/4379 4379/4383 4291/4382
f 4379/4383 4417/4380 4452/4384
f 4452/4384 4417/4380 4524/4381
f 4291/4382 4379/4383 4388/4385
f 4379/4383 4452/4384 4448/4386
f 4379/4383 4448/4386 4388/4385
f 4448/4386 4452/4384 4551/4387
f 4551/4387 4452/4384 4524/4381
f 4388/4385 4448/4386 4470/4388
f 4448/4386 4551/4387 4559/4389
f 4448/4386 4559/4389 4470/4388
f 4551/4387 4524/4381 4612/4390
f 4551/4387 4612/4390 4559/4389
f 4470/4388 4559/4389 4526/4391
f 4470/4388 4526/4391 4388/4385
f 4526/4391 4559/4389 4604/4392
f 4604/4392 4559/4389 4612/4390
f 4388/4385 4526/4391 4487/4393
f 4388/4385 4487/4393 4415/4394
f 4487/4393 4526/4391 4554/4395
f 4554/4395 4526/4391 4604/4392
f 4388/4385 4415/4394 4309/4396
f 4309/4396 4415/4394 4171/4397
f 4388/4385 4309/4396 3937/4398
f 4309/4396 4171/4397 3887/4399
f 4309/4396 3887/4399 3937/4398
f 3887/4399 4171/4397 3572/4400
f 3887/4399 3572/4400 3937/4398
f 3572/4400 4171/4397 3843/4401
f 4388/4385 3937/4398 4291/4382
f 4617/4402 4554/4395 4604/4392
f 4617/4402 4604/4392 4612/4390
f 4554/4395 4617/4402 4636/4403
f 4554/4395 4636/4403 4597/4404
f 4617/4402 4612/4390 4654/4405
f 4617/4402 4654/4405 4636/4403
f 4291/4382 3937/4398 3772/4406
f 4291/4382 3772/4406 4187/4378
f 3772/4406 3937/4398 3175/4407
f 4187/4378 3772/4406 3231/4408
f 3231/4408 3772/4406 3175/4407
f 4187/4378 3231/4408 3473/4376
f 3175/4407 3937/4398 3267/4409
f 3267/4409 3937/4398 3572/4400
f 3363/4410 3572/4400 3635/4411
f 3572/4400 3363/4410 3267/4409
f 3267/4409 3363/4410 3207/4412
f 3207/4412 3363/4410 3195/4413
f 3175/4407 3267/4409 3116/4414
f 3207/4412 3195/4413 3015/4415
f 3267/4409 3207/4412 3050/4416
f 3267/4409 3050/4416 3116/4414
f 3050/4416 3207/4412 3015/4415
f 3116/4414 3050/4416 2962/4417
f 3116/4414 2962/4417 3175/4407
f 2962/4417 3050/4416 3015/4415
f 2988/4418 2910/4419 3015/4415
f 3015/4415 2910/4419 2962/4417
f 36/4420 2910/4419 2845/4421
f 2910/4419 36/4420 2795/4422
f 2910/4419 2795/4422 2962/4417
f 2959/4423 3175/4407 2962/4417
f 2962/4417 2795/4422 2853/4424
f 2962/4417 2853/4424 2959/4423
f 2853/4424 2795/4422 113/4425
f 3175/4407 2959/4423 3231/4408
f 2959/4423 2853/4424 2835/4426
f 2835/4426 2853/4424 37/4427
f 3231/4408 2959/4423 3017/4428
f 3017/4428 2959/4423 2835/4426
f 3231/4408 3017/4428 3473/4376
f 3017/4428 2835/4426 2851/4429
f 2851/4429 2835/4426 151/4430
f 3473/4376 3017/4428 3053/4431
f 3053/4431 3017/4428 2851/4429
f 3473/4376 3053/4431 3390/4432
f 3473/4376 3390/4432 4220/4363
f 3053/4431 2851/4429 3073/4350
f 3053/4431 3073/4350 3390/4432
f 3073/4350 2851/4429 2878/4349
f 2878/4349 2851/4429 143/4433
f 3390/4432 3073/4350 3775/4434
f 3390/4432 3775/4434 4220/4363
f 3775/4434 3073/4350 3476/4344
f 4220/4363 3775/4434 4274/4351
f 4274/4351 3775/4434 3476/4344
f 4619/4435 4679/4436 4635/4437
f 4619/4435 4635/4437 4609/4236
f 4609/4236 4635/4437 4639/4438
f 4639/4438 4635/4437 4679/4436
f 4609/4236 4639/4438 4626/4439
f 4639/4438 4679/4436 4683/4440
f 4609/4236 4626/4439 4618/4441
f 4609/4236 4618/4441 4588/4238
f 4626/4439 4639/4438 4643/4442
f 4643/4442 4639/4438 4683/4440
f 4683/4440 4679/4436 4697/4443
f 4643/4442 4683/4440 4695/4444
f 4695/4444 4683/4440 4697/4443
f 4697/4443 4679/4436 4682/4445
f 4682/4445 4679/4436 4677/4446
f 4682/4445 4677/4446 4651/4447
f 4697/4443 4682/4445 4668/4448
f 4668/4448 4682/4445 4651/4447
f 4697/4443 4668/4448 4695/4444
f 4643/4442 4695/4444 4660/4449
f 4647/4450 4648/4451 4651/4447
f 4651/4447 4648/4451 4668/4448
f 4622/4452 4626/4439 4643/4442
f 4622/4452 4643/4442 4660/4449
f 4626/4439 4622/4452 4625/4453
f 4626/4439 4625/4453 4618/4441
f 4625/4453 4622/4452 4601/4454
f 4618/4441 4625/4453 4579/4455
f 4579/4455 4625/4453 4561/4291
f 4561/4291 4625/4453 4601/4454
f 4579/4455 4561/4291 4387/4271
f 4579/4455 4387/4271 4531/4456
f 4579/4455 4531/4456 4618/4441
f 4531/4456 4387/4271 4324/4258
f 4618/4441 4531/4456 4590/4457
f 4618/4441 4590/4457 4588/4238
f 4531/4456 4324/4258 4520/4458
f 4531/4456 4520/4458 4590/4457
f 4590/4457 4520/4458 4588/4238
f 4520/4458 4324/4258 4400/4245
f 4588/4238 4520/4458 4541/4240
f 4541/4240 4520/4458 4400/4245
f 4545/4459 4561/4291 4601/4454
f 4561/4291 4545/4459 4392/4289
f 4392/4289 4545/4459 4504/4460
f 4545/4459 4601/4454 4577/4461
f 4545/4459 4577/4461 4504/4460
f 4392/4289 4504/4460 4273/4292
f 4577/4461 4601/4454 4594/4462
f 4273/4292 4504/4460 4578/4463
f 4504/4460 4577/4461 4585/4464
f 4504/4460 4585/4464 4578/4463
f 4585/4464 4577/4461 4641/4465
f 4641/4465 4577/4461 4594/4462
f 4585/4464 4641/4465 4653/4466
f 4641/4465 4594/4462 4650/4370
f 4641/4465 4650/4370 4655/4369
f 4641/4465 4655/4369 4653/4466
f 4650/4370 4594/4462 4580/4371
f 4585/4464 4653/4466 4631/4467
f 4631/4467 4653/4466 4655/4369
f 4585/4464 4631/4467 4578/4463
f 4595/4468 4594/4462 4601/4454
f 4594/4462 4595/4468 4580/4371
f 4595/4468 4601/4454 4622/4452
f 4595/4468 4622/4452 4660/4449
f 4595/4468 4660/4449 4580/4371
f 4578/4463 4631/4467 4574/4469
f 4578/4463 4574/4469 4273/4292
f 4630/4470 4631/4467 4655/4369
f 4631/4467 4630/4470 4574/4469
f 4630/4470 4655/4369 4620/4356
f 4273/4292 4574/4469 4358/4471
f 4273/4292 4358/4471 3981/4294
f 3981/4294 4358/4471 3870/4305
f 3870/4305 4358/4471 4336/4324
f 4358/4471 4574/4469 4558/4472
f 4558/4472 4574/4469 4630/4470
f 4358/4471 4558/4472 4336/4324
f 4558/4472 4630/4470 4611/4473
f 4611/4473 4630/4470 4620/4356
f 4336/4324 4558/4472 4550/4474
f 4550/4474 4558/4472 4611/4473
f 4336/4324 4550/4474 4420/4333
f 4550/4474 4611/4473 4587/4475
f 4550/4474 4587/4475 4420/4333
f 4587/4475 4611/4473 4620/4356
f 4420/4333 4587/4475 4523/4335
f 4587/4475 4620/4356 4557/4476
f 4587/4475 4557/4476 4523/4335
f 4557/4476 4620/4356 4567/4341
f 4523/4335 4557/4476 4482/4334
f 4482/4334 4557/4476 4567/4341
f 4882/4477 4892/4478 4903/4479
f 4882/4477 4903/4479 4896/4480
f 4896/4480 4903/4479 4900/4481
f 4882/4477 4896/4480 4852/4482
f 4900/4481 4903/4479 4902/4483
f 4902/4483 4903/4479 4901/4484
f 4896/4480 4900/4481 4873/4485
f 4896/4480 4873/4485 4852/4482
f 4900/4481 4902/4483 4893/4486
f 4900/4481 4893/4486 4873/4485
f 4902/4483 4901/4484 4887/4487
f 4887/4487 4901/4484 4858/4488
f 4887/4487 4858/4488 4791/4489
f 4902/4483 4887/4487 4871/4490
f 4902/4483 4871/4490 4893/4486
f 4887/4487 4791/4489 4821/4491
f 4887/4487 4821/4491 4871/4490
f 4893/4486 4871/4490 4817/4492
f 4893/4486 4817/4492 4873/4485
f 4821/4491 4791/4489 4749/4493
f 4749/4493 4791/4489 4703/4494
f 4871/4490 4821/4491 4793/4495
f 4821/4491 4749/4493 4735/4496
f 4821/4491 4735/4496 4793/4495
f 4749/4493 4703/4494 4649/4497
f 4649/4497 4703/4494 4605/4498
f 4649/4497 4605/4498 4624/4499
f 4871/4490 4793/4495 4782/4500
f 4871/4490 4782/4500 4817/4492
f 4749/4493 4649/4497 4686/4501
f 4749/4493 4686/4501 4735/4496
f 4649/4497 4624/4499 4674/4502
f 4649/4497 4674/4502 4686/4501
f 4674/4502 4624/4499 4685/4503
f 4674/4502 4685/4503 4701/4504
f 4674/4502 4701/4504 4686/4501
f 4686/4501 4701/4504 4694/4505
f 4694/4505 4701/4504 4681/4506
f 4681/4506 4701/4504 4680/4507
f 4681/4506 4680/4507 4597/4404
f 4681/4506 4597/4404 4636/4403
f 4694/4505 4681/4506 4672/4508
f 4694/4505 4672/4508 4686/4501
f 4681/4506 4636/4403 4665/4509
f 4681/4506 4665/4509 4672/4508
f 4686/4501 4672/4508 4706/4510
f 4706/4510 4672/4508 4665/4509
f 4686/4501 4706/4510 4735/4496
f 4735/4496 4706/4510 4793/4495
f 4793/4495 4706/4510 4725/4511
f 4725/4511 4706/4510 4665/4509
f 4793/4495 4725/4511 4782/4500
f 4667/4512 4665/4509 4636/4403
f 4665/4509 4667/4512 4725/4511
f 4782/4500 4725/4511 4747/4513
f 4747/4513 4725/4511 4667/4512
f 4782/4500 4747/4513 4817/4492
f 4667/4512 4636/4403 4659/4514
f 4667/4512 4659/4514 4747/4513
f 4659/4514 4636/4403 4654/4405
f 4817/4492 4747/4513 4729/4515
f 4729/4515 4747/4513 4659/4514
f 4659/4514 4654/4405 4661/4516
f 4659/4514 4661/4516 4729/4515
f 4817/4492 4729/4515 4783/4517
f 4817/4492 4783/4517 4873/4485
f 4729/4515 4661/4516 4727/4518
f 4729/4515 4727/4518 4783/4517
f 4873/4485 4783/4517 4799/4519
f 4873/4485 4799/4519 4852/4482
f 4783/4517 4727/4518 4744/4520
f 4783/4517 4744/4520 4799/4519
f 4727/4518 4661/4516 4684/4521
f 4727/4518 4684/4521 4744/4520
f 4852/4482 4799/4519 4779/4522
f 4852/4482 4779/4522 4882/4477
f 4882/4477 4779/4522 4849/4523
f 4779/4522 4799/4519 4719/4524
f 4779/4522 4719/4524 4704/4525
f 4704/4525 4719/4524 4648/4451
f 4717/4526 4799/4519 4744/4520
f 4799/4519 4717/4526 4719/4524
f 4717/4526 4744/4520 4684/4521
f 4648/4451 4719/4524 4664/4527
f 4664/4527 4719/4524 4717/4526
f 4664/4527 4717/4526 4684/4521
f 4648/4451 4664/4527 4668/4448
f 4668/4448 4664/4527 4684/4521
f 4668/4448 4684/4521 4662/4528
f 4662/4528 4684/4521 4661/4516
f 4662/4528 4661/4516 4654/4405
f 4668/4448 4662/4528 4658/4529
f 4668/4448 4658/4529 4695/4444
f 4695/4444 4658/4529 4660/4449
f 4662/4528 4654/4405 4629/4530
f 4662/4528 4629/4530 4658/4529
f 4629/4530 4654/4405 4612/4390
f 4629/4530 4612/4390 4524/4381
f 4658/4529 4629/4530 4598/4531
f 4658/4529 4598/4531 4660/4449
f 4598/4531 4629/4530 4524/4381
f 4660/4449 4598/4531 4580/4371
f 4598/4531 4524/4381 4503/4372
f 4598/4531 4503/4372 4580/4371
f 597/4532 470/4533 247/4534
f 470/4533 597/4532 1017/1949
f 597/4532 247/4534 216/4535
f 1017/1949 597/4532 608/4536
f 216/4535 247/4534 5/4537
f 5/4537 247/4534 2769/4538
f 5/4537 2769/4538 2936/4539
f 5/4537 2936/4539 2777/4540
f 5/4537 2777/4540 216/4535
f 216/4535 2777/4540 2792/4541
f 597/4532 216/4535 363/4542
f 363/4542 216/4535 2792/4541
f 597/4532 363/4542 608/4536
s 0
f 363/4542 2792/4541 27/4543
f 363/4542 27/4543 608/4536
f 608/4536 27/4543 236/4544
f 608/4536 236/4544 590/4545
f 608/4536 590/4545 1243/4546
s 1
f 1354/4547 1017/1949 608/4536
s 0
f 1354/4547 608/4536 1243/4546
s 1
f 1017/1949 1354/4547 1912/1946
f 1912/1946 1354/4547 1941/1951
f 1941/1951 1354/4547 2471/1967
f 2471/1967 1354/4547 1243/4546
f 2471/1967 1243/4546 2537/4548
f 2471/1967 2537/4548 2677/1973
s 0
f 2537/4548 1243/4546 2526/4549
s 1
f 2526/4549 1243/4546 1202/4550
f 2677/1973 2537/4548 2627/4551
f 2627/4551 2537/4548 2526/4549
f 2677/1973 2627/4551 2693/4552
f 2677/1973 2693/4552 2715/1966
f 2627/4551 2526/4549 2589/4553
f 2627/4551 2589/4553 2693/4552
f 2622/4554 2526/4549 2528/4555
f 2526/4549 2622/4554 2589/4553
f 2589/4553 2622/4554 2625/4556
f 2715/1966 2693/4552 2733/4557
f 2715/1966 2733/4557 2737/1971
f 2625/4556 2622/4554 2675/4558
f 2675/4558 2622/4554 2674/4559
f 2589/4553 2625/4556 2641/4560
f 2641/4560 2625/4556 2675/4558
f 2661/4561 2693/4552 2589/4553
f 2661/4561 2589/4553 2641/4560
f 2720/4562 2733/4557 2693/4552
f 2720/4562 2693/4552 2661/4561
f 2733/4557 2720/4562 2740/4563
f 2733/4557 2740/4563 2737/1971
f 2720/4562 2661/4561 2721/4564
f 2720/4562 2721/4564 2740/4563
f 2661/4561 2641/4560 2684/4565
f 2661/4561 2684/4565 2721/4564
f 2697/4566 2641/4560 2675/4558
f 2641/4560 2697/4566 2684/4565
f 2697/4566 2675/4558 2695/4567
f 2719/4568 2737/1971 2740/4563
f 2719/4568 2740/4563 2721/4564
f 2737/1971 2719/4568 2705/1969
f 2705/1969 2719/4568 2694/1972
f 2697/4566 2695/4567 2711/4569
f 2697/4566 2711/4569 2684/4565
f 2711/4569 2695/4567 2704/4570
f 2711/4569 2704/4570 2707/4571
f 2684/4565 2711/4569 2687/4572
f 2687/4572 2711/4569 2707/4571
f 2684/4565 2687/4572 2721/4564
f 2708/4573 2719/4568 2721/4564
f 2719/4568 2708/4573 2694/1972
f 2708/4573 2721/4564 2687/4572
f 2687/4572 2707/4571 2664/4574
f 2664/4574 2707/4571 2668/4575
f 2664/4574 2668/4575 2563/2039
f 2664/4574 2563/2039 2590/2038
f 2664/4574 2590/2038 2687/4572
f 2708/4573 2687/4572 2660/4576
f 2660/4576 2687/4572 2590/2038
f 2623/4577 2694/1972 2708/4573
f 2623/4577 2708/4573 2660/4576
f 2694/1972 2623/4577 2575/1976
f 2575/1976 2623/4577 2396/1979
f 2623/4577 2660/4576 2548/4578
f 2623/4577 2548/4578 2396/1979
f 2548/4578 2660/4576 2590/2038
f 2396/1979 2548/4578 2281/2032
f 2281/2032 2548/4578 2590/2038
f 1243/4579 590/4580 1202/4581
f 1202/4581 590/4580 410/4582
f 410/4582 590/4580 236/4583
s 0
f 27/4584 2916/4585 236/4583
s 1
f 236/4583 2916/4585 120/4586
f 236/4583 120/4586 410/4582
f 410/4582 120/4586 148/4587
f 410/4582 148/4587 392/4588
f 410/4582 392/4588 1202/4581
f 392/4588 148/4587 311/4589
f 311/4589 148/4587 15/4590
s 0
f 311/4589 15/4590 282/4591
s 1
f 392/4588 311/4589 788/4592
f 392/4588 788/4592 1202/4581
f 311/4589 282/4591 595/4593
f 311/4589 595/4593 788/4592
f 595/4593 282/4591 340/4594
f 1202/4581 788/4592 1618/4595
f 788/4592 595/4593 1136/4596
f 788/4592 1136/4596 1618/4595
f 1202/4581 1618/4595 2528/4597
f 1202/4581 2528/4597 2526/4598
f 1618/4595 1136/4596 1898/4599
f 2528/4597 1618/4595 2556/4600
f 2556/4600 1618/4595 1898/4599
f 2528/4597 2556/4600 2634/4601
f 2528/4597 2634/4601 2622/4602
f 2622/4602 2634/4601 2674/4603
f 2634/4601 2556/4600 2523/4604
f 2523/4604 2556/4600 1898/4599
f 2674/4603 2634/4601 2667/4605
f 2695/4606 2675/4607 2674/4603
f 2695/4606 2674/4603 2667/4605
f 2634/4601 2523/4604 2607/4608
f 2634/4601 2607/4608 2667/4605
f 2695/4606 2667/4605 2680/4609
f 2695/4606 2680/4609 2704/4610
f 2667/4605 2607/4608 2628/4611
f 2667/4605 2628/4611 2680/4609
f 2607/4608 2523/4604 2459/4612
f 2607/4608 2459/4612 2628/4611
f 2459/4612 2523/4604 2097/4613
f 2097/4613 2523/4604 1898/4599
f 2628/4611 2459/4612 2470/4614
f 2680/4609 2628/4611 2555/4615
f 2555/4615 2628/4611 2470/4614
f 2470/4614 2459/4612 2197/4616
f 2197/4616 2459/4612 2097/4613
f 2470/4614 2197/4616 2555/4615
f 2097/4613 1898/4599 2045/4617
f 2097/4613 2045/4617 2197/4616
f 2045/4617 1898/4599 1643/4618
f 1643/4618 1898/4599 1136/4596
f 2197/4616 2045/4617 2090/4619
f 1643/4618 1136/4596 890/4620
f 2045/4617 1643/4618 1889/4621
f 890/4620 1136/4596 595/4593
f 2045/4617 1889/4621 1888/4622
f 2045/4617 1888/4622 2090/4619
f 1889/4621 1643/4618 1700/4623
f 1889/4621 1700/4623 1888/4622
f 1643/4618 890/4620 1448/4624
f 1643/4618 1448/4624 1700/4623
f 1448/4624 890/4620 1262/4625
f 1448/4624 1262/4625 1700/4623
f 566/4626 890/4620 595/4593
f 566/4626 595/4593 340/4594
f 890/4620 566/4626 860/4627
f 890/4620 860/4627 1262/4625
f 566/4626 340/4594 412/4628
f 412/4628 340/4594 182/4629
f 412/4628 182/4629 372/4630
f 566/4626 412/4628 626/4631
f 566/4626 626/4631 860/4627
f 626/4631 412/4628 372/4630
f 860/4627 626/4631 693/4632
f 987/4633 1262/4625 860/4627
f 987/4633 860/4627 693/4632
f 626/4631 372/4630 523/4634
f 626/4631 523/4634 693/4632
f 523/4634 372/4630 324/4635
f 324/4635 372/4630 275/4636
f 523/4634 324/4635 459/4637
f 459/4637 324/4635 281/4638
f 459/4637 281/4638 268/4639
f 523/4634 459/4637 621/4640
f 523/4634 621/4640 693/4632
f 459/4637 268/4639 416/4641
f 416/4641 268/4639 518/4642
f 416/4641 518/4642 459/4637
f 459/4637 518/4642 621/4640
f 518/4642 268/4639 423/4643
f 693/4632 621/4640 790/4644
f 621/4640 518/4642 766/4645
f 621/4640 766/4645 790/4644
f 766/4645 518/4642 748/4646
f 748/4646 518/4642 423/4643
f 790/4644 766/4645 977/4647
f 977/4647 766/4645 748/4646
f 693/4632 790/4644 872/4648
f 872/4648 790/4644 977/4647
f 693/4632 872/4648 987/4633
f 987/4633 872/4648 1302/4649
f 987/4633 1302/4649 1262/4625
f 872/4648 977/4647 1314/4650
f 872/4648 1314/4650 1302/4649
f 1262/4625 1302/4649 1566/4651
f 1262/4625 1566/4651 1700/4623
f 1302/4649 1314/4650 1569/4652
f 1302/4649 1569/4652 1566/4651
f 1700/4623 1566/4651 1776/4653
f 1776/4653 1566/4651 1569/4652
f 1700/4623 1776/4653 1888/4622
f 1776/4653 1569/4652 1771/4654
f 1776/4653 1771/4654 1888/4622
f 1569/4652 1314/4650 1429/4655
f 1429/4655 1314/4650 977/4647
f 1569/4652 1429/4655 1771/4654
f 1888/4622 1771/4654 1908/4656
f 1888/4622 1908/4656 2090/4619
f 1771/4654 1429/4655 1499/4657
f 1429/4655 977/4647 997/4658
f 1429/4655 997/4658 1499/4657
f 997/4658 977/4647 748/4646
f 1908/4656 1771/4654 1974/4659
f 1974/4659 1771/4654 1499/4657
f 2090/4619 1908/4656 2063/4660
f 2063/4660 1908/4656 1974/4659
f 997/4658 748/4646 670/4661
f 670/4661 748/4646 423/4643
f 1052/4662 1499/4657 997/4658
f 1052/4662 997/4658 670/4661
f 670/4661 423/4643 616/4663
f 670/4661 616/4663 1052/4662
f 205/4664 368/4665 423/4643
f 423/4643 368/4665 616/4663
f 1052/4662 616/4663 912/4666
f 183/4667 332/4668 368/4665
f 1052/4662 912/4666 1059/4669
f 368/4665 332/4668 502/4670
f 912/4666 616/4663 772/4671
f 912/4666 772/4671 1059/4669
f 616/4663 368/4665 594/4672
f 616/4663 594/4672 772/4671
f 594/4672 368/4665 502/4670
f 502/4670 332/4668 301/4673
f 502/4670 301/4673 414/4674
f 414/4674 301/4673 232/4675
f 594/4672 502/4670 601/4676
f 601/4676 502/4670 414/4674
f 414/4674 232/4675 258/4677
f 842/4678 772/4671 594/4672
f 842/4678 594/4672 601/4676
f 772/4671 842/4678 1059/4669
f 414/4674 258/4677 388/4679
f 388/4679 258/4677 223/4680
f 601/4676 414/4674 493/4681
f 493/4681 414/4674 388/4679
f 388/4679 223/4680 322/4682
f 322/4682 223/4680 110/4683
f 322/4682 110/4683 199/4684
f 388/4679 322/4682 500/4685
f 388/4679 500/4685 493/4681
f 322/4682 199/4684 479/4686
f 322/4682 479/4686 500/4685
f 479/4686 199/4684 198/4687
f 493/4681 500/4685 613/4688
f 493/4681 613/4688 601/4676
f 500/4685 479/4686 593/4689
f 479/4686 198/4687 418/4690
f 418/4690 198/4687 200/4691
f 348/4692 200/4691 64/4693
f 200/4691 348/4692 418/4690
f 418/4690 348/4692 573/4694
f 573/4694 348/4692 667/4695
f 573/4694 667/4695 780/4696
f 573/4694 780/4696 418/4690
f 780/4696 667/4695 861/4697
f 589/4698 479/4686 418/4690
f 589/4698 418/4690 780/4696
f 780/4696 861/4697 985/4699
f 479/4686 589/4698 651/4700
f 479/4686 651/4700 593/4689
f 589/4698 780/4696 841/4701
f 589/4698 841/4701 651/4700
f 593/4689 651/4700 688/4702
f 593/4689 688/4702 500/4685
f 688/4702 651/4700 841/4701
f 500/4685 688/4702 613/4688
f 926/4703 780/4696 985/4699
f 780/4696 926/4703 841/4701
f 926/4703 985/4699 1065/4704
f 841/4701 926/4703 989/4705
f 989/4705 926/4703 1065/4704
f 688/4702 841/4701 995/4706
f 995/4706 841/4701 989/4705
f 688/4702 995/4706 952/4707
f 1065/4704 985/4699 1089/4708
f 1089/4708 985/4699 990/4709
f 688/4702 952/4707 858/4710
f 688/4702 858/4710 613/4688
f 952/4707 995/4706 1008/4711
f 952/4707 1008/4711 858/4710
f 613/4688 858/4710 786/4712
f 613/4688 786/4712 601/4676
f 601/4676 786/4712 842/4678
f 786/4712 858/4710 944/4713
f 944/4713 858/4710 1008/4711
f 842/4678 786/4712 968/4714
f 968/4714 786/4712 944/4713
f 842/4678 968/4714 1059/4669
f 1044/4715 1008/4711 995/4706
f 1044/4715 995/4706 989/4705
f 944/4713 1008/4711 1036/4716
f 1008/4711 1044/4715 1064/4717
f 1008/4711 1064/4717 1036/4716
f 1044/4715 989/4705 1117/4718
f 1117/4718 989/4705 1065/4704
f 1064/4717 1044/4715 1056/4719
f 1056/4719 1044/4715 1117/4718
f 1036/4716 1064/4717 1138/4720
f 1138/4720 1064/4717 1056/4719
f 1117/4718 1065/4704 1186/4721
f 1186/4721 1065/4704 1089/4708
f 1056/4719 1117/4718 1074/4722
f 1074/4722 1117/4718 1186/4721
f 1186/4721 1089/4708 1062/4723
f 1186/4721 1062/4723 1074/4722
f 1062/4723 1089/4708 1037/4724
f 1062/4723 1037/4724 1040/4725
f 1062/4723 1040/4725 1074/4722
f 1074/4722 1040/4725 1032/4726
f 1032/4726 1040/4725 955/4727
f 1086/4728 1056/4719 1074/4722
f 1086/4728 1074/4722 1032/4726
f 1056/4719 1086/4728 1146/4729
f 1056/4719 1146/4729 1138/4720
f 1086/4728 1032/4726 1313/4730
f 1313/4730 1032/4726 1244/4731
f 1146/4729 1086/4728 1269/4732
f 1269/4732 1086/4728 1313/4730
f 1138/4720 1146/4729 1389/4733
f 1389/4733 1146/4729 1269/4732
f 1344/4734 1244/4731 1272/4735
f 1244/4731 1344/4734 1313/4730
f 1269/4732 1313/4730 1403/4736
f 1269/4732 1403/4736 1389/4733
f 1313/4730 1344/4734 1415/4737
f 1415/4737 1344/4734 1350/4738
f 1350/4738 1344/4734 1330/4739
f 1313/4730 1415/4737 1417/4740
f 1313/4730 1417/4740 1403/4736
f 1415/4737 1350/4738 1291/4741
f 1291/4741 1350/4738 1330/4739
f 1291/4741 1330/4739 1287/4742
f 1291/4741 1287/4742 1176/4743
f 1403/4736 1417/4740 1432/4744
f 1403/4736 1432/4744 1389/4733
f 1423/4745 1417/4740 1415/4737
f 1423/4745 1415/4737 1291/4741
f 1432/4744 1417/4740 1381/4746
f 1381/4746 1417/4740 1423/4745
f 1423/4745 1291/4741 1320/4747
f 1423/4745 1320/4747 1381/4746
f 1320/4747 1291/4741 1250/4748
f 1320/4747 1250/4748 1381/4746
f 1250/4748 1291/4741 1265/4749
f 1381/4746 1250/4748 1289/4750
f 1289/4750 1250/4748 1338/4751
f 1381/4746 1289/4750 1409/4752
f 1381/4746 1409/4752 1432/4744
f 1409/4752 1289/4750 1446/4753
f 1432/4744 1409/4752 1487/4754
f 1432/4744 1487/4754 1389/4733
f 1487/4754 1409/4752 1825/4755
f 1389/4733 1487/4754 1449/4756
f 1389/4733 1449/4756 1138/4720
f 1487/4754 1825/4755 1793/4757
f 1487/4754 1793/4757 1449/4756
f 1138/4720 1449/4756 1322/4758
f 1793/4757 1825/4755 2401/4759
f 2401/4759 1825/4755 2400/4760
f 2401/4759 2400/4760 2563/4761
f 1449/4756 1793/4757 1995/4762
f 1995/4762 1793/4757 2401/4759
f 1449/4756 1995/4762 1322/4758
f 2401/4759 2563/4761 2531/4763
f 2401/4759 2531/4763 1995/4762
f 2531/4763 2563/4761 2668/4764
f 1322/4758 1036/4716 1138/4720
f 1995/4762 2531/4763 1858/4765
f 1995/4762 1858/4765 1322/4758
f 1036/4716 1322/4758 1352/4766
f 1036/4716 1352/4766 944/4713
f 1322/4758 1858/4765 1747/4767
f 1322/4758 1747/4767 1352/4766
f 1858/4765 2531/4763 2468/4768
f 944/4713 1352/4766 1191/4769
f 944/4713 1191/4769 968/4714
f 2468/4768 2531/4763 2630/4770
f 2630/4770 2531/4763 2668/4764
f 1858/4765 2468/4768 2241/4771
f 1858/4765 2241/4771 1747/4767
f 2241/4771 2468/4768 2475/4772
f 2475/4772 2468/4768 2630/4770
f 1747/4767 2241/4771 2121/4773
f 2121/4773 2241/4771 2475/4772
f 1747/4767 2121/4773 2124/4774
f 2630/4770 2668/4764 2703/4775
f 2703/4775 2668/4764 2707/4776
f 2703/4775 2707/4776 2704/4610
f 2703/4775 2704/4610 2682/4777
f 2703/4775 2682/4777 2630/4770
f 2682/4777 2704/4610 2680/4609
f 2682/4777 2680/4609 2619/4778
f 2630/4770 2682/4777 2602/4779
f 2602/4779 2682/4777 2619/4778
f 2630/4770 2602/4779 2475/4772
f 2619/4778 2680/4609 2555/4615
f 2619/4778 2555/4615 2602/4779
f 2475/4772 2602/4779 2494/4780
f 2494/4780 2602/4779 2555/4615
f 2494/4780 2555/4615 2350/4781
f 2494/4780 2350/4781 2475/4772
f 2350/4781 2555/4615 2197/4616
f 2475/4772 2350/4781 2159/4782
f 2159/4782 2350/4781 2197/4616
f 2475/4772 2159/4782 2121/4773
f 2159/4782 2197/4616 2090/4619
f 2121/4773 2159/4782 2124/4774
f 2159/4782 2090/4619 2063/4660
f 2159/4782 2063/4660 2124/4774
f 2124/4774 2063/4660 2204/4783
f 2204/4783 2063/4660 2112/4784
f 2112/4784 2063/4660 1974/4659
f 2124/4774 2204/4783 2195/4785
f 2195/4785 2204/4783 2112/4784
f 2112/4784 1974/4659 2033/4786
f 2112/4784 2033/4786 2195/4785
f 2124/4774 2195/4785 1964/4787
f 1964/4787 2195/4785 2033/4786
f 2124/4774 1964/4787 1747/4767
f 1747/4767 1964/4787 1352/4766
f 1352/4766 1964/4787 1597/4788
f 1597/4788 1964/4787 2033/4786
f 1352/4766 1597/4788 1191/4769
f 1721/4789 2033/4786 1974/4659
f 1721/4789 1974/4659 1499/4657
f 1597/4788 2033/4786 1712/4790
f 1712/4790 2033/4786 1721/4789
f 1191/4769 1597/4788 1297/4791
f 1297/4791 1597/4788 1712/4790
f 1191/4769 1297/4791 968/4714
f 968/4714 1297/4791 1059/4669
f 1721/4789 1499/4657 1411/4792
f 1721/4789 1411/4792 1712/4790
f 1712/4790 1411/4792 1297/4791
f 1297/4791 1411/4792 1059/4669
f 1411/4792 1499/4657 1052/4662
f 1411/4792 1052/4662 1059/4669
f 120/4793 2897/4794 148/4795
f 148/4795 2897/4794 15/4796
f 2897/4794 120/4793 2916/4797
f 15/4796 2897/4794 3042/4798
f 15/4796 3042/4798 2989/4799
f 2897/4794 2916/4797 3248/4800
f 3042/4798 2897/4794 3362/4801
f 3362/4801 2897/4794 3248/4800
s 0
f 27/4802 3044/4803 2916/4797
f 2916/4797 3044/4803 3198/4804
s 1
f 2916/4797 3198/4804 3248/4800
f 3198/4804 3044/4803 3435/4805
f 3248/4800 3198/4804 3709/4806
f 3709/4806 3198/4804 3435/4805
f 3362/4801 3248/4800 3920/4807
f 3920/4807 3248/4800 3709/4806
f 3709/4806 3435/4805 3919/4808
f 3919/4808 3435/4805 3503/4809
f 3709/4806 3919/4808 4066/4810
f 3709/4806 4066/4810 3920/4807
f 4066/4810 3919/4808 4116/4811
f 4116/4811 3919/4808 4119/4812
f 4119/4812 3919/4808 3902/4813
f 4066/4810 4116/4811 4179/4814
f 4179/4814 4116/4811 4119/4812
f 3920/4807 4066/4810 4115/4815
f 4115/4815 4066/4810 4179/4814
f 4179/4814 4119/4812 4241/4816
f 3920/4807 4115/4815 4028/4817
f 4241/4816 4119/4812 4240/4818
f 4240/4818 4119/4812 4162/4819
f 4162/4819 4119/4812 4082/4820
f 4162/4819 4082/4820 4240/4818
f 4179/4814 4241/4816 4242/4821
f 4115/4815 4179/4814 4189/4822
f 4189/4822 4179/4814 4242/4821
f 4242/4821 4241/4816 4312/4823
f 4312/4823 4241/4816 4240/4818
f 4189/4822 4242/4821 4267/4824
f 4267/4824 4242/4821 4312/4823
f 4312/4823 4240/4818 4319/4825
f 4319/4825 4240/4818 4207/4826
f 4312/4823 4319/4825 4267/4824
f 4165/4827 4115/4815 4189/4822
f 4115/4815 4165/4827 4028/4817
f 4189/4822 4267/4824 4217/4828
f 4189/4822 4217/4828 4165/4827
f 4267/4824 4319/4825 4258/4829
f 4246/4830 4252/4831 4319/4825
f 4319/4825 4252/4831 4258/4829
f 4267/4824 4258/4829 4219/4832
f 4267/4824 4219/4832 4217/4828
f 4258/4829 4252/4831 4212/4833
f 4212/4833 4252/4831 4144/4834
f 4219/4832 4258/4829 4145/4835
f 4145/4835 4258/4829 4212/4833
f 4212/4833 4144/4834 4068/4836
f 4212/4833 4068/4836 4145/4835
f 4068/4836 4144/4834 3933/4837
f 4219/4832 4145/4835 4138/4838
f 4219/4832 4138/4838 4217/4828
f 4145/4835 4068/4836 4011/4839
f 4145/4835 4011/4839 4138/4838
f 4068/4836 3933/4837 3815/4840
f 4068/4836 3815/4840 4011/4839
f 3815/4840 3933/4837 3823/4841
f 3815/4840 3823/4841 3811/4842
f 3815/4840 3811/4842 3791/4843
f 3815/4840 3791/4843 4011/4839
f 3791/4843 3811/4842 3783/4844
f 3791/4843 3783/4844 3810/4845
f 4161/4846 4138/4838 4011/4839
f 3629/4847 4009/4848 3810/4845
f 3810/4845 4009/4848 4019/4849
f 3810/4845 4019/4849 3791/4843
f 4110/4850 4011/4839 3791/4843
f 4110/4850 3791/4843 4019/4849
f 4161/4846 4011/4839 4236/4851
f 4236/4851 4011/4839 4110/4850
f 4228/4852 4138/4838 4161/4846
f 4228/4852 4161/4846 4236/4851
f 4138/4838 4228/4852 4217/4828
f 4110/4850 4019/4849 4331/4853
f 4331/4853 4019/4849 4287/4854
f 4236/4851 4110/4850 4373/4855
f 4236/4851 4373/4855 4228/4852
f 4110/4850 4331/4853 4446/4856
f 4110/4850 4446/4856 4373/4855
f 4331/4853 4287/4854 4461/4857
f 4461/4857 4287/4854 4346/4858
f 4446/4856 4331/4853 4570/4859
f 4570/4859 4331/4853 4461/4857
f 4461/4857 4346/4858 4440/4860
f 4373/4855 4446/4856 4532/4861
f 4532/4861 4446/4856 4570/4859
f 4373/4855 4532/4861 4381/4862
f 4373/4855 4381/4862 4228/4852
f 4381/4862 4532/4861 4666/4863
f 4228/4852 4381/4862 4430/4864
f 4430/4864 4381/4862 4666/4863
f 4532/4861 4570/4859 4689/4865
f 4532/4861 4689/4865 4666/4863
f 4689/4865 4570/4859 4761/4866
f 4693/4867 4570/4859 4461/4857
f 4570/4859 4693/4867 4761/4866
f 4693/4867 4461/4857 4669/4868
f 4669/4868 4461/4857 4440/4860
f 4693/4867 4669/4868 4795/4869
f 4693/4867 4795/4869 4761/4866
f 4669/4868 4440/4860 4738/4870
f 4669/4868 4738/4870 4795/4869
f 4738/4870 4440/4860 4389/4871
f 4738/4870 4389/4871 4692/4872
f 4795/4869 4738/4870 4830/4873
f 4761/4866 4795/4869 4859/4874
f 4859/4874 4795/4869 4830/4873
f 4830/4873 4738/4870 4820/4875
f 4820/4875 4738/4870 4692/4872
f 4859/4874 4830/4873 4879/4876
f 4879/4876 4830/4873 4820/4875
f 4820/4875 4692/4872 4811/4877
f 4811/4877 4692/4872 4698/4878
f 4879/4876 4820/4875 4860/4879
f 4860/4879 4820/4875 4811/4877
f 4859/4874 4879/4876 4883/4880
f 4811/4877 4698/4878 4758/4881
f 4859/4874 4883/4880 4822/4882
f 4859/4874 4822/4882 4761/4866
f 4883/4880 4879/4876 4857/4883
f 4857/4883 4879/4876 4860/4879
f 4883/4880 4857/4883 4822/4882
f 4857/4883 4860/4879 4843/4884
f 4761/4866 4822/4882 4750/4885
f 4843/4884 4860/4879 4837/4886
f 4837/4886 4860/4879 4811/4877
f 4761/4866 4750/4885 4689/4865
f 4857/4883 4843/4884 4842/4887
f 4842/4887 4843/4884 4837/4886
f 4840/4888 4822/4882 4857/4883
f 4840/4888 4857/4883 4842/4887
f 4807/4889 4750/4885 4822/4882
f 4807/4889 4822/4882 4840/4888
f 4733/4890 4689/4865 4750/4885
f 4689/4865 4733/4890 4666/4863
f 4750/4885 4807/4889 4784/4891
f 4750/4885 4784/4891 4733/4890
f 4784/4891 4807/4889 4841/4892
f 4841/4892 4807/4889 4840/4888
f 4733/4890 4784/4891 4732/4893
f 4733/4890 4732/4893 4666/4863
f 4784/4891 4841/4892 4809/4894
f 4784/4891 4809/4894 4732/4893
f 4841/4892 4840/4888 4872/4895
f 4841/4892 4872/4895 4809/4894
f 4666/4863 4732/4893 4616/4896
f 4666/4863 4616/4896 4430/4864
f 4732/4893 4809/4894 4722/4897
f 4430/4864 4616/4896 4493/4898
f 4616/4896 4732/4893 4642/4899
f 4642/4899 4732/4893 4722/4897
f 4616/4896 4642/4899 4493/4898
f 4430/4864 4493/4898 4228/4852
f 4778/4900 4809/4894 4872/4895
f 4809/4894 4778/4900 4722/4897
f 4228/4852 4493/4898 4234/4901
f 4228/4852 4234/4901 4217/4828
f 4217/4828 4234/4901 4165/4827
f 4234/4901 4493/4898 4386/4902
f 4386/4902 4493/4898 4642/4899
f 4165/4827 4234/4901 4191/4903
f 4191/4903 4234/4901 4386/4902
f 4165/4827 4191/4903 4028/4817
f 4386/4902 4642/4899 4484/4904
f 4596/4905 4642/4899 4722/4897
f 4642/4899 4596/4905 4484/4904
f 4386/4902 4484/4904 4380/4906
f 4380/4906 4484/4904 4596/4905
f 4386/4902 4380/4906 4191/4903
f 4028/4817 4191/4903 4077/4907
f 4077/4907 4191/4903 4380/4906
f 4028/4817 4077/4907 3899/4908
f 4028/4817 3899/4908 3920/4807
f 3920/4807 3899/4908 3362/4801
f 3899/4908 4077/4907 4238/4909
f 4238/4909 4077/4907 4380/4906
f 3362/4801 3899/4908 3731/4910
f 3731/4910 3899/4908 4238/4909
f 3362/4801 3731/4910 3042/4798
f 4238/4909 4380/4906 4266/4911
f 4238/4909 4266/4911 3731/4910
f 3042/4798 3731/4910 3395/4912
f 3395/4912 3731/4910 4266/4911
f 3042/4798 3395/4912 2989/4799
f 4266/4911 4380/4906 4548/4913
f 4548/4913 4380/4906 4596/4905
f 3395/4912 4266/4911 3992/4914
f 2989/4799 3395/4912 3150/4915
f 3150/4915 3395/4912 3992/4914
f 2989/4799 3150/4915 2823/4916
f 2823/4916 3150/4915 3294/4917
f 4266/4911 4548/4913 4447/4918
f 4266/4911 4447/4918 3992/4914
f 3150/4915 3992/4914 4006/4919
f 3150/4915 4006/4919 3294/4917
f 4006/4919 3992/4914 4447/4918
f 3294/4917 4006/4919 4402/4920
f 3294/4917 4402/4920 3726/4921
f 4006/4919 4447/4918 4628/4922
f 4006/4919 4628/4922 4402/4920
f 3726/4921 4402/4920 4517/4923
f 3726/4921 4517/4923 4180/4924
f 4180/4924 4517/4923 4423/4925
f 4517/4923 4402/4920 4756/4926
f 4756/4926 4402/4920 4628/4922
f 4423/4925 4517/4923 4770/4927
f 4770/4927 4517/4923 4756/4926
f 4423/4925 4770/4927 4776/4928
f 4756/4926 4628/4922 4788/4929
f 4770/4927 4756/4926 4815/4930
f 4815/4930 4756/4926 4788/4929
f 4770/4927 4815/4930 4826/4931
f 4770/4927 4826/4931 4776/4928
f 4815/4930 4788/4929 4846/4932
f 4826/4931 4815/4930 4851/4933
f 4851/4933 4815/4930 4846/4932
f 4826/4931 4851/4933 4834/4934
f 4826/4931 4834/4934 4776/4928
f 4802/4935 4788/4929 4628/4922
f 4788/4929 4802/4935 4846/4932
f 4802/4935 4628/4922 4721/4936
f 4721/4936 4628/4922 4447/4918
f 4846/4932 4802/4935 4848/4937
f 4721/4936 4447/4918 4708/4938
f 4802/4935 4721/4936 4792/4939
f 4802/4935 4792/4939 4848/4937
f 4792/4939 4721/4936 4708/4938
f 4708/4938 4447/4918 4548/4913
f 4848/4937 4792/4939 4775/4940
f 4775/4940 4792/4939 4708/4938
f 4708/4938 4548/4913 4716/4941
f 4708/4938 4716/4941 4775/4940
f 4716/4941 4548/4913 4596/4905
f 4716/4941 4596/4905 4722/4897
f 4716/4941 4722/4897 4778/4900
f 4716/4941 4778/4900 4775/4940
f 4775/4940 4778/4900 4853/4942
f 4775/4940 4853/4942 4848/4937
f 4853/4942 4778/4900 4872/4895
f 4848/4937 4853/4942 4889/4943
f 4848/4937 4889/4943 4846/4932
f 4853/4942 4872/4895 4886/4944
f 4853/4942 4886/4944 4889/4943
f 4886/4944 4872/4895 4840/4888
f 4846/4932 4889/4943 4891/4945
f 4891/4945 4889/4943 4886/4944
f 4846/4932 4891/4945 4851/4933
f 4851/4933 4891/4945 4881/4946
f 4881/4946 4891/4945 4886/4944
f 4851/4933 4881/4946 4834/4934
f 4886/4944 4840/4888 4844/4947
f 4844/4947 4840/4888 4842/4887
f 4881/4946 4886/4944 4869/4948
f 4869/4948 4886/4944 4844/4947
f 4881/4946 4869/4948 4847/4949
f 4847/4949 4869/4948 4844/4947
f 4847/4949 4844/4947 4842/4887
f 4881/4946 4847/4949 4834/4934
f 4847/4949 4842/4887 4837/4886
f 4847/4949 4837/4886 4834/4934
f 4834/4934 4837/4886 4794/4950
f 4794/4950 4837/4886 4811/4877
f 4834/4934 4794/4950 4776/4928
f 4794/4950 4811/4877 4758/4881
f 4794/4950 4758/4881 4757/4951
f 4776/4928 4794/4950 4752/4952
f 4752/4952 4794/4950 4757/4951
f 4757/4951 4758/4881 4688/4953
f 4757/4951 4688/4953 4752/4952
f 4688/4953 4758/4881 4610/4954
f 4776/4928 4752/4952 4673/4955
f 4673/4955 4752/4952 4688/4953
f 4776/4928 4673/4955 4423/4925
f 4673/4955 4688/4953 4444/4956
f 4423/4925 4673/4955 4409/4957
f 4409/4957 4673/4955 4444/4956
f 15/4958 62/4959 282/4960
f 282/4960 62/4959 340/4961
f 62/4959 15/4958 2989/4962
f 340/4961 62/4959 182/4963
f 62/4959 2989/4962 2823/4964
f 62/4959 2823/4964 182/4963
f 182/4963 2823/4964 2760/4965
f 182/4963 2760/4965 186/4966
f 182/4963 186/4966 372/4967
f 372/4967 186/4966 275/4968
f 186/4966 2760/4965 79/4969
f 186/4966 79/4969 275/4968
f 2760/4965 2823/4964 3020/4970
f 3020/4970 2823/4964 3294/4971
f 2760/4965 3020/4970 3078/4972
f 2760/4965 3078/4972 79/4969
f 3020/4970 3294/4971 3726/4973
f 3020/4970 3726/4973 3078/4972
f 275/4968 79/4969 179/4974
f 275/4968 179/4974 324/4975
f 79/4969 3078/4972 2907/4976
f 179/4974 79/4969 14/4977
f 14/4977 79/4969 2907/4976
f 324/4975 179/4974 141/4978
f 141/4978 179/4974 14/4977
f 324/4975 141/4978 239/4979
f 324/4975 239/4979 281/4980
f 141/4978 14/4977 2873/4981
f 2873/4981 14/4977 2907/4976
f 239/4979 141/4978 2819/4982
f 2819/4982 141/4978 2873/4981
f 281/4980 239/4979 149/4983
f 149/4983 239/4979 2819/4982
f 281/4980 149/4983 268/4984
f 2873/4981 2907/4976 3011/4985
f 2819/4982 2873/4981 3069/4986
f 3069/4986 2873/4981 3011/4985
f 3011/4985 2907/4976 3172/4987
f 3011/4985 3172/4987 3069/4986
f 3172/4987 2907/4976 3140/4988
f 3140/4988 2907/4976 3078/4972
f 3140/4988 3078/4972 3392/4989
f 3140/4988 3392/4989 3172/4987
f 3392/4989 3078/4972 3726/4973
f 3172/4987 3392/4989 3590/4990
f 3590/4990 3392/4989 3726/4973
f 3172/4987 3590/4990 3069/4986
f 3590/4990 3726/4973 4046/4991
f 4046/4991 3726/4973 4180/4992
f 4046/4991 4180/4992 4423/4993
f 4046/4991 4423/4993 4409/4994
f 4046/4991 4409/4994 4136/4995
f 3590/4990 4046/4991 3884/4996
f 3884/4996 4046/4991 4136/4995
f 3377/4997 3069/4986 3590/4990
f 3377/4997 3590/4990 3884/4996
f 4136/4995 4409/4994 4444/4998
f 3884/4996 4136/4995 3859/4999
f 3884/4996 3859/4999 3377/4997
f 3859/4999 4136/4995 3633/5000
f 3069/4986 3377/4997 3026/5001
f 3069/4986 3026/5001 2819/4982
f 3377/4997 3859/4999 3221/5002
f 3221/5002 3859/4999 3633/5000
f 3633/5000 4136/4995 4015/5003
f 4015/5003 4136/4995 4444/4998
f 3633/5000 4015/5003 3221/5002
f 4015/5003 4444/4998 4050/5004
f 4015/5003 4050/5004 3221/5002
f 4688/5005 4610/5006 4444/4998
f 4444/4998 4610/5006 4050/5004
f 4050/5004 4610/5006 4698/5007
f 4698/5007 4610/5006 4758/5008
f 4050/5004 4698/5007 4155/5009
f 4155/5009 4698/5007 4692/5010
f 4155/5009 4692/5010 4389/5011
f 4050/5004 4155/5009 3134/5012
f 4050/5004 3134/5012 3221/5002
f 4155/5009 4389/5011 4042/5013
f 3134/5012 4155/5009 3186/5014
f 3186/5014 4155/5009 4042/5013
f 4042/5013 4389/5011 4317/5015
f 4317/5015 4389/5011 4440/5016
f 4317/5015 4440/5016 4346/5017
f 4042/5013 4317/5015 3889/5018
f 3889/5018 4317/5015 4346/5017
f 3186/5014 4042/5013 3119/5019
f 3119/5019 4042/5013 3889/5018
f 3889/5018 4346/5017 4009/5020
f 4009/5020 4346/5017 4287/5021
f 4009/5020 4287/5021 4019/5022
f 3889/5018 4009/5020 3389/5023
f 3389/5023 4009/5020 3629/5024
f 3889/5018 3389/5023 3211/5025
f 3889/5018 3211/5025 3119/5019
f 3389/5023 3629/5024 3367/5026
f 3389/5023 3367/5026 3211/5025
f 3119/5019 3211/5025 3109/5027
f 3109/5027 3211/5025 3367/5026
f 3367/5026 3629/5024 3297/5028
f 3367/5026 3297/5028 3109/5027
f 3297/5028 3629/5024 3719/5029
f 3719/5029 3629/5024 3810/5030
f 3719/5029 3810/5030 3783/5031
f 3119/5019 3109/5027 2879/5032
f 3719/5029 3783/5031 3913/5033
f 3119/5019 2879/5032 2948/5034
f 3119/5019 2948/5034 3186/5014
f 3186/5014 2948/5034 2786/5035
f 3186/5014 2786/5035 3134/5012
f 2786/5035 2948/5034 2782/5036
f 2782/5036 2948/5034 2879/5032
f 2782/5036 2879/5032 90/5037
f 2782/5036 90/5037 2786/5035
f 90/5037 2879/5032 52/5038
f 2786/5035 90/5037 232/5039
f 232/5039 90/5037 258/5040
f 258/5040 90/5037 52/5038
f 258/5040 52/5038 223/5041
f 223/5041 52/5038 110/5042
f 52/5038 2879/5032 3012/5043
f 110/5042 52/5038 2820/5044
f 2820/5044 52/5038 3012/5043
f 3012/5043 2879/5032 3109/5027
f 110/5042 2820/5044 2958/5045
f 2958/5045 2820/5044 3012/5043
f 110/5042 2958/5045 83/5046
f 110/5042 83/5046 199/5047
f 3012/5043 3109/5027 3115/5048
f 3115/5048 3109/5027 3297/5028
f 199/5047 83/5046 2789/5049
f 2789/5049 83/5046 2958/5045
f 199/5047 2789/5049 23/5050
f 199/5047 23/5050 94/5051
f 199/5047 94/5051 198/5052
f 23/5050 2789/5049 2933/5053
f 2933/5053 2789/5049 2958/5045
f 94/5051 23/5050 2825/5054
f 2825/5054 23/5050 2933/5053
f 198/5052 94/5051 8/5055
f 8/5055 94/5051 2825/5054
f 198/5052 8/5055 200/5056
f 200/5056 8/5055 64/5057
f 8/5055 2825/5054 2874/5058
f 2874/5058 2825/5054 2933/5053
f 8/5055 2874/5058 64/5057
f 2874/5058 2933/5053 3108/5059
f 3108/5059 2933/5053 2958/5045
f 64/5057 2874/5058 3048/5060
f 3048/5060 2874/5058 3108/5059
f 54/5061 348/5062 64/5057
f 54/5061 64/5057 3054/5063
f 3054/5063 64/5057 3048/5060
f 3048/5060 3108/5059 3338/5064
f 3054/5063 3048/5060 3249/5065
f 3249/5065 3048/5060 3338/5064
f 3054/5063 3249/5065 3293/5066
f 3054/5063 3293/5066 3178/5067
f 3293/5066 3249/5065 3475/5068
f 3475/5068 3249/5065 3338/5064
f 3293/5066 3475/5068 3567/5069
f 3293/5066 3567/5069 3335/5070
f 3335/5070 3567/5069 3533/5071
f 3533/5071 3567/5069 3759/5072
f 3567/5069 3475/5068 3660/5073
f 3567/5069 3660/5073 3759/5072
f 3660/5073 3475/5068 3338/5064
f 3907/5074 3849/5075 3759/5072
f 3759/5072 3660/5073 3874/5076
f 3759/5072 3874/5076 3907/5074
f 3907/5074 3874/5076 4023/5077
f 3907/5074 4023/5077 3984/5078
f 3984/5078 4023/5077 3998/5079
f 4023/5077 3874/5076 3860/5080
f 3860/5080 3874/5076 3660/5073
f 3998/5079 4023/5077 4055/5081
f 3998/5079 4055/5081 4003/5082
f 4003/5082 4055/5081 4043/5083
f 4055/5081 4023/5077 3976/5084
f 3976/5084 4023/5077 3860/5080
f 4043/5083 4055/5081 4057/5085
f 4057/5085 4055/5081 3976/5084
f 4043/5083 4057/5085 4004/5086
f 3492/5087 3860/5080 3660/5073
f 3492/5087 3660/5073 3338/5064
f 3976/5084 3860/5080 3771/5088
f 3771/5088 3860/5080 3492/5087
f 4057/5085 3976/5084 3965/5089
f 3976/5084 3771/5088 3846/5090
f 3976/5084 3846/5090 3965/5089
f 4057/5085 3965/5089 3988/5091
f 4057/5085 3988/5091 4004/5086
f 3492/5087 3338/5064 3310/5092
f 3310/5092 3338/5064 3108/5059
f 3310/5092 3108/5059 2958/5045
f 3310/5092 2958/5045 3158/5093
f 3158/5093 2958/5045 3012/5043
f 3492/5087 3310/5092 3326/5094
f 3326/5094 3310/5092 3158/5093
f 3158/5093 3012/5043 3138/5095
f 3158/5093 3138/5095 3326/5094
f 3138/5095 3012/5043 3115/5048
f 3492/5087 3326/5094 3549/5096
f 3492/5087 3549/5096 3771/5088
f 3326/5094 3138/5095 3312/5097
f 3326/5094 3312/5097 3549/5096
f 3312/5097 3138/5095 3115/5048
f 3771/5088 3549/5096 3494/5098
f 3494/5098 3549/5096 3312/5097
f 3771/5088 3494/5098 3846/5090
f 3312/5097 3115/5048 3306/5099
f 3312/5097 3306/5099 3494/5098
f 3306/5099 3115/5048 3297/5028
f 3494/5098 3306/5099 3517/5100
f 3517/5100 3306/5099 3297/5028
f 3494/5098 3517/5100 3846/5090
f 3517/5100 3297/5028 3719/5029
f 3846/5090 3517/5100 3869/5101
f 3869/5101 3517/5100 3719/5029
f 3846/5090 3869/5101 3965/5089
f 3869/5101 3719/5029 3913/5033
f 3869/5101 3913/5033 3965/5089
f 3965/5089 3913/5033 3988/5091
f 3988/5091 3913/5033 3883/5102
f 3988/5091 3883/5102 4004/5086
f 3883/5102 3913/5033 3783/5031
f 4004/5086 3883/5102 3948/5103
f 3883/5102 3783/5031 3811/5104
f 3883/5102 3811/5104 3948/5103
f 93/5105 34/5106 326/1643
f 93/5105 326/1643 451/1645
f 93/5105 451/1645 193/1705
f 326/1643 34/5106 300/1642
f 93/5105 193/1705 2824/5107
f 2824/5107 193/1705 2901/1713
f 2824/5107 2901/1713 2969/5108
f 2824/5107 2969/5108 2856/5109
f 93/5105 2824/5107 2817/5110
f 2817/5110 2824/5107 2856/5109
f 93/5105 2817/5110 34/5106
f 2856/5109 2969/5108 2871/5111
f 2856/5109 2871/5111 2817/5110
f 2817/5110 2871/5111 34/5106
f 106/5112 300/1642 34/5106
f 106/5112 34/5106 2871/5111
f 300/1642 106/5112 197/1640
f 106/5112 2871/5111 2942/5113
f 106/5112 2942/5113 197/1640
f 2942/5113 2871/5111 3071/5114
f 197/1640 2942/5113 2848/5115
f 2848/5115 2942/5113 3043/5116
f 183/5117 155/5118 332/5119
f 332/5119 155/5118 301/5120
f 301/5120 155/5118 232/5039
f 232/5039 155/5118 2786/5035
f 155/5118 183/5117 39/5121
f 155/5118 39/5121 2786/5035
f 39/5121 183/5117 205/5122
f 205/5122 183/5117 368/5123
f 2786/5035 39/5121 2956/5124
f 2786/5035 2956/5124 3134/5012
f 3134/5012 2956/5124 3221/5002
f 2956/5124 39/5121 2854/5125
f 2854/5125 39/5121 205/5122
f 3221/5002 2956/5124 3057/5126
f 3057/5126 2956/5124 2854/5125
f 3221/5002 3057/5126 3377/4997
f 3377/4997 3057/5126 3026/5001
f 3026/5001 3057/5126 2778/5127
f 2778/5127 3057/5126 2854/5125
f 3026/5001 2778/5127 2819/4982
f 2819/4982 2778/5127 149/4983
f 2778/5127 2854/5125 123/5128
f 2778/5127 123/5128 149/4983
f 123/5128 2854/5125 205/5122
f 149/4983 123/5128 268/4984
f 123/5128 205/5122 210/5129
f 123/5128 210/5129 268/4984
f 210/5129 205/5122 423/5130
f 210/5129 423/5130 268/4984
f 1512/5131 1426/5132 1660/5133
f 1660/5133 1426/5132 1678/5134
f 1678/5134 1426/5132 1393/5135
f 1774/5136 1660/5133 1800/5137
f 1660/5133 1678/5134 1815/5138
f 1660/5133 1815/5138 1800/5137
f 1815/5138 1678/5134 1826/5139
f 1826/5139 1678/5134 1777/5140
f 1800/5137 1815/5138 1841/5141
f 1800/5137 1841/5141 1717/5142
f 1815/5138 1826/5139 2104/5143
f 1815/5138 2104/5143 1841/5141
f 1717/5142 1841/5141 1958/5144
f 2104/5143 1826/5139 2153/5145
f 2153/5145 1826/5139 1664/5146
f 1841/5141 2104/5143 2066/5147
f 1841/5141 2066/5147 1958/5144
f 2066/5147 2104/5143 2314/5148
f 2066/5147 2314/5148 2251/5149
f 2066/5147 2251/5149 1958/5144
f 2314/5148 2104/5143 2302/5150
f 2302/5150 2104/5143 2153/5145
f 2314/5148 2302/5150 2344/5151
f 2314/5148 2344/5151 2251/5149
f 2251/5149 2344/5151 2285/5152
f 2251/5149 2285/5152 2184/5153
f 2251/5149 2184/5153 2154/5154
f 2251/5149 2154/5154 1958/5144
f 1958/5144 2154/5154 2131/5155
f 2344/5151 2302/5150 2339/5156
f 2339/5156 2302/5150 2153/5145
f 2344/5151 2339/5156 2404/5157
f 2404/5157 2339/5156 2406/5158
f 2406/5158 2339/5156 2246/5159
f 2246/5159 2339/5156 2153/5145
f 1958/5144 2131/5155 1872/5160
f 1958/5144 1872/5160 1717/5142
f 1717/5142 1872/5160 1808/5161
f 1872/5160 2131/5155 2148/5162
f 1808/5161 1872/5160 2127/5163
f 2127/5163 1872/5160 2148/5162
f 2127/5163 2148/5162 2438/5164
f 2246/5159 2153/5145 1891/5165
f 2246/5159 1891/5165 1996/5166
f 1891/5165 2153/5145 1664/5146
f 1996/5166 1891/5165 1851/5167
f 1851/5167 1891/5165 1664/5146
f 1851/5167 1664/5146 1596/5168
f 1996/5166 1851/5167 1981/5169
f 1851/5167 1596/5168 1607/5170
f 1981/5169 1851/5167 1939/5171
f 1939/5171 1851/5167 1607/5170
f 1981/5169 1939/5171 1998/5172
f 1939/5171 1607/5170 1709/5173
f 1709/5173 1607/5170 1545/5174
f 1998/5172 1939/5171 1957/5175
f 1957/5175 1939/5171 1709/5173
f 1998/5172 1957/5175 1979/5176
f 1998/5172 1979/5176 2028/5177
f 1957/5175 1709/5173 1699/5178
f 1699/5178 1709/5173 1545/5174
f 1957/5175 1699/5178 1979/5176
f 1699/5178 1545/5174 1529/5179
f 2028/5177 1979/5176 1750/5180
f 1750/5180 1979/5176 1699/5178
f 1750/5180 1699/5178 1529/5179
f 2028/5177 1750/5180 1848/5181
f 1750/5180 1529/5179 1683/5182
f 1750/5180 1683/5182 1848/5181
f 1848/5181 1683/5182 1937/5183
f 1683/5182 1529/5179 1447/5184
f 1683/5182 1447/5184 1471/5185
f 1275/5186 1212/5187 1274/5188
f 1212/5187 1275/5186 1218/5189
f 1212/5187 1218/5189 1270/5190
f 1212/5187 1270/5190 1279/5191
f 1279/5191 1270/5190 1292/5192
f 1218/5189 1275/5186 1305/5193
f 1218/5189 1305/5193 1341/5194
f 1218/5189 1341/5194 1270/5190
f 1305/5193 1275/5186 1431/5195
f 1431/5195 1275/5186 1632/5196
f 1305/5193 1431/5195 1454/5197
f 1305/5193 1454/5197 1341/5194
f 1431/5195 1632/5196 1622/5198
f 1622/5198 1632/5196 1859/5199
f 1454/5197 1431/5195 1495/5200
f 1495/5200 1431/5195 1622/5198
f 1300/5201 1270/5190 1341/5194
f 1454/5197 1495/5200 1802/5202
f 1495/5200 1622/5198 1696/5203
f 1495/5200 1696/5203 1802/5202
f 1696/5203 1622/5198 1707/5204
f 1300/5201 1341/5194 1550/5205
f 1695/5206 1341/5194 1454/5197
f 1695/5206 1454/5197 1802/5202
f 1341/5194 1695/5206 1550/5205
f 1707/5204 1622/5198 1845/5207
f 1845/5207 1622/5198 1906/5208
f 1696/5203 1707/5204 1650/5209
f 1650/5209 1707/5204 1845/5207
f 1696/5203 1650/5209 1626/5210
f 1696/5203 1626/5210 1802/5202
f 1650/5209 1845/5207 1437/5211
f 1437/5211 1845/5207 1732/5212
f 1437/5211 1732/5212 1464/5213
f 1437/5211 1464/5213 1199/5214
f 1650/5209 1437/5211 1315/5215
f 1315/5215 1437/5211 1199/5214
f 1650/5209 1315/5215 1626/5210
f 1315/5215 1199/5214 1050/5216
f 1050/5216 1199/5214 1154/5217
f 1626/5210 1315/5215 1268/5218
f 1315/5215 1050/5216 1076/5219
f 1315/5215 1076/5219 1268/5218
f 1626/5210 1268/5218 1590/5220
f 1626/5210 1590/5220 1802/5202
f 1268/5218 1076/5219 1248/5221
f 1268/5218 1248/5221 1590/5220
f 1076/5219 1050/5216 958/5222
f 958/5222 1050/5216 921/5223
f 921/5223 1050/5216 1033/5224
f 958/5222 921/5223 857/5225
f 857/5225 921/5223 707/5226
f 857/5225 707/5226 481/5227
f 481/5227 707/5226 491/5228
f 857/5225 481/5227 760/5229
f 760/5229 481/5227 522/5230
f 958/5222 857/5225 962/5231
f 962/5231 857/5225 760/5229
f 958/5222 962/5231 1076/5219
f 760/5229 522/5230 839/5232
f 760/5229 839/5232 962/5231
f 839/5232 522/5230 862/5233
f 862/5233 522/5230 396/5234
f 962/5231 839/5232 1002/5235
f 962/5231 1002/5235 1076/5219
f 1002/5235 839/5232 862/5233
f 1076/5219 1002/5235 1248/5221
f 862/5233 396/5234 806/5236
f 1248/5221 1002/5235 1535/5237
f 1535/5237 1002/5235 862/5233
f 1248/5221 1535/5237 1590/5220
f 862/5233 806/5236 1573/5238
f 862/5233 1573/5238 1535/5237
f 1573/5238 806/5236 1333/5239
f 1333/5239 806/5236 993/5240
f 1535/5237 1573/5238 1931/5241
f 1590/5220 1535/5237 1902/5242
f 1902/5242 1535/5237 1931/5241
f 1590/5220 1902/5242 1983/5243
f 1590/5220 1983/5243 1802/5202
f 1983/5243 1902/5242 2060/5244
f 2060/5244 1902/5242 1931/5241
f 1802/5202 1983/5243 2111/5245
f 1737/5246 1931/5241 1573/5238
f 1737/5246 1573/5238 1333/5239
f 1983/5243 2060/5244 2114/5247
f 1983/5243 2114/5247 2111/5245
f 2060/5244 1931/5241 2072/5248
f 2060/5244 2072/5248 2114/5247
f 1931/5241 1737/5246 1993/5249
f 1931/5241 1993/5249 2072/5248
f 1737/5246 1333/5239 1585/5250
f 1585/5250 1333/5239 993/5240
f 1737/5246 1585/5250 1838/5251
f 1737/5246 1838/5251 1993/5249
f 1585/5250 993/5240 1290/5252
f 1838/5251 1585/5250 1644/5253
f 1644/5253 1585/5250 1290/5252
f 1290/5252 993/5240 505/5254
f 1838/5251 1644/5253 1860/5255
f 1838/5251 1860/5255 1993/5249
f 1644/5253 1290/5252 1505/5256
f 1644/5253 1505/5256 1860/5255
f 1505/5256 1290/5252 1227/5257
f 1227/5257 1290/5252 505/5254
f 1993/5249 1860/5255 2076/5258
f 2181/5259 2072/5248 1993/5249
f 2181/5259 1993/5249 2076/5258
f 2072/5248 2181/5259 2114/5247
f 2076/5258 1860/5255 1924/5260
f 2076/5258 1924/5260 2181/5259
f 1924/5260 1860/5255 1564/5261
f 1564/5261 1860/5255 1505/5256
f 2181/5259 1924/5260 2052/5262
f 1924/5260 1564/5261 1656/5263
f 1924/5260 1656/5263 2052/5262
f 1564/5261 1505/5256 1254/5264
f 1254/5264 1505/5256 1227/5257
f 1564/5261 1254/5264 1148/5265
f 1564/5261 1148/5265 1656/5263
f 1254/5264 1227/5257 874/5266
f 874/5266 1227/5257 505/5254
f 1148/5265 1254/5264 758/5267
f 758/5267 1254/5264 874/5266
f 874/5266 505/5254 434/5268
f 874/5266 434/5268 758/5267
f 434/5268 505/5254 130/5269
f 130/5269 505/5254 2781/5270
f 434/5268 130/5269 82/5271
f 434/5268 82/5271 361/5272
f 434/5268 361/5272 758/5267
f 361/5272 82/5271 403/5273
f 361/5272 403/5273 758/5267
f 758/5267 403/5273 746/5274
f 758/5267 746/5274 1148/5265
f 746/5274 403/5273 638/5275
f 638/5275 403/5273 349/5276
f 746/5274 638/5275 869/5277
f 1148/5265 746/5274 1134/5278
f 1134/5278 746/5274 869/5277
f 1134/5278 869/5277 1054/5279
f 1148/5265 1134/5278 1656/5263
f 1134/5278 1054/5279 1445/5280
f 1134/5278 1445/5280 1746/5281
f 1134/5278 1746/5281 1656/5263
f 1746/5281 1445/5280 1579/5282
f 1656/5263 1746/5281 2019/5283
f 1656/5263 2019/5283 2052/5262
f 1746/5281 1579/5282 1874/5284
f 1746/5281 1874/5284 2019/5283
f 2052/5262 2019/5283 2171/5285
f 2171/5285 2019/5283 1874/5284
f 2052/5262 2171/5285 2181/5259
f 1874/5284 1579/5282 1778/5286
f 2181/5259 2171/5285 2219/5287
f 2181/5259 2219/5287 2114/5247
f 2171/5285 1874/5284 2134/5288
f 2134/5288 1874/5284 1778/5286
f 2219/5287 2171/5285 2216/5289
f 2216/5289 2171/5285 2134/5288
f 2114/5247 2219/5287 2132/5290
f 2114/5247 2132/5290 2111/5245
f 2219/5287 2216/5289 2176/5291
f 2219/5287 2176/5291 2132/5290
f 2216/5289 2134/5288 2106/5292
f 2106/5292 2134/5288 1778/5286
f 2176/5291 2216/5289 2156/5293
f 2156/5293 2216/5289 2106/5292
f 2132/5290 2176/5291 2125/5294
f 2132/5290 2125/5294 2111/5245
f 2125/5294 2176/5291 2156/5293
f 2106/5292 1778/5286 1680/5295
f 1680/5295 1778/5286 1603/5296
f 2106/5292 1680/5295 2053/5297
f 2106/5292 2053/5297 2156/5293
f 2053/5297 1680/5295 1755/5298
f 2053/5297 1755/5298 2156/5293
f 1680/5295 1603/5296 1542/5299
f 1680/5295 1542/5299 1755/5298
f 2156/5293 1755/5298 1763/5300
f 1542/5299 1603/5296 1472/5301
f 1472/5301 1603/5296 1554/5302
f 1591/5303 1476/5304 1554/5302
f 1554/5302 1476/5304 1471/5305
f 1554/5302 1471/5305 1447/5306
f 1554/5302 1447/5306 1472/5301
f 1472/5301 1447/5306 1529/5307
f 1472/5301 1529/5307 1542/5299
f 1542/5299 1529/5307 1545/5308
f 1542/5299 1545/5308 1607/5309
f 1542/5299 1607/5309 1600/5310
f 1542/5299 1600/5310 1755/5298
f 1755/5298 1600/5310 1763/5300
f 1600/5310 1607/5309 1596/5311
f 1600/5310 1596/5311 1637/5312
f 1600/5310 1637/5312 1763/5300
f 1637/5312 1596/5311 1664/5313
f 1637/5312 1664/5313 1777/5314
f 1777/5314 1664/5313 1826/5315
f 1763/5300 1637/5312 1843/5316
f 1843/5316 1637/5312 1777/5314
f 1763/5300 1843/5316 2126/5317
f 1763/5300 2126/5317 2156/5293
f 1843/5316 1777/5314 2058/5318
f 1843/5316 2058/5318 2126/5317
f 2156/5293 2126/5317 2125/5294
f 2058/5318 1777/5314 1959/5319
f 1959/5319 1777/5314 1678/5320
f 2126/5317 2058/5318 2142/5321
f 2142/5321 2058/5318 1959/5319
f 2126/5317 2142/5321 2125/5294
f 2142/5321 1959/5319 1992/5322
f 2142/5321 1992/5322 2125/5294
f 1959/5319 1678/5320 1783/5323
f 1959/5319 1783/5323 1992/5322
f 1783/5323 1678/5320 1393/5324
f 2125/5294 1992/5322 1929/5325
f 2125/5294 1929/5325 2111/5245
f 2111/5245 1929/5325 1802/5202
f 1802/5202 1929/5325 1695/5206
f 1695/5206 1929/5325 1992/5322
f 1695/5206 1992/5322 1550/5205
f 1550/5205 1992/5322 1783/5323
f 1550/5205 1783/5323 1393/5324
f 1550/5205 1393/5324 1267/5326
f 1550/5205 1267/5326 1300/5201
f 1300/5201 1267/5326 1270/5190
f 1267/5326 1393/5324 1221/5327
f 1221/5327 1393/5324 1426/5328
f 1221/5327 1426/5328 1201/5329
f 1221/5327 1201/5329 1187/5330
f 1267/5326 1221/5327 1232/5331
f 1232/5331 1221/5327 1187/5330
f 1267/5326 1232/5331 1270/5190
f 1232/5331 1187/5330 1281/5332
f 1270/5190 1232/5331 1292/5192
f 1292/5192 1232/5331 1281/5332
f 578/5333 526/5334 357/5335
f 357/5335 526/5334 350/5336
f 357/5335 350/5336 185/5337
f 526/5334 578/5333 665/5338
f 665/5338 578/5333 778/5339
f 526/5334 665/5338 610/5340
f 665/5338 778/5339 769/5341
f 665/5338 769/5341 610/5340
f 526/5334 610/5340 454/5342
f 526/5334 454/5342 350/5336
f 454/5342 610/5340 540/5343
f 350/5336 454/5342 328/5344
f 328/5344 454/5342 540/5343
f 540/5343 610/5340 643/5345
f 643/5345 610/5340 769/5341
f 328/5344 540/5343 442/5346
f 540/5343 643/5345 536/5347
f 540/5343 536/5347 442/5346
f 643/5345 769/5341 800/5348
f 536/5347 643/5345 655/5349
f 655/5349 643/5345 800/5348
f 328/5344 442/5346 270/5350
f 442/5346 536/5347 457/5351
f 442/5346 457/5351 270/5350
f 536/5347 655/5349 467/5352
f 536/5347 467/5352 457/5351
f 655/5349 800/5348 698/5353
f 467/5352 655/5349 498/5354
f 498/5354 655/5349 698/5353
f 698/5353 800/5348 782/5355
f 831/5356 800/5348 769/5341
f 800/5348 831/5356 782/5355
f 457/5351 467/5352 362/5357
f 698/5353 782/5355 631/5358
f 698/5353 631/5358 498/5354
f 631/5358 782/5355 619/5359
f 337/5360 467/5352 498/5354
f 467/5352 337/5360 362/5357
f 457/5351 362/5357 341/5361
f 457/5351 341/5361 270/5350
f 631/5358 619/5359 439/5362
f 498/5354 631/5358 475/5363
f 475/5363 631/5358 439/5362
f 270/5350 341/5361 140/5364
f 498/5354 475/5363 393/5365
f 498/5354 393/5365 353/5366
f 498/5354 353/5366 337/5360
f 393/5365 475/5363 315/5367
f 353/5366 393/5365 306/5368
f 306/5368 393/5365 315/5367
f 315/5367 475/5363 278/5369
f 278/5369 475/5363 439/5362
f 306/5368 315/5367 284/5370
f 284/5370 315/5367 278/5369
f 353/5366 306/5368 303/5371
f 353/5366 303/5371 337/5360
f 306/5368 284/5370 314/5372
f 303/5371 306/5368 312/5373
f 312/5373 306/5368 314/5372
f 337/5360 303/5371 215/5374
f 215/5374 303/5371 312/5373
f 314/5372 284/5370 264/5375
f 264/5375 284/5370 278/5369
f 312/5373 314/5372 452/5376
f 314/5372 264/5375 319/5377
f 314/5372 319/5377 452/5376
f 264/5375 278/5369 257/5378
f 319/5377 264/5375 276/5379
f 276/5379 264/5375 257/5378
f 319/5377 276/5379 390/5380
f 257/5378 278/5369 346/5381
f 346/5381 278/5369 439/5362
f 276/5379 257/5378 294/5382
f 276/5379 294/5382 390/5380
f 257/5378 346/5381 292/5383
f 346/5381 439/5362 406/5384
f 346/5381 406/5384 292/5383
f 257/5378 292/5383 291/5385
f 257/5378 291/5385 294/5382
f 292/5383 406/5384 342/5386
f 292/5383 342/5386 291/5385
f 406/5384 439/5362 503/5387
f 294/5382 291/5385 386/5388
f 294/5382 386/5388 390/5380
f 503/5387 439/5362 619/5359
f 291/5385 342/5386 366/5389
f 291/5385 366/5389 386/5388
f 458/5390 342/5386 406/5384
f 458/5390 406/5384 503/5387
f 342/5386 458/5390 408/5391
f 342/5386 408/5391 366/5389
f 458/5390 503/5387 446/5392
f 458/5390 446/5392 408/5391
f 687/5393 503/5387 619/5359
f 503/5387 687/5393 446/5392
f 687/5393 619/5359 782/5355
f 687/5393 782/5355 832/5394
f 832/5394 782/5355 831/5356
f 446/5392 687/5393 543/5395
f 687/5393 832/5394 713/5396
f 687/5393 713/5396 543/5395
f 832/5394 831/5356 828/5397
f 832/5394 828/5397 713/5396
f 828/5397 831/5356 843/5398
f 543/5395 713/5396 556/5399
f 713/5396 828/5397 749/5400
f 713/5396 749/5400 556/5399
f 749/5400 828/5397 867/5401
f 867/5401 828/5397 843/5398
f 749/5400 867/5401 699/5402
f 749/5400 699/5402 556/5399
f 867/5401 843/5398 964/5403
f 699/5402 867/5401 1005/5404
f 1005/5404 867/5401 964/5403
f 556/5399 699/5402 472/5405
f 398/5406 543/5395 556/5399
f 543/5395 398/5406 446/5392
f 398/5406 556/5399 373/5407
f 373/5407 556/5399 472/5405
f 446/5392 398/5406 407/5408
f 446/5392 407/5408 408/5391
f 398/5406 373/5407 382/5409
f 398/5406 382/5409 407/5408
f 408/5391 407/5408 420/5410
f 407/5408 382/5409 402/5411
f 407/5408 402/5411 420/5410
f 408/5391 420/5410 385/5412
f 385/5412 420/5410 402/5411
f 408/5391 385/5412 366/5389
f 367/5413 382/5409 373/5407
f 382/5409 367/5413 402/5411
f 367/5413 373/5407 377/5414
f 377/5414 373/5407 472/5405
f 402/5411 367/5413 378/5415
f 402/5411 378/5415 385/5412
f 367/5413 377/5414 405/5416
f 367/5413 405/5416 378/5415
f 385/5412 378/5415 404/5417
f 385/5412 404/5417 366/5389
f 404/5417 378/5415 405/5416
f 366/5389 404/5417 456/5418
f 404/5417 405/5416 494/5419
f 404/5417 494/5419 456/5418
f 366/5389 456/5418 386/5388
f 520/5420 405/5416 377/5414
f 520/5420 377/5414 553/5421
f 553/5421 377/5414 472/5405
f 405/5416 520/5420 534/5422
f 405/5416 534/5422 494/5419
f 534/5422 520/5420 609/5423
f 609/5423 520/5420 553/5421
f 494/5419 534/5422 585/5424
f 585/5424 534/5422 609/5423
f 553/5421 472/5405 620/5425
f 494/5419 585/5424 633/5426
f 585/5424 609/5423 696/5427
f 585/5424 696/5427 633/5426
f 620/5425 472/5405 811/5428
f 811/5428 472/5405 699/5402
f 811/5428 699/5402 1005/5404
f 620/5425 811/5428 798/5429
f 620/5425 798/5429 553/5421
f 811/5428 1005/5404 1015/5430
f 811/5428 1015/5430 798/5429
f 553/5421 798/5429 722/5431
f 553/5421 722/5431 609/5423
f 798/5429 1015/5430 928/5432
f 798/5429 928/5432 722/5431
f 722/5431 928/5432 922/5433
f 922/5433 928/5432 1168/5434
f 609/5423 722/5431 673/5435
f 673/5435 722/5431 639/5436
f 609/5423 673/5435 696/5427
f 673/5435 639/5436 691/5437
f 673/5435 691/5437 696/5427
f 1168/5434 928/5432 1237/5438
f 1237/5438 928/5432 1015/5430
f 1168/5434 1237/5438 1363/5439
f 1237/5438 1015/5430 1299/5440
f 1299/5440 1015/5430 1005/5404
f 1363/5439 1237/5438 1455/5441
f 1455/5441 1237/5438 1299/5440
f 1363/5439 1455/5441 1486/5442
f 1299/5440 1005/5404 964/5403
f 1455/5441 1299/5440 1337/5443
f 1337/5443 1299/5440 964/5403
f 1455/5441 1337/5443 1474/5444
f 1455/5441 1474/5444 1492/5445
f 1492/5445 1474/5444 1504/5446
f 1504/5446 1474/5444 1616/5447
f 1474/5444 1337/5443 1378/5448
f 1378/5448 1337/5443 973/5449
f 973/5449 1337/5443 964/5403
f 973/5449 964/5403 932/5450
f 932/5450 964/5403 843/5398
f 973/5449 932/5450 778/5339
f 973/5449 778/5339 732/5451
f 932/5450 843/5398 837/5452
f 932/5450 837/5452 778/5339
f 837/5452 843/5398 831/5356
f 778/5339 837/5452 769/5341
f 769/5341 837/5452 831/5356
f 170/5453 185/5337 350/5336
f 185/5337 170/5453 114/5454
f 185/5337 114/5454 43/5455
f 170/5453 350/5336 204/5456
f 204/5456 350/5336 328/5344
f 204/5456 328/5344 270/5350
f 114/5454 170/5453 74/5457
f 43/5455 114/5454 2765/5458
f 2765/5458 114/5454 74/5457
f 74/5457 170/5453 49/5459
f 49/5459 170/5453 204/5456
f 74/5457 49/5459 2765/5458
f 204/5456 270/5350 111/5460
f 204/5456 111/5460 49/5459
f 43/5455 2765/5458 2903/5461
f 111/5460 270/5350 140/5364
f 2903/5461 2765/5458 2979/5462
f 2903/5461 2979/5462 3076/5463
f 3076/5463 2979/5462 3095/5464
f 3076/5463 3095/5464 3206/5465
f 2979/5462 2765/5458 2990/5466
f 2979/5462 2990/5466 3095/5464
f 2990/5466 2765/5458 2860/5467
f 2860/5467 2765/5458 49/5459
f 3095/5464 2990/5466 3003/5468
f 2860/5467 49/5459 2768/5469
f 2768/5469 49/5459 111/5460
f 2990/5466 2860/5467 2912/5470
f 2912/5470 2860/5467 2768/5469
f 2990/5466 2912/5470 3003/5468
f 2768/5469 111/5460 25/5471
f 25/5471 111/5460 140/5364
f 2912/5470 2768/5469 2882/5472
f 2912/5470 2882/5472 3003/5468
f 2882/5472 2768/5469 25/5471
f 3003/5468 2882/5472 2982/5473
f 2882/5472 25/5471 2865/5474
f 2882/5472 2865/5474 2982/5473
f 25/5471 140/5364 2780/5475
f 25/5471 2780/5475 2865/5474
f 2865/5474 2780/5475 2876/5476
f 2876/5476 2780/5475 104/5477
f 104/5477 2780/5475 140/5364
f 2876/5476 104/5477 2849/5478
f 2982/5473 2865/5474 2978/5479
f 104/5477 140/5364 254/5480
f 254/5480 140/5364 341/5361
f 254/5480 341/5361 362/5357
f 2849/5478 104/5477 35/5481
f 2849/5478 35/5481 2783/5482
f 2783/5482 35/5481 20/5483
f 35/5481 104/5477 174/5484
f 174/5484 104/5477 254/5480
f 20/5483 35/5481 99/5485
f 99/5485 35/5481 174/5484
f 254/5480 362/5357 251/5486
f 254/5480 251/5486 174/5484
f 251/5486 362/5357 337/5360
f 174/5484 251/5486 188/5487
f 188/5487 251/5486 337/5360
f 174/5484 188/5487 99/5485
f 188/5487 337/5360 215/5374
f 121/5488 20/5483 99/5485
f 121/5488 99/5485 188/5487
f 121/5488 188/5487 215/5374
f 20/5483 121/5488 48/5489
f 48/5489 121/5488 109/5490
f 109/5490 121/5488 215/5374
f 109/5490 215/5374 154/5491
f 154/5491 215/5374 286/5492
f 154/5491 286/5492 241/5493
f 241/5493 286/5492 338/5494
f 286/5492 215/5374 380/5495
f 286/5492 380/5495 338/5494
f 380/5495 215/5374 312/5373
f 338/5494 380/5495 521/5496
f 380/5495 312/5373 466/5497
f 521/5496 380/5495 532/5498
f 532/5498 380/5495 466/5497
f 521/5496 532/5498 648/5499
f 466/5497 312/5373 452/5376
f 648/5499 532/5498 656/5500
f 648/5499 656/5500 720/5501
f 532/5498 466/5497 618/5502
f 618/5502 466/5497 452/5376
f 532/5498 618/5502 656/5500
f 720/5501 656/5500 759/5503
f 656/5500 618/5502 708/5504
f 656/5500 708/5504 759/5503
f 618/5502 452/5376 550/5505
f 618/5502 550/5505 708/5504
f 550/5505 452/5376 425/5506
f 425/5506 452/5376 319/5377
f 708/5504 550/5505 623/5507
f 623/5507 550/5505 425/5506
f 708/5504 623/5507 759/5503
f 425/5506 319/5377 390/5380
f 759/5503 623/5507 681/5508
f 759/5503 681/5508 795/5509
f 623/5507 425/5506 530/5510
f 530/5510 425/5506 390/5380
f 623/5507 530/5510 681/5508
f 530/5510 390/5380 512/5511
f 512/5511 390/5380 386/5388
f 681/5508 530/5510 596/5512
f 596/5512 530/5510 512/5511
f 723/5513 795/5509 681/5508
f 723/5513 681/5508 596/5512
f 795/5509 723/5513 815/5514
f 512/5511 386/5388 507/5515
f 507/5515 386/5388 456/5418
f 596/5512 512/5511 598/5516
f 598/5516 512/5511 507/5515
f 507/5515 456/5418 571/5517
f 507/5515 571/5517 598/5516
f 571/5517 456/5418 494/5419
f 571/5517 494/5419 633/5426
f 571/5517 633/5426 598/5516
f 596/5512 598/5516 677/5518
f 596/5512 677/5518 723/5513
f 598/5516 633/5426 672/5519
f 598/5516 672/5519 677/5518
f 672/5519 633/5426 696/5427
f 723/5513 677/5518 743/5520
f 743/5520 677/5518 672/5519
f 723/5513 743/5520 815/5514
f 815/5514 743/5520 761/5521
f 743/5520 672/5519 697/5522
f 743/5520 697/5522 761/5521
f 697/5522 672/5519 696/5427
f 761/5521 697/5522 649/5523
f 697/5522 696/5427 691/5437
f 697/5522 691/5437 624/5524
f 1575/5525 1517/5526 1152/5527
f 1575/5525 1152/5527 1428/5528
f 1575/5525 1428/5528 1503/5529
f 1428/5528 1152/5527 1108/5530
f 1428/5528 1108/5530 1503/5529
f 1108/5530 1152/5527 942/5531
f 1575/5525 1503/5529 1537/5532
f 1575/5525 1537/5532 1517/5526
f 942/5531 1152/5527 972/5533
f 972/5533 1152/5527 1280/5534
f 1280/5534 1152/5527 1517/5526
f 972/5533 1280/5534 1054/5535
f 972/5533 1054/5535 942/5531
f 1280/5534 1517/5526 1480/5536
f 1280/5534 1480/5536 1054/5535
f 942/5531 1054/5535 869/5537
f 1054/5535 1480/5536 1445/5538
f 1445/5538 1480/5536 1553/5539
f 1553/5539 1480/5536 1517/5526
f 1445/5538 1553/5539 1579/5540
f 942/5531 869/5537 846/5541
f 846/5541 869/5537 638/5542
f 942/5531 846/5541 875/5543
f 846/5541 638/5542 654/5544
f 846/5541 654/5544 875/5543
f 654/5544 638/5542 349/5545
f 942/5531 875/5543 1108/5530
f 654/5544 349/5545 561/5546
f 561/5546 349/5545 260/5547
f 561/5546 260/5547 411/5548
f 654/5544 561/5546 729/5549
f 654/5544 729/5549 875/5543
f 561/5546 411/5548 668/5550
f 561/5546 668/5550 729/5549
f 668/5550 411/5548 560/5551
f 875/5543 729/5549 847/5552
f 875/5543 847/5552 1108/5530
f 847/5552 729/5549 799/5553
f 799/5553 729/5549 668/5550
f 847/5552 799/5553 1108/5530
f 668/5550 560/5551 744/5554
f 668/5550 744/5554 799/5553
f 744/5554 560/5551 639/5555
f 744/5554 639/5555 722/5556
f 744/5554 722/5556 922/5557
f 799/5553 744/5554 959/5558
f 799/5553 959/5558 1108/5530
f 959/5558 744/5554 922/5557
f 1108/5530 959/5558 1204/5559
f 1204/5559 959/5558 922/5557
f 1108/5530 1204/5559 1503/5529
f 1204/5559 922/5557 1168/5560
f 1204/5559 1168/5560 1399/5561
f 1204/5559 1399/5561 1503/5529
f 1399/5561 1168/5560 1363/5562
f 1399/5561 1363/5562 1486/5563
f 1399/5561 1486/5563 1503/5529
f 1503/5529 1486/5563 1537/5532
f 1492/5564 1538/5565 1486/5563
f 1486/5563 1538/5565 1537/5532
f 1619/5566 1586/5567 1538/5565
f 1538/5565 1586/5567 1537/5532
f 1537/5532 1586/5567 1645/5568
f 1537/5532 1645/5568 1591/5569
f 1537/5532 1591/5569 1593/5570
f 1537/5532 1593/5570 1517/5526
f 1593/5570 1591/5569 1554/5571
f 1517/5526 1593/5570 1553/5539
f 1553/5539 1593/5570 1554/5571
f 1553/5539 1554/5571 1641/5572
f 1553/5539 1641/5572 1579/5540
f 1641/5572 1554/5571 1603/5573
f 1579/5540 1641/5572 1778/5574
f 1778/5574 1641/5572 1603/5573
f 522/5575 221/5576 396/5577
f 221/5576 522/5575 240/5578
f 240/5578 522/5575 481/5579
f 221/5576 240/5578 2862/5580
f 221/5576 2862/5580 138/5581
f 221/5576 138/5581 396/5577
f 2862/5580 240/5578 2753/5582
f 396/5577 138/5581 44/5583
f 2753/5582 240/5578 190/5584
f 190/5584 240/5578 481/5579
f 396/5577 44/5583 59/5585
f 190/5584 481/5579 256/5586
f 256/5586 481/5579 491/5587
f 190/5584 256/5586 2848/5588
f 2848/5588 256/5586 197/5589
f 396/5577 59/5585 351/5590
f 351/5590 59/5585 2914/5591
f 396/5577 351/5590 806/5592
f 351/5590 2914/5591 46/5593
f 806/5592 351/5590 993/5594
f 993/5594 351/5590 537/5595
f 537/5595 351/5590 46/5593
f 993/5594 537/5595 505/5596
f 505/5596 537/5595 46/5593
f 505/5596 46/5593 2781/5597
f 488/5598 629/5599 584/5600
f 726/5601 649/5602 629/5599
f 629/5599 649/5602 584/5600
f 584/5600 649/5602 624/5603
f 624/5603 649/5602 697/5604
f 584/5600 624/5603 639/5605
f 639/5605 624/5603 691/5606
f 584/5600 639/5605 560/5607
f 584/5600 560/5607 488/5598
f 488/5598 560/5607 411/5608
f 488/5598 411/5608 318/5609
f 318/5609 411/5608 203/5610
f 488/5598 318/5609 444/5611
f 488/5598 444/5611 629/5599
f 318/5609 203/5610 226/5612
f 226/5612 203/5610 36/5613
f 226/5612 36/5613 233/5614
f 318/5609 226/5612 370/5615
f 318/5609 370/5615 444/5611
f 370/5615 226/5612 376/5616
f 629/5599 444/5611 580/5617
f 580/5617 444/5611 370/5615
f 629/5599 580/5617 663/5618
f 663/5618 580/5617 370/5615
f 203/5619 2795/5620 36/5621
f 2795/5620 203/5619 113/5622
f 113/5622 203/5619 260/5623
f 260/5623 203/5619 411/5624
f 113/5622 260/5623 37/5625
f 113/5622 37/5625 2853/5626
f 37/5625 260/5623 151/5627
f 37/5625 151/5627 2835/5628
f 151/5627 260/5623 349/5629
f 151/5627 349/5629 143/5630
f 151/5627 143/5630 2851/5631
f 143/5630 349/5629 403/5632
f 143/5630 403/5632 82/5633
f 143/5630 82/5633 2878/5634
f 726/5635 629/5636 779/5637
f 761/5638 649/5639 726/5635
f 761/5638 726/5635 779/5637
f 761/5638 779/5637 815/5640
f 779/5637 629/5636 663/5641
f 815/5640 779/5637 829/5642
f 815/5640 829/5642 795/5643
f 779/5637 663/5641 770/5644
f 779/5637 770/5644 829/5642
f 795/5643 829/5642 812/5645
f 795/5643 812/5645 759/5646
f 829/5642 770/5644 781/5647
f 812/5645 829/5642 817/5648
f 817/5648 829/5642 781/5647
f 759/5646 812/5645 797/5649
f 797/5649 812/5645 817/5648
f 759/5646 797/5649 720/5650
f 817/5648 781/5647 728/5651
f 817/5648 728/5651 797/5649
f 664/5652 781/5647 770/5644
f 781/5647 664/5652 728/5651
f 664/5652 770/5644 663/5641
f 797/5649 728/5651 706/5653
f 797/5649 706/5653 720/5650
f 728/5651 664/5652 586/5654
f 728/5651 586/5654 706/5653
f 664/5652 663/5641 376/5655
f 376/5655 663/5641 370/5656
f 586/5654 664/5652 354/5657
f 354/5657 664/5652 376/5655
f 720/5650 706/5653 628/5658
f 706/5653 586/5654 506/5659
f 706/5653 506/5659 628/5658
f 720/5650 628/5658 648/5660
f 354/5657 376/5655 233/5661
f 233/5661 376/5655 226/5662
f 586/5654 354/5657 271/5663
f 586/5654 271/5663 506/5659
f 354/5657 233/5661 103/5664
f 354/5657 103/5664 271/5663
f 103/5664 233/5661 50/5665
f 50/5665 233/5661 36/5666
f 50/5665 36/5666 2845/5667
f 103/5664 50/5665 2774/5668
f 2774/5668 50/5665 2845/5667
f 271/5663 103/5664 47/5669
f 47/5669 103/5664 2774/5668
f 150/5670 506/5659 271/5663
f 150/5670 271/5663 47/5669
f 506/5659 150/5670 305/5671
f 506/5659 305/5671 356/5672
f 506/5659 356/5672 628/5658
f 305/5671 150/5670 86/5673
f 150/5670 47/5669 2772/5674
f 150/5670 2772/5674 86/5673
f 2772/5674 47/5669 2866/5675
f 2866/5675 47/5669 2774/5668
f 2772/5674 2866/5675 2971/5676
f 2866/5675 2774/5668 2957/5677
f 2957/5677 2774/5668 2845/5667
f 2866/5675 2957/5677 3031/5678
f 2866/5675 3031/5678 2971/5676
f 2957/5677 2845/5667 2988/5679
f 2988/5679 2845/5667 2910/5680
f 3031/5678 2957/5677 3089/5681
f 3089/5681 2957/5677 2988/5679
f 3031/5678 3089/5681 3163/5682
f 3031/5678 3163/5682 2971/5676
f 3089/5681 2988/5679 3196/5683
f 3196/5683 2988/5679 3195/5684
f 3195/5684 2988/5679 3015/5685
f 3089/5681 3196/5683 3254/5686
f 3089/5681 3254/5686 3163/5682
f 3196/5683 3195/5684 3349/5687
f 3196/5683 3349/5687 3254/5686
f 3349/5687 3195/5684 3363/5688
f 3349/5687 3363/5688 3573/5689
f 3573/5689 3363/5688 3635/5690
f 3254/5686 3349/5687 3429/5691
f 3429/5691 3349/5687 3573/5689
f 3299/5692 3163/5682 3254/5686
f 3299/5692 3254/5686 3429/5691
f 3429/5691 3573/5689 3693/5693
f 3693/5693 3573/5689 3882/5694
f 3299/5692 3429/5691 3414/5695
f 3414/5695 3429/5691 3693/5693
f 3693/5693 3882/5694 3891/5696
f 3163/5682 3299/5692 3105/5697
f 3163/5682 3105/5697 2971/5676
f 3299/5692 3414/5695 3268/5698
f 3299/5692 3268/5698 3105/5697
f 3414/5695 3693/5693 3463/5699
f 3414/5695 3463/5699 3268/5698
f 3693/5693 3891/5696 3746/5700
f 3693/5693 3746/5700 3463/5699
f 3746/5700 3891/5696 3792/5701
f 3746/5700 3792/5701 3478/5702
f 3746/5700 3478/5702 3456/5703
f 3746/5700 3456/5703 3463/5699
f 3456/5703 3478/5702 3296/5704
f 3456/5703 3296/5704 3307/5705
f 3456/5703 3307/5705 3463/5699
f 3307/5705 3296/5704 3156/5706
f 3463/5699 3307/5705 3257/5707
f 3463/5699 3257/5707 3268/5698
f 3307/5705 3156/5706 3168/5708
f 3307/5705 3168/5708 3257/5707
f 3168/5708 3156/5706 3002/5709
f 3002/5709 3156/5706 2994/5710
f 3257/5707 3168/5708 3083/5711
f 3083/5711 3168/5708 3002/5709
f 3268/5698 3257/5707 3130/5712
f 3130/5712 3257/5707 3083/5711
f 3268/5698 3130/5712 3105/5697
f 3130/5712 3083/5711 3038/5713
f 3130/5712 3038/5713 3105/5697
f 3083/5711 3002/5709 2965/5714
f 3083/5711 2965/5714 3038/5713
f 3105/5697 3038/5713 2932/5715
f 2932/5715 3038/5713 2965/5714
f 3105/5697 2932/5715 2944/5716
f 3105/5697 2944/5716 2971/5676
f 2971/5676 2944/5716 2802/5717
f 2971/5676 2802/5717 2772/5674
f 2772/5674 2802/5717 86/5673
f 2802/5717 2944/5716 2750/5718
f 2750/5718 2944/5716 2932/5715
f 2802/5717 2750/5718 86/5673
f 2870/5719 2932/5715 2965/5714
f 86/5673 2750/5718 211/5720
f 86/5673 211/5720 305/5671
f 2750/5718 2932/5715 2810/5721
f 2810/5721 2932/5715 2870/5719
f 305/5671 211/5720 356/5672
f 211/5720 2750/5718 167/5722
f 211/5720 167/5722 356/5672
f 2750/5718 2810/5721 63/5723
f 2750/5718 63/5723 167/5722
f 2810/5721 2870/5719 2751/5724
f 2810/5721 2751/5724 63/5723
f 167/5722 63/5723 187/5725
f 187/5725 63/5723 2751/5724
f 356/5672 167/5722 285/5726
f 285/5726 167/5722 187/5725
f 356/5672 285/5726 509/5727
f 356/5672 509/5727 628/5658
f 628/5658 509/5727 648/5660
f 648/5660 509/5727 521/5728
f 509/5727 285/5726 365/5729
f 509/5727 365/5729 521/5728
f 365/5729 285/5726 187/5725
f 521/5728 365/5729 338/5730
f 365/5729 187/5725 177/5731
f 365/5729 177/5731 338/5730
f 177/5731 187/5725 2751/5724
f 338/5730 177/5731 235/5732
f 338/5730 235/5732 241/5733
f 177/5731 2751/5724 101/5734
f 177/5731 101/5734 235/5732
f 101/5734 2751/5724 2799/5735
f 2799/5735 2751/5724 2870/5719
f 235/5732 101/5734 69/5736
f 69/5736 101/5734 2799/5735
f 241/5733 235/5732 127/5737
f 127/5737 235/5732 69/5736
f 241/5733 127/5737 154/5738
f 69/5736 2799/5735 2771/5739
f 69/5736 2771/5739 127/5737
f 2799/5735 2870/5719 2892/5740
f 2892/5740 2870/5719 2965/5714
f 154/5738 127/5737 57/5741
f 57/5741 127/5737 2771/5739
f 154/5738 57/5741 109/5742
f 109/5742 57/5741 48/5743
f 2799/5735 2892/5740 2847/5744
f 2799/5735 2847/5744 2771/5739
f 2892/5740 2965/5714 2895/5745
f 2892/5740 2895/5745 2847/5744
f 2895/5745 2965/5714 3002/5709
f 48/5743 57/5741 2770/5746
f 2770/5746 57/5741 2771/5739
f 2771/5739 2847/5744 2852/5747
f 2771/5739 2852/5747 2770/5746
f 2852/5747 2847/5744 2895/5745
f 48/5743 2770/5746 2754/5748
f 48/5743 2754/5748 20/5749
f 2754/5748 2770/5746 2806/5750
f 20/5749 2754/5748 2813/5751
f 2813/5751 2754/5748 2806/5750
f 20/5749 2813/5751 2783/5752
f 2806/5750 2770/5746 2855/5753
f 2855/5753 2770/5746 2852/5747
f 2806/5750 2855/5753 2813/5751
f 2855/5753 2852/5747 2895/5745
f 2783/5752 2813/5751 2839/5754
f 2783/5752 2839/5754 2849/5755
f 2813/5751 2855/5753 2889/5756
f 2889/5756 2855/5753 2895/5745
f 2813/5751 2889/5756 2839/5754
f 2889/5756 2895/5745 2945/5757
f 2945/5757 2895/5745 3002/5709
f 2945/5757 3002/5709 2994/5710
f 2889/5756 2945/5757 2908/5758
f 2908/5758 2945/5757 2994/5710
f 2889/5756 2908/5758 2839/5754
f 2839/5754 2908/5758 2849/5755
f 2908/5758 2994/5710 2949/5759
f 2908/5758 2949/5759 2849/5755
f 2849/5755 2949/5759 2876/5760
f 2876/5760 2949/5759 2978/5761
f 2876/5760 2978/5761 2865/5762
f 1486/5763 1455/5764 1492/5765
f 4300/5766 4338/5767 4045/5768
f 4045/5768 4338/5767 4141/5769
f 4338/5767 4300/5766 4513/5770
f 4045/5768 4141/5769 3692/5771
f 4045/5768 3692/5771 3450/5772
f 3450/5772 3692/5771 3582/5773
f 4513/5770 4300/5766 4514/5774
f 4513/5770 4514/5774 4726/5775
f 4726/5775 4514/5774 4741/5776
f 4741/5776 4514/5774 4712/5777
f 4514/5774 4300/5766 4229/5778
f 4514/5774 4229/5778 4712/5777
f 3591/5779 4300/5766 4045/5768
f 4300/5766 3591/5779 4229/5778
f 3591/5779 4045/5768 3436/5780
f 3436/5780 4045/5768 3450/5772
f 3591/5779 3436/5780 3348/5781
f 3348/5781 3436/5780 3450/5772
f 4229/5778 3591/5779 3442/5782
f 3442/5782 3591/5779 3348/5781
f 4465/5783 4712/5777 4229/5778
f 4712/5777 4465/5783 4739/5784
f 4739/5784 4465/5783 4646/5785
f 3348/5781 3450/5772 3304/5786
f 4646/5785 4465/5783 4326/5787
f 4646/5785 4326/5787 4511/5788
f 4511/5788 4326/5787 3898/5789
f 4326/5787 4465/5783 4034/5790
f 4034/5790 4465/5783 4229/5778
f 3898/5789 4326/5787 3617/5791
f 3617/5791 4326/5787 4034/5790
f 3199/5792 3560/5793 3898/5789
f 4034/5790 4229/5778 3665/5794
f 3665/5794 4229/5778 3442/5782
f 3199/5792 3898/5789 3261/5795
f 3261/5795 3898/5789 3617/5791
f 4034/5790 3665/5794 3642/5796
f 4034/5790 3642/5796 3617/5791
f 3665/5794 3442/5782 3406/5797
f 3406/5797 3442/5782 3348/5781
f 3642/5796 3665/5794 3595/5798
f 3595/5798 3665/5794 3406/5797
f 3617/5791 3642/5796 3448/5799
f 3617/5791 3448/5799 3261/5795
f 3642/5796 3595/5798 3620/5800
f 3642/5796 3620/5800 3448/5799
f 3595/5798 3406/5797 3559/5801
f 3406/5797 3348/5781 3295/5802
f 3295/5802 3348/5781 3304/5786
f 3406/5797 3295/5802 3378/5803
f 3406/5797 3378/5803 3559/5801
f 3620/5800 3595/5798 3817/5804
f 3817/5804 3595/5798 3559/5801
f 3503/5805 3448/5799 3620/5800
f 3503/5805 3620/5800 3902/5806
f 3902/5806 3620/5800 3817/5804
f 3503/5805 3902/5806 3919/5807
f 3448/5799 3503/5805 3315/5808
f 3315/5808 3503/5805 3435/5809
f 3448/5799 3315/5808 3261/5795
f 3315/5808 3435/5809 3044/5810
f 3261/5795 3315/5808 3112/5811
f 3112/5811 3315/5808 3044/5810
f 3112/5811 3044/5810 2792/5812
s 0
f 2792/5812 3044/5810 27/5813
s 1
f 3261/5795 3112/5811 3100/5814
f 3261/5795 3100/5814 3199/5792
f 3199/5792 3100/5814 2955/5815
f 3100/5814 3112/5811 2936/5816
f 3100/5814 2936/5816 2955/5815
f 2936/5816 3112/5811 2792/5812
f 2955/5815 2936/5816 2769/5817
f 2936/5816 2792/5812 2777/5818
f 4082/5819 4119/5820 3902/5806
f 4082/5819 3902/5806 3817/5804
f 4082/5819 3817/5804 4100/5821
f 4082/5819 4100/5821 4207/5822
f 4082/5819 4207/5822 4240/5823
f 4100/5821 3817/5804 4038/5824
f 4207/5822 4100/5821 4177/5825
f 4177/5825 4100/5821 4038/5824
f 4207/5822 4177/5825 4246/5826
f 4207/5822 4246/5826 4319/5827
f 4246/5826 4177/5825 4163/5828
f 4246/5826 4163/5828 4252/5829
f 4177/5825 4038/5824 4094/5830
f 4177/5825 4094/5830 4163/5828
f 3829/5831 4038/5824 3817/5804
f 3829/5831 3817/5804 3559/5801
f 4252/5829 4163/5828 4144/5832
f 4094/5830 4038/5824 4013/5833
f 4013/5833 4038/5824 3829/5831
f 4163/5828 4094/5830 4027/5834
f 4027/5834 4094/5830 4013/5833
f 4013/5833 3829/5831 3827/5835
f 4013/5833 3827/5835 4027/5834
f 3827/5835 3829/5831 3559/5801
f 3827/5835 3559/5801 3698/5836
f 3827/5835 3698/5836 4027/5834
f 3698/5836 3559/5801 3378/5803
f 4163/5828 4027/5834 3960/5837
f 3960/5837 4027/5834 3698/5836
f 4163/5828 3960/5837 4017/5838
f 4163/5828 4017/5838 4144/5832
f 3960/5837 3698/5836 3699/5839
f 3699/5839 3698/5836 3378/5803
f 3960/5837 3699/5839 4017/5838
f 4144/5832 4017/5838 3944/5840
f 4144/5832 3944/5840 3933/5841
f 3933/5841 3944/5840 3823/5842
f 3823/5842 3944/5840 3742/5843
f 3742/5843 3944/5840 4017/5838
f 3742/5843 4017/5838 3699/5839
f 3742/5843 3699/5839 3428/5844
f 3428/5844 3699/5839 3378/5803
f 3742/5843 3428/5844 3624/5845
f 3428/5844 3378/5803 3301/5846
f 3301/5846 3378/5803 3295/5802
f 3624/5845 3428/5844 3412/5847
f 3412/5847 3428/5844 3301/5846
f 3301/5846 3295/5802 3304/5786
f 3301/5846 3304/5786 3412/5847
f 3624/5845 3412/5847 3498/5848
f 3498/5848 3412/5847 3304/5786
f 3624/5845 3498/5848 3729/5849
f 3729/5849 3498/5848 3644/5850
f 3498/5848 3304/5786 3410/5851
f 3498/5848 3410/5851 3644/5850
f 3410/5851 3304/5786 3450/5772
f 3644/5850 3410/5851 3582/5773
f 3582/5773 3410/5851 3450/5772
f 3776/5852 3685/3809 3732/3814
f 3685/3809 3776/5852 3756/3807
f 3756/3807 3776/5852 3969/5853
f 3756/3807 3969/5853 3794/3804
f 3776/5852 3732/3814 3914/5854
f 3776/5852 3914/5854 3969/5853
f 3914/5854 3732/3814 3779/5855
f 3779/5855 3732/3814 3740/5856
f 3914/5854 3779/5855 3972/5857
f 3914/5854 3972/5857 3969/5853
f 3794/3804 3969/5853 3956/5858
f 3794/3804 3956/5858 3941/3803
f 3956/5858 3969/5853 4047/5859
f 3956/5858 4047/5859 3941/3803
f 4047/5859 3969/5853 4070/5860
f 4070/5860 3969/5853 3972/5857
f 3941/3803 4047/5859 4118/5861
f 4118/5861 4047/5859 4070/5860
f 3941/3803 4118/5861 3966/3778
f 3941/3803 3966/3778 3838/3779
f 3966/3778 4118/5861 4127/5862
f 4118/5861 4070/5860 4168/5863
f 4118/5861 4168/5863 4127/5862
f 3966/3778 4127/5862 4052/5864
f 3966/3778 4052/5864 3959/3769
f 3959/3769 4052/5864 4053/3768
f 4052/5864 4127/5862 4164/5865
f 4164/5865 4127/5862 4168/5863
f 4053/3768 4052/5864 4150/5866
f 4150/5866 4052/5864 4164/5865
f 4053/3768 4150/5866 4181/5867
f 4181/5867 4150/5866 4164/5865
f 4053/3768 4181/5867 4081/5868
f 4053/3768 4081/5868 3983/3765
f 4181/5867 4164/5865 4143/5869
f 4143/5869 4164/5865 4168/5863
f 3983/3765 4081/5868 4032/3766
f 4143/5869 4168/5863 4086/5870
f 4086/5870 4168/5863 4070/5860
f 4181/5867 4143/5869 4114/5871
f 4181/5867 4114/5871 4081/5868
f 4143/5869 4086/5870 4037/5872
f 4143/5869 4037/5872 4114/5871
f 4086/5870 4070/5860 4010/5873
f 4010/5873 4070/5860 3972/5857
f 4081/5868 4114/5871 4000/5874
f 4081/5868 4000/5874 4032/3766
f 4010/5873 3972/5857 3841/5875
f 3841/5875 3972/5857 3779/5855
f 4086/5870 4010/5873 3922/5876
f 4010/5873 3841/5875 3715/5877
f 4010/5873 3715/5877 3922/5876
f 3841/5875 3779/5855 3778/5878
f 3778/5878 3779/5855 3740/5856
f 3778/5878 3740/5856 3801/5879
f 3841/5875 3778/5878 3782/5880
f 3841/5875 3782/5880 3715/5877
f 3778/5878 3801/5879 3770/5881
f 3778/5878 3770/5881 3782/5880
f 3715/5877 3782/5880 3667/5882
f 3667/5882 3782/5880 3770/5881
f 3905/5883 3922/5876 3715/5877
f 3770/5881 3801/5879 3871/5884
f 3871/5884 3801/5879 3814/5885
f 3871/5884 3814/5885 3768/5886
f 3770/5881 3871/5884 3850/5887
f 3715/5877 3667/5882 3704/5888
f 3715/5877 3704/5888 3905/5883
f 3711/5889 3667/5882 3770/5881
f 3667/5882 3711/5889 3704/5888
f 3711/5889 3770/5881 3850/5887
f 3871/5884 3768/5886 3784/5890
f 3850/5887 3871/5884 3868/5891
f 3850/5887 3868/5891 3711/5889
f 3868/5891 3871/5884 3784/5890
f 3704/5888 3711/5889 3747/5892
f 3747/5892 3711/5889 3868/5891
f 3784/5890 3768/5886 3638/5893
f 3704/5888 3747/5892 3836/5894
f 3704/5888 3836/5894 3905/5883
f 3747/5892 3868/5891 3798/5895
f 3798/5895 3868/5891 3784/5890
f 3784/5890 3638/5893 3708/5896
f 3784/5890 3708/5896 3798/5895
f 3708/5896 3638/5893 3600/5897
f 3747/5892 3798/5895 3658/5898
f 3747/5892 3658/5898 3836/5894
f 3798/5895 3708/5896 3639/5899
f 3600/5897 3638/5893 3313/5900
f 3313/5900 3638/5893 3239/5901
f 3708/5896 3600/5897 3423/5902
f 3708/5896 3423/5902 3639/5899
f 3600/5897 3313/5900 3318/5903
f 3600/5897 3318/5903 3423/5902
f 3798/5895 3639/5899 3552/5904
f 3798/5895 3552/5904 3658/5898
f 3639/5899 3423/5902 3366/5905
f 3552/5904 3639/5899 3300/5906
f 3300/5906 3639/5899 3366/5905
f 3366/5905 3423/5902 3228/5907
f 3228/5907 3423/5902 3318/5903
f 3658/5898 3552/5904 3418/5908
f 3418/5908 3552/5904 3300/5906
f 3658/5898 3418/5908 3531/5909
f 3228/5907 3318/5903 3144/5910
f 3144/5910 3318/5903 3313/5900
f 3658/5898 3531/5909 3836/5894
f 3418/5908 3300/5906 3208/5911
f 3418/5908 3208/5911 3272/5912
f 3418/5908 3272/5912 3531/5909
f 3208/5911 3300/5906 3114/5913
f 3272/5912 3208/5911 3066/5914
f 3066/5914 3208/5911 3114/5913
f 3066/5914 3114/5913 2901/5915
f 2901/5915 3114/5913 2969/5916
f 3114/5913 3300/5906 3176/5917
f 3114/5913 3176/5917 2969/5916
f 3176/5917 3300/5906 3366/5905
f 3176/5917 3366/5905 3228/5907
f 3176/5917 3228/5907 3097/5918
f 3176/5917 3097/5918 2969/5916
f 3097/5918 3228/5907 3144/5910
f 2969/5916 3097/5918 3071/5919
f 3071/5919 3097/5918 3144/5910
f 2969/5916 3071/5919 2871/5920
f 3071/5919 3144/5910 2942/5921
f 2942/5921 3144/5910 3128/5922
f 2942/5921 3128/5922 3043/5923
f 3128/5922 3144/5910 3313/5900
f 3043/5923 3128/5922 3103/5924
f 3103/5924 3128/5922 3313/5900
f 3987/5925 4086/5870 3922/5876
f 3987/5925 3922/5876 3905/5883
f 4086/5870 3987/5925 4037/5872
f 3987/5925 3905/5883 3964/5926
f 3987/5925 3964/5926 4037/5872
f 3964/5926 3905/5883 3939/5927
f 3964/5926 3939/5927 4037/5872
f 3939/5927 3905/5883 3836/5894
f 4037/5872 3939/5927 4012/5928
f 4037/5872 4012/5928 4114/5871
f 3939/5927 3836/5894 3705/5929
f 3705/5929 3836/5894 3531/5909
f 4012/5928 3939/5927 3861/5930
f 3861/5930 3939/5927 3705/5929
f 4114/5871 4012/5928 3923/5931
f 3923/5931 4012/5928 3861/5930
f 4114/5871 3923/5931 4000/5874
f 3705/5929 3531/5909 3466/5932
f 4000/5874 3923/5931 3873/5933
f 3466/5932 3531/5909 3305/5934
f 3705/5929 3466/5932 3434/5935
f 3434/5935 3466/5932 3305/5934
f 3305/5934 3531/5909 3272/5912
f 3873/5933 3923/5931 3752/5936
f 3752/5936 3923/5931 3861/5930
f 4000/5874 3873/5933 3942/5937
f 3942/5937 3873/5933 3752/5936
f 4000/5874 3942/5937 4032/3766
f 3305/5934 3272/5912 3161/5938
f 3161/5938 3272/5912 3066/5914
f 3161/5938 3066/5914 3014/5939
f 3161/5938 3014/5939 3164/5940
f 3161/5938 3164/5940 3305/5934
f 3164/5940 3014/5939 3065/5941
f 3305/5934 3164/5940 3269/5942
f 3305/5934 3269/5942 3434/5935
f 3164/5940 3065/5941 3238/5943
f 3164/5940 3238/5943 3269/5942
f 3434/5935 3269/5942 3399/5944
f 3399/5944 3269/5942 3238/5943
f 3434/5935 3399/5944 3542/5945
f 3238/5943 3065/5941 3132/5946
f 3132/5946 3065/5941 2822/5947
f 3399/5944 3238/5943 3356/5948
f 3356/5948 3238/5943 3132/5946
f 3399/5944 3356/5948 3522/5949
f 3399/5944 3522/5949 3542/5945
f 3356/5948 3132/5946 3334/5950
f 3522/5949 3356/5948 3527/5951
f 3527/5951 3356/5948 3334/5950
f 3522/5949 3527/5951 3764/5952
f 3522/5949 3764/5952 3542/5945
f 3334/5950 3132/5946 3180/5953
f 3180/5953 3132/5946 2887/5954
f 3527/5951 3334/5950 3409/5955
f 3409/5955 3334/5950 3180/5953
f 3527/5951 3409/5955 3630/5956
f 3527/5951 3630/5956 3764/5952
f 3409/5955 3180/5953 3219/5957
f 3219/5957 3180/5953 2970/5958
f 3630/5956 3409/5955 3407/5959
f 3407/5959 3409/5955 3219/5957
f 3219/5957 2970/5958 3240/5960
f 3219/5957 3240/5960 3407/5959
f 3240/5960 2970/5958 3008/5961
f 3240/5960 3008/5961 3178/5962
f 3178/5962 3008/5961 2886/5963
f 3178/5962 2886/5963 3054/5964
f 3240/5960 3178/5962 3335/5965
f 3335/5965 3178/5962 3293/5966
f 3240/5960 3335/5965 3533/5967
f 3240/5960 3533/5967 3407/5959
f 3407/5959 3533/5967 3716/5968
f 3407/5959 3716/5968 3630/5956
f 3716/5968 3533/5967 3849/5969
f 3849/5969 3533/5967 3759/5970
f 3630/5956 3716/5968 3930/5971
f 3716/5968 3849/5969 3927/5972
f 3716/5968 3927/5972 3930/5971
f 3927/5972 3849/5969 3907/5973
f 3927/5972 3907/5973 3984/3767
f 3927/5972 3984/3767 4032/3766
f 3927/5972 4032/3766 3930/5971
f 3630/5956 3930/5971 3764/5952
f 3930/5971 4032/3766 3942/5937
f 3930/5971 3942/5937 3875/5974
f 3930/5971 3875/5974 3764/5952
f 3875/5974 3942/5937 3752/5936
f 3764/5952 3875/5974 3694/5975
f 3764/5952 3694/5975 3542/5945
f 3875/5974 3752/5936 3646/5976
f 3875/5974 3646/5976 3694/5975
f 3694/5975 3646/5976 3542/5945
f 3646/5976 3752/5936 3861/5930
f 3542/5945 3646/5976 3538/5977
f 3538/5977 3646/5976 3861/5930
f 3542/5945 3538/5977 3434/5935
f 3538/5977 3861/5930 3705/5929
f 3538/5977 3705/5929 3434/5935
f 4741/5978 4804/5979 4812/5980
f 4804/5979 4741/5978 4803/5981
f 3191/5982 3206/5465 3095/5464
f 3206/5465 3191/5982 3361/5983
f 3361/5983 3191/5982 3478/5984
f 3361/5983 3478/5984 3555/5985
f 3555/5985 3478/5984 3792/5986
f 3478/5984 3191/5982 3296/5987
f 3191/5982 3095/5464 3079/5988
f 3079/5988 3095/5464 3003/5468
f 3079/5988 3003/5468 2982/5473
f 3079/5988 2982/5473 3080/5989
f 3079/5988 3080/5989 3191/5982
f 3080/5989 2982/5473 2978/5479
f 3296/5987 3191/5982 3143/5990
f 3143/5990 3191/5982 3080/5989
f 3143/5990 3080/5989 2978/5479
f 3296/5987 3143/5990 3156/5991
f 3143/5990 2978/5479 3025/5992
f 3143/5990 3025/5992 3156/5991
f 3025/5992 2978/5479 2949/5993
f 3156/5991 3025/5992 2994/5994
f 2994/5994 3025/5992 2949/5993
