# This file uses centimeters as units for non-parametric coordinates.

mtllib iron_plate1_low1.mtl
g default
v 0.000000 2.549659 -0.000000
v -0.000000 2.549660 2.830609
v -0.000000 2.549660 2.564533
v -0.000000 2.549660 8.373919
v -0.000000 2.549660 8.112475
v -0.000000 2.549660 8.659300
v 0.000000 2.549660 8.924735
v -0.000000 2.549659 9.201775
v 0.000000 2.549659 9.452340
v -0.000000 2.549660 7.851409
v -0.000000 2.549660 7.594633
v -0.000000 2.549660 7.327449
v -0.000000 2.549660 7.080350
v 0.000000 2.549660 3.096060
v 0.000000 2.549660 2.299080
v 0.000000 2.549660 3.357150
v -0.000000 2.549660 3.628790
v -0.000000 2.549660 3.880076
v 0.000000 2.549660 2.037988
v -0.000000 2.549660 1.766347
v -0.000000 2.549660 1.515062
v 0.000000 2.549660 1.176857
v 1.998494 2.549659 -0.000000
v 9.392138 2.549660 -0.000000
v -0.000000 2.549660 4.218281
v -0.000000 2.549660 6.747736
v 0.000000 2.549660 9.843718
v 5.586884 2.549659 0.000000
v 12.226892 1.284661 11.458123
v 9.392138 1.284661 11.458123
v 12.226892 1.284661 -0.000000
v 12.226892 1.284661 1.176856
v 1.998494 1.284661 11.458123
v -0.000000 1.284661 11.458123
v 12.226892 1.284661 9.452340
v 12.226892 1.284661 9.843718
v 12.226892 1.284661 9.201471
v 12.226891 1.284661 8.924737
v 12.226891 1.284661 8.659300
v 12.226891 1.284661 8.382704
v 12.226891 1.284661 8.112476
v 12.226892 1.284661 7.851409
v 12.226892 1.284661 7.594633
v 12.226892 1.284661 7.327483
v 12.226892 1.284661 7.080351
v 12.226892 1.284661 6.747736
v 5.586885 1.284661 11.458123
v 12.226892 1.284661 4.274677
v 12.226892 1.284661 3.880077
v 12.226892 1.284661 3.628790
v 12.226892 1.284661 3.357151
v 12.226892 1.284661 3.096059
v 12.226892 1.284661 2.830605
v 12.226892 1.284661 2.564533
v 12.226892 1.284661 2.299079
v 12.226892 1.284661 2.037987
v 12.226892 1.284661 1.766347
v 12.226892 1.284661 1.515061
v 3.417099 1.284661 11.458123
v 3.417099 2.549659 0.000000
v 7.756671 2.549660 0.000000
v 7.756671 1.284661 11.458123
v 12.059727 2.549660 11.290958
v 12.226892 2.382495 11.458123
v 9.392138 2.382495 11.458123
v 9.392138 2.549659 11.290958
v 12.059727 2.549660 0.000000
v 12.226892 2.382495 0.000000
v -0.000000 2.549660 11.290958
v -0.000000 2.382495 11.458123
v 1.998494 2.382495 11.458123
v 1.998494 2.549660 11.290958
v 12.059727 2.549660 9.452340
v 12.226892 2.382495 9.452340
v 12.059727 2.549659 9.843718
v 12.226892 2.382495 9.843718
v 12.059728 2.549660 9.202087
v 12.226892 2.382494 9.201471
v 12.059726 2.549660 8.924737
v 12.226891 2.382495 8.924737
v 12.059726 2.549660 8.659300
v 12.226891 2.382495 8.659300
v 12.059726 2.549660 8.382704
v 12.226891 2.382495 8.382704
v 12.059726 2.549660 8.112476
v 12.226891 2.382495 8.112476
v 12.059727 2.549660 7.851409
v 12.226892 2.382495 7.851409
v 12.059728 2.549660 7.594633
v 12.226892 2.382495 7.594633
v 12.059728 2.549660 7.327483
v 12.226892 2.382495 7.327483
v 12.059728 2.549660 7.080351
v 12.226892 2.382495 7.080351
v 12.059728 2.549660 6.747736
v 12.226892 2.382495 6.747736
v 7.756671 2.382495 11.458123
v 7.756671 2.549659 11.290958
v 12.059759 2.549660 4.270580
v 12.226892 2.382464 4.274677
v 12.059728 2.549660 3.880077
v 12.226892 2.382495 3.880077
v 12.059728 2.549660 3.628790
v 12.226892 2.382495 3.628790
v 12.059728 2.549660 3.357151
v 12.226892 2.382495 3.357151
v 12.059728 2.549660 3.096059
v 12.226892 2.382495 3.096059
v 12.059728 2.549660 2.830605
v 12.226892 2.382495 2.830605
v 12.059728 2.549660 2.564533
v 12.226892 2.382495 2.564533
v 12.059728 2.549660 2.299079
v 12.226892 2.382495 2.299079
v 12.059728 2.549660 2.037987
v 12.226892 2.382495 2.037987
v 12.059728 2.549660 1.766347
v 12.226892 2.382495 1.766347
v 12.059728 2.549660 1.515061
v 12.226892 2.382495 1.515061
v 12.059728 2.549660 1.176856
v 12.226892 2.382495 1.176856
v 5.586885 2.382495 11.458123
v 5.586885 2.549659 11.290958
v 3.417099 2.382495 11.458123
v 3.417099 2.549660 11.290958
v 1.945882 2.549660 1.084952
v 1.998494 2.447122 1.176856
v 1.754330 2.447122 1.515061
v 1.669184 2.549660 1.468221
v 1.615165 2.447122 1.766347
v 1.524778 2.549660 1.728970
v 1.505237 2.447122 2.037987
v 1.411341 2.549660 2.009282
v 1.426251 2.447122 2.299079
v 1.330058 2.549660 2.277965
v 1.371781 2.447122 2.564533
v 1.273040 2.549660 2.555835
v 1.371781 2.447122 2.830605
v 1.273040 2.549660 2.839303
v 1.426251 2.447122 3.096059
v 1.330058 2.549660 3.117173
v 1.505237 2.447122 3.357151
v 1.411341 2.549660 3.385856
v 1.615165 2.447122 3.628790
v 1.524778 2.549660 3.666167
v 5.586885 2.549660 1.084952
v 5.586885 2.447122 1.176856
v 3.417099 2.447122 1.176856
v 3.417099 2.549660 1.084952
v 1.754330 2.447122 3.880077
v 1.669184 2.549660 3.926917
v 1.998494 2.447122 4.218281
v 1.945882 2.549660 4.310186
v 1.945882 2.549660 6.657351
v 1.998494 2.447122 6.747736
v 1.754330 2.447122 7.080350
v 1.669184 2.549660 7.034285
v 1.615181 2.447121 7.327456
v 1.524797 2.549660 7.290690
v 1.505237 2.447122 7.594633
v 1.411342 2.549660 7.566401
v 1.426251 2.447122 7.851409
v 1.330058 2.549660 7.830644
v 1.371781 2.447122 8.112476
v 1.273040 2.549660 8.103922
v 1.371781 2.447117 8.373964
v 1.273035 2.549660 8.382465
v 3.417099 2.549660 4.310186
v 3.417099 2.447122 4.218281
v 1.426145 2.447116 8.634711
v 1.329916 2.549660 8.655334
v 1.505237 2.447122 8.891993
v 1.411338 2.549660 8.920215
v 9.392138 2.447122 1.176856
v 9.444750 2.549660 1.084952
v 7.756671 2.447122 1.176856
v 7.756671 2.549660 1.084952
v 1.615165 2.447122 9.159142
v 1.524778 2.549660 9.195901
v 5.586885 2.549660 6.657351
v 5.586885 2.447122 6.747736
v 3.417099 2.447122 6.747736
v 3.417099 2.549660 6.657351
v 1.754330 2.447122 9.406275
v 1.669184 2.549660 9.452340
v 1.998494 2.447122 9.738890
v 1.945882 2.549660 9.829275
v 9.636302 2.447122 1.515061
v 9.721448 2.549660 1.468221
v 9.775466 2.447122 1.766347
v 9.865852 2.549660 1.728970
v 5.586885 2.549660 4.310186
v 5.586885 2.447122 4.218281
v 7.756671 2.447122 4.218281
v 7.756671 2.549660 4.310186
v 9.885394 2.447122 2.037987
v 9.979290 2.549660 2.009282
v 3.417099 2.447122 9.738890
v 3.417099 2.549660 9.829275
v 9.964380 2.447122 2.299079
v 10.060573 2.549660 2.277965
v 10.018851 2.447122 2.564533
v 10.117591 2.549660 2.555835
v 9.392138 2.447122 6.747736
v 9.444750 2.549660 6.657351
v 7.756671 2.549660 6.657351
v 7.756671 2.447122 6.747736
v 10.018851 2.447122 2.830605
v 10.117591 2.549660 2.839303
v 9.964380 2.447122 3.096059
v 10.060573 2.549660 3.117173
v 9.885394 2.447122 3.357151
v 9.979290 2.549660 3.385856
v 9.775466 2.447122 3.628790
v 9.865852 2.549660 3.666167
v 9.636302 2.447122 3.880077
v 9.721448 2.549660 3.926917
v 9.392138 2.447122 4.218281
v 9.444750 2.549660 4.310186
v 9.636302 2.447122 7.080350
v 9.721448 2.549660 7.034285
v 9.775466 2.447122 7.327483
v 9.865852 2.549660 7.290724
v 5.586885 2.549660 9.829275
v 5.586885 2.447122 9.738890
v 7.756671 2.447122 9.738890
v 7.756671 2.549660 9.829275
v 9.885394 2.447122 7.594633
v 9.979290 2.549660 7.566402
v 9.964380 2.447122 7.851409
v 10.060573 2.549660 7.830644
v 10.018851 2.447122 8.112476
v 10.117591 2.549660 8.103922
v 10.018851 2.447122 8.374149
v 10.117591 2.549660 8.382704
v 9.964380 2.447122 8.635216
v 10.060573 2.549660 8.655982
v 9.885394 2.447122 8.891993
v 9.979248 2.549660 8.920359
v 9.772303 2.447021 9.164762
v 9.861917 2.549660 9.203086
v 9.636302 2.447122 9.406275
v 9.721448 2.549660 9.452340
v 9.392138 2.447122 9.738890
v 9.444750 2.549660 9.829275
v 12.226892 1.284661 10.657258
v 12.226892 2.382495 10.657258
v 12.059727 2.549660 10.657258
v 9.418444 2.549660 10.657258
v 7.756671 2.549660 10.657258
v 5.586885 2.549660 10.657258
v 3.417099 2.549660 10.657258
v 1.972188 2.549660 10.657258
v 0.000000 2.549660 10.657258
v 0.000000 2.549660 -2.827310
v -0.000000 2.549660 -2.567832
v -0.000000 2.549660 -8.371724
v -0.000000 2.549660 -8.114675
v -0.000000 2.549660 -8.628007
v 0.000000 2.549660 -8.881089
v -0.000000 2.549659 -9.143751
v -0.000000 2.549659 -9.386729
v 0.000000 2.549660 -7.857996
v 0.000000 2.549660 -7.605535
v -0.000000 2.549660 -7.342842
v -0.000000 2.549660 -7.099896
v -0.000000 2.549660 -3.086180
v -0.000000 2.549660 -2.308960
v -0.000000 2.549660 -3.340797
v 0.000000 2.549660 -3.605702
v -0.000000 2.549660 -3.850757
v -0.000000 2.549660 -2.054341
v -0.000000 2.549660 -1.789435
v -0.000000 2.549660 -1.544380
v -0.000000 2.549660 -1.214560
v -0.000000 2.549660 -4.180578
v -0.000000 2.549660 -6.772871
v -0.000000 2.549660 -9.713755
v 12.226892 1.284661 -11.458123
v 9.392138 1.284661 -11.458123
v 12.226892 1.284661 -1.214560
v 1.998494 1.284661 -11.458123
v -0.000000 1.284661 -11.458123
v 12.226892 1.284661 -9.386729
v 12.226892 1.284661 -9.713754
v 12.226892 1.284661 -9.143750
v 12.226891 1.284661 -8.881090
v 12.226891 1.284661 -8.628630
v 12.226891 1.284661 -8.371950
v 12.226891 1.284661 -8.114676
v 12.226892 1.284661 -7.857996
v 12.226892 1.284661 -7.605535
v 12.226892 1.284661 -7.342875
v 12.226892 1.284661 -7.099896
v 12.226892 1.284661 -6.772871
v 5.586885 1.284661 -11.458123
v 12.226892 1.284661 -4.235576
v 12.226892 1.284661 -3.850758
v 12.226892 1.284661 -3.605702
v 12.226892 1.284661 -3.340798
v 12.226892 1.284661 -3.086179
v 12.226892 1.284661 -2.827306
v 12.226892 1.284661 -2.567832
v 12.226892 1.284661 -2.308959
v 12.226892 1.284661 -2.054340
v 12.226892 1.284661 -1.789435
v 12.226892 1.284661 -1.544380
v 3.417099 1.284661 -11.458123
v 7.756671 1.284661 -11.458123
v 12.059727 2.549660 -11.290958
v 12.226892 2.382495 -11.458123
v 9.392138 2.382495 -11.458123
v 9.392138 2.549659 -11.290958
v -0.000000 2.549660 -11.290958
v -0.000000 2.382495 -11.458123
v 1.998494 2.382495 -11.458123
v 1.998494 2.549660 -11.290958
v 12.059727 2.549660 -9.386729
v 12.226892 2.382495 -9.386729
v 12.059727 2.549659 -9.713754
v 12.226892 2.382495 -9.713754
v 12.059728 2.549660 -9.144356
v 12.226892 2.382494 -9.143750
v 12.059726 2.549660 -8.881090
v 12.226891 2.382495 -8.881090
v 12.059726 2.549660 -8.628630
v 12.226891 2.382495 -8.628630
v 12.059726 2.549660 -8.371950
v 12.226891 2.382495 -8.371950
v 12.059726 2.549660 -8.114676
v 12.226891 2.382495 -8.114676
v 12.059727 2.549660 -7.857996
v 12.226892 2.382495 -7.857996
v 12.059728 2.549660 -7.605535
v 12.226892 2.382495 -7.605535
v 12.059728 2.549660 -7.342875
v 12.226892 2.382495 -7.342875
v 12.059728 2.549660 -7.099896
v 12.226892 2.382495 -7.099896
v 12.059728 2.549660 -6.772871
v 12.226892 2.382495 -6.772871
v 7.756671 2.382495 -11.458123
v 7.756671 2.549659 -11.290958
v 12.059759 2.549660 -4.231580
v 12.226892 2.382464 -4.235576
v 12.059728 2.549660 -3.850758
v 12.226892 2.382495 -3.850758
v 12.059728 2.549660 -3.605702
v 12.226892 2.382495 -3.605702
v 12.059728 2.549660 -3.340798
v 12.226892 2.382495 -3.340798
v 12.059728 2.549660 -3.086179
v 12.226892 2.382495 -3.086179
v 12.059728 2.549660 -2.827306
v 12.226892 2.382495 -2.827306
v 12.059728 2.549660 -2.567832
v 12.226892 2.382495 -2.567832
v 12.059728 2.549660 -2.308959
v 12.226892 2.382495 -2.308959
v 12.059728 2.549660 -2.054340
v 12.226892 2.382495 -2.054340
v 12.059728 2.549660 -1.789435
v 12.226892 2.382495 -1.789435
v 12.059728 2.549660 -1.544380
v 12.226892 2.382495 -1.544380
v 12.059728 2.549660 -1.214560
v 12.226892 2.382495 -1.214560
v 5.586885 2.382495 -11.458123
v 5.586885 2.549659 -11.290958
v 3.417099 2.382495 -11.458123
v 3.417099 2.549660 -11.290958
v 1.945882 2.549660 -1.124934
v 1.998494 2.447122 -1.214560
v 1.754330 2.447122 -1.544380
v 1.669184 2.549660 -1.498701
v 1.615165 2.447122 -1.789435
v 1.524778 2.549660 -1.752985
v 1.505237 2.447122 -2.054340
v 1.411341 2.549660 -2.026347
v 1.426251 2.447122 -2.308959
v 1.330058 2.549660 -2.288368
v 1.371781 2.447122 -2.567832
v 1.273040 2.549660 -2.559349
v 1.371781 2.447122 -2.827306
v 1.273040 2.549660 -2.835788
v 1.426251 2.447122 -3.086179
v 1.330058 2.549660 -3.106770
v 1.505237 2.447122 -3.340798
v 1.411341 2.549660 -3.368791
v 1.615165 2.447122 -3.605702
v 1.524778 2.549660 -3.642152
v 5.586885 2.549660 -1.124934
v 5.586885 2.447122 -1.214560
v 3.417099 2.447122 -1.214560
v 3.417099 2.549660 -1.124934
v 1.754330 2.447122 -3.850758
v 1.669184 2.549660 -3.896437
v 1.998494 2.447122 -4.180578
v 1.945882 2.549660 -4.270204
v 1.945882 2.549660 -6.684006
v 1.998494 2.447122 -6.772871
v 1.754330 2.447122 -7.099896
v 1.669184 2.549660 -7.054605
v 1.615181 2.447121 -7.342849
v 1.524797 2.549660 -7.306700
v 1.505237 2.447122 -7.605535
v 1.411342 2.549660 -7.577778
v 1.426251 2.447122 -7.857996
v 1.330058 2.549660 -7.837579
v 1.371781 2.447122 -8.114676
v 1.273040 2.549660 -8.106265
v 1.371781 2.447117 -8.371769
v 1.273035 2.549660 -8.380126
v 3.417099 2.549660 -4.270204
v 3.417099 2.447122 -4.180578
v 1.426145 2.447116 -8.628133
v 1.329916 2.549660 -8.648410
v 1.505237 2.447122 -8.881090
v 1.411338 2.549660 -8.908838
v 9.392138 2.447122 -1.214560
v 9.444750 2.549660 -1.124934
v 7.756671 2.447122 -1.214560
v 7.756671 2.549660 -1.124934
v 1.615165 2.447122 -9.143750
v 1.524778 2.549660 -9.179892
v 5.586885 2.549660 -6.684006
v 5.586885 2.447122 -6.772871
v 3.417099 2.447122 -6.772871
v 3.417099 2.549660 -6.684006
v 1.754330 2.447122 -9.386729
v 1.669184 2.549660 -9.432020
v 1.998494 2.447122 -9.713754
v 1.945882 2.549660 -9.802620
v 9.636302 2.447122 -1.544380
v 9.721448 2.549660 -1.498701
v 9.775466 2.447122 -1.789435
v 9.865852 2.549660 -1.752985
v 5.586885 2.549660 -4.270204
v 5.586885 2.447122 -4.180578
v 7.756671 2.447122 -4.180578
v 7.756671 2.549660 -4.270204
v 9.885394 2.447122 -2.054340
v 9.979290 2.549660 -2.026347
v 3.417099 2.447122 -9.713754
v 3.417099 2.549660 -9.802620
v 9.964380 2.447122 -2.308959
v 10.060573 2.549660 -2.288368
v 10.018851 2.447122 -2.567832
v 10.117591 2.549660 -2.559349
v 9.392138 2.447122 -6.772871
v 9.444750 2.549660 -6.684006
v 7.756671 2.549660 -6.684006
v 7.756671 2.447122 -6.772871
v 10.018851 2.447122 -2.827306
v 10.117591 2.549660 -2.835788
v 9.964380 2.447122 -3.086179
v 10.060573 2.549660 -3.106770
v 9.885394 2.447122 -3.340798
v 9.979290 2.549660 -3.368791
v 9.775466 2.447122 -3.605702
v 9.865852 2.549660 -3.642152
v 9.636302 2.447122 -3.850758
v 9.721448 2.549660 -3.896437
v 9.392138 2.447122 -4.180578
v 9.444750 2.549660 -4.270204
v 9.636302 2.447122 -7.099896
v 9.721448 2.549660 -7.054605
v 9.775466 2.447122 -7.342875
v 9.865852 2.549660 -7.306734
v 5.586885 2.549660 -9.802620
v 5.586885 2.447122 -9.713754
v 7.756671 2.447122 -9.713754
v 7.756671 2.549660 -9.802620
v 9.885394 2.447122 -7.605535
v 9.979290 2.549660 -7.577778
v 9.964380 2.447122 -7.857996
v 10.060573 2.549660 -7.837579
v 10.018851 2.447122 -8.114676
v 10.117591 2.549660 -8.106265
v 10.018851 2.447122 -8.371950
v 10.117591 2.549660 -8.380361
v 9.964380 2.447122 -8.628630
v 10.060573 2.549660 -8.649046
v 9.885394 2.447122 -8.881090
v 9.979248 2.549660 -8.908979
v 9.772303 2.447021 -9.149275
v 9.861917 2.549660 -9.186955
v 9.636302 2.447122 -9.386729
v 9.721448 2.549660 -9.432020
v 9.392138 2.447122 -9.713754
v 9.444750 2.549660 -9.802620
v 12.226892 1.284661 -10.657258
v 12.226892 2.382495 -10.657258
v 12.059727 2.549660 -10.657258
v 9.418444 2.549660 -10.657258
v 7.756671 2.549660 -10.657258
v 5.586885 2.549660 -10.657258
v 3.417099 2.549660 -10.657258
v 1.972188 2.549660 -10.657258
v 0.000000 2.549660 -10.657258
v 12.226892 1.284661 5.501902
v 12.226892 2.382480 5.501902
v 12.059744 2.549660 5.499616
v 9.444750 2.549660 5.470441
v 7.756671 2.549660 5.470441
v 5.586885 2.549660 5.470441
v 3.417099 2.549660 5.470441
v 1.945882 2.549660 5.470441
v 0.000000 2.549660 5.470441
v -0.000000 2.549660 -5.470441
v 1.945882 2.549660 -5.470441
v 3.417099 2.549660 -5.470441
v 5.586885 2.549660 -5.470441
v 7.756671 2.549660 -5.470441
v 9.444750 2.549660 -5.470441
v 12.059744 2.549660 -5.499616
v 12.226892 2.382480 -5.501902
v 12.226892 1.284661 -5.501902
v 0.000000 1.284661 11.458123
v 0.000000 1.284661 -11.458123
v -1.998494 2.549659 0.000000
v -9.392138 2.549660 -0.000000
v -5.586884 2.549659 0.000000
v -12.226892 1.284661 11.458123
v -9.392138 1.284661 11.458123
v -12.226892 1.284661 0.000000
v -12.226892 1.284661 1.176856
v -1.998494 1.284661 11.458123
v -12.226892 1.284661 9.406275
v -12.226892 1.284661 9.738890
v -12.226892 1.284661 9.159142
v -12.226891 1.284661 8.891993
v -12.226891 1.284661 8.635216
v -12.226891 1.284661 8.374149
v -12.226891 1.284661 8.112476
v -12.226892 1.284661 7.851409
v -12.226892 1.284661 7.594633
v -12.226892 1.284661 7.327483
v -12.226892 1.284661 7.080351
v -12.226892 1.284661 6.747736
v -5.586885 1.284661 11.458123
v -12.226892 1.284661 4.274677
v -12.226892 1.284661 3.880077
v -12.226892 1.284661 3.628790
v -12.226892 1.284661 3.357151
v -12.226892 1.284661 3.096059
v -12.226892 1.284661 2.830605
v -12.226892 1.284661 2.564533
v -12.226892 1.284661 2.299079
v -12.226892 1.284661 2.037987
v -12.226892 1.284661 1.766347
v -12.226892 1.284661 1.515061
v -3.417099 1.284661 11.458123
v -3.417099 2.549659 0.000000
v -7.756671 2.549660 -0.000000
v -7.756671 1.284661 11.458123
v -12.059727 2.549660 11.290958
v -12.226892 2.382495 11.458123
v -9.392138 2.382495 11.458123
v -9.392138 2.549659 11.290958
v -12.059727 2.549660 -0.000000
v -12.226892 2.382495 0.000000
v -1.998494 2.382495 11.458123
v -1.998494 2.549660 11.290958
v -12.059727 2.549660 9.406275
v -12.226892 2.382495 9.406275
v -12.059727 2.549659 9.738890
v -12.226892 2.382495 9.738890
v -12.059728 2.549660 9.159759
v -12.226892 2.382494 9.159142
v -12.059726 2.549660 8.891993
v -12.226891 2.382495 8.891993
v -12.059726 2.549660 8.635216
v -12.226891 2.382495 8.635216
v -12.059726 2.549660 8.374149
v -12.226891 2.382495 8.374149
v -12.059726 2.549660 8.112476
v -12.226891 2.382495 8.112476
v -12.059727 2.549660 7.851409
v -12.226892 2.382495 7.851409
v -12.059728 2.549660 7.594633
v -12.226892 2.382495 7.594633
v -12.059728 2.549660 7.327483
v -12.226892 2.382495 7.327483
v -12.059728 2.549660 7.080351
v -12.226892 2.382495 7.080351
v -12.059728 2.549660 6.747736
v -12.226892 2.382495 6.747736
v -7.756671 2.382495 11.458123
v -7.756671 2.549659 11.290958
v -12.059759 2.549660 4.270580
v -12.226892 2.382464 4.274677
v -12.059728 2.549660 3.880077
v -12.226892 2.382495 3.880077
v -12.059728 2.549660 3.628790
v -12.226892 2.382495 3.628790
v -12.059728 2.549660 3.357151
v -12.226892 2.382495 3.357151
v -12.059728 2.549660 3.096059
v -12.226892 2.382495 3.096059
v -12.059728 2.549660 2.830605
v -12.226892 2.382495 2.830605
v -12.059728 2.549660 2.564533
v -12.226892 2.382495 2.564533
v -12.059728 2.549660 2.299079
v -12.226892 2.382495 2.299079
v -12.059728 2.549660 2.037987
v -12.226892 2.382495 2.037987
v -12.059728 2.549660 1.766347
v -12.226892 2.382495 1.766347
v -12.059728 2.549660 1.515061
v -12.226892 2.382495 1.515061
v -12.059728 2.549660 1.176856
v -12.226892 2.382495 1.176856
v -5.586885 2.382495 11.458123
v -5.586885 2.549659 11.290958
v -3.417099 2.382495 11.458123
v -3.417099 2.549660 11.290958
v -1.945882 2.549660 1.084952
v -1.998494 2.447122 1.176856
v -1.754330 2.447122 1.515061
v -1.669184 2.549660 1.468221
v -1.615165 2.447122 1.766347
v -1.524778 2.549660 1.728970
v -1.505237 2.447122 2.037987
v -1.411341 2.549660 2.009282
v -1.426251 2.447122 2.299079
v -1.330058 2.549660 2.277965
v -1.371781 2.447122 2.564533
v -1.273040 2.549660 2.555835
v -1.371781 2.447122 2.830605
v -1.273040 2.549660 2.839303
v -1.426251 2.447122 3.096059
v -1.330058 2.549660 3.117173
v -1.505237 2.447122 3.357151
v -1.411341 2.549660 3.385856
v -1.615165 2.447122 3.628790
v -1.524778 2.549660 3.666167
v -5.586885 2.549660 1.084952
v -5.586885 2.447122 1.176856
v -3.417099 2.447122 1.176856
v -3.417099 2.549660 1.084952
v -1.754330 2.447122 3.880077
v -1.669184 2.549660 3.926917
v -1.998494 2.447122 4.218281
v -1.945882 2.549660 4.310186
v -1.945882 2.549660 6.657351
v -1.998494 2.447122 6.747736
v -1.754330 2.447122 7.080350
v -1.669184 2.549660 7.034285
v -1.615181 2.447121 7.327456
v -1.524797 2.549660 7.290690
v -1.505237 2.447122 7.594633
v -1.411342 2.549660 7.566401
v -1.426251 2.447122 7.851409
v -1.330058 2.549660 7.830644
v -1.371781 2.447122 8.112476
v -1.273040 2.549660 8.103922
v -1.371781 2.447117 8.373964
v -1.273035 2.549660 8.382465
v -3.417099 2.549660 4.310186
v -3.417099 2.447122 4.218281
v -1.426145 2.447116 8.634711
v -1.329916 2.549660 8.655334
v -1.505237 2.447122 8.891993
v -1.411338 2.549660 8.920215
v -9.392138 2.447122 1.176856
v -9.444750 2.549660 1.084952
v -7.756671 2.447122 1.176856
v -7.756671 2.549660 1.084952
v -1.615165 2.447122 9.159142
v -1.524778 2.549660 9.195901
v -5.586885 2.549660 6.657351
v -5.586885 2.447122 6.747736
v -3.417099 2.447122 6.747736
v -3.417099 2.549660 6.657351
v -1.754330 2.447122 9.406275
v -1.669184 2.549660 9.452340
v -1.998494 2.447122 9.738890
v -1.945882 2.549660 9.829275
v -9.636302 2.447122 1.515061
v -9.721448 2.549660 1.468221
v -9.775466 2.447122 1.766347
v -9.865852 2.549660 1.728970
v -5.586885 2.549660 4.310186
v -5.586885 2.447122 4.218281
v -7.756671 2.447122 4.218281
v -7.756671 2.549660 4.310186
v -9.885394 2.447122 2.037987
v -9.979290 2.549660 2.009282
v -3.417099 2.447122 9.738890
v -3.417099 2.549660 9.829275
v -9.964380 2.447122 2.299079
v -10.060573 2.549660 2.277965
v -10.018851 2.447122 2.564533
v -10.117591 2.549660 2.555835
v -9.392138 2.447122 6.747736
v -9.444750 2.549660 6.657351
v -7.756671 2.549660 6.657351
v -7.756671 2.447122 6.747736
v -10.018851 2.447122 2.830605
v -10.117591 2.549660 2.839303
v -9.964380 2.447122 3.096059
v -10.060573 2.549660 3.117173
v -9.885394 2.447122 3.357151
v -9.979290 2.549660 3.385856
v -9.775466 2.447122 3.628790
v -9.865852 2.549660 3.666167
v -9.636302 2.447122 3.880077
v -9.721448 2.549660 3.926917
v -9.392138 2.447122 4.218281
v -9.444750 2.549660 4.310186
v -9.636302 2.447122 7.080350
v -9.721448 2.549660 7.034285
v -9.775466 2.447122 7.327483
v -9.865852 2.549660 7.290724
v -5.586885 2.549660 9.829275
v -5.586885 2.447122 9.738890
v -7.756671 2.447122 9.738890
v -7.756671 2.549660 9.829275
v -9.885394 2.447122 7.594633
v -9.979290 2.549660 7.566402
v -9.964380 2.447122 7.851409
v -10.060573 2.549660 7.830644
v -10.018851 2.447122 8.112476
v -10.117591 2.549660 8.103922
v -10.018851 2.447122 8.374149
v -10.117591 2.549660 8.382704
v -9.964380 2.447122 8.635216
v -10.060573 2.549660 8.655982
v -9.885394 2.447122 8.891993
v -9.979248 2.549660 8.920359
v -9.772303 2.447021 9.164762
v -9.861917 2.549660 9.203086
v -9.636302 2.447122 9.406275
v -9.721448 2.549660 9.452340
v -9.392138 2.447122 9.738890
v -9.444750 2.549660 9.829275
v -12.226892 1.284661 10.657258
v -12.226892 2.382495 10.657258
v -12.059727 2.549660 10.657258
v -9.418444 2.549660 10.657258
v -7.756671 2.549660 10.657258
v -5.586885 2.549660 10.657258
v -3.417099 2.549660 10.657258
v -1.972188 2.549660 10.657258
v -12.226892 1.284661 -11.458123
v -9.392138 1.284661 -11.458123
v -12.226892 1.284661 -1.214560
v -1.998494 1.284661 -11.458123
v -12.226892 1.284661 -9.386729
v -12.226892 1.284661 -9.713754
v -12.226892 1.284661 -9.143750
v -12.226891 1.284661 -8.881090
v -12.226891 1.284661 -8.628630
v -12.226891 1.284661 -8.371950
v -12.226891 1.284661 -8.114676
v -12.226892 1.284661 -7.857996
v -12.226892 1.284661 -7.605535
v -12.226892 1.284661 -7.342875
v -12.226892 1.284661 -7.099896
v -12.226892 1.284661 -6.772871
v -5.586885 1.284661 -11.458123
v -12.226892 1.284661 -4.235576
v -12.226892 1.284661 -3.850758
v -12.226892 1.284661 -3.605702
v -12.226892 1.284661 -3.340798
v -12.226892 1.284661 -3.086179
v -12.226892 1.284661 -2.827306
v -12.226892 1.284661 -2.567832
v -12.226892 1.284661 -2.308959
v -12.226892 1.284661 -2.054340
v -12.226892 1.284661 -1.789435
v -12.226892 1.284661 -1.544380
v -3.417099 1.284661 -11.458123
v -7.756671 1.284661 -11.458123
v -12.059727 2.549660 -11.290958
v -12.226892 2.382495 -11.458123
v -9.392138 2.382495 -11.458123
v -9.392138 2.549659 -11.290958
v -1.998494 2.382495 -11.458123
v -1.998494 2.549660 -11.290958
v -12.059727 2.549660 -9.386729
v -12.226892 2.382495 -9.386729
v -12.059727 2.549659 -9.713754
v -12.226892 2.382495 -9.713754
v -12.059728 2.549660 -9.144356
v -12.226892 2.382494 -9.143750
v -12.059726 2.549660 -8.881090
v -12.226891 2.382495 -8.881090
v -12.059726 2.549660 -8.628630
v -12.226891 2.382495 -8.628630
v -12.059726 2.549660 -8.371950
v -12.226891 2.382495 -8.371950
v -12.059726 2.549660 -8.114676
v -12.226891 2.382495 -8.114676
v -12.059727 2.549660 -7.857996
v -12.226892 2.382495 -7.857996
v -12.059728 2.549660 -7.605535
v -12.226892 2.382495 -7.605535
v -12.059728 2.549660 -7.342875
v -12.226892 2.382495 -7.342875
v -12.059728 2.549660 -7.099896
v -12.226892 2.382495 -7.099896
v -12.059728 2.549660 -6.772871
v -12.226892 2.382495 -6.772871
v -7.756671 2.382495 -11.458123
v -7.756671 2.549659 -11.290958
v -12.059759 2.549660 -4.231580
v -12.226892 2.382464 -4.235576
v -12.059728 2.549660 -3.850758
v -12.226892 2.382495 -3.850758
v -12.059728 2.549660 -3.605702
v -12.226892 2.382495 -3.605702
v -12.059728 2.549660 -3.340798
v -12.226892 2.382495 -3.340798
v -12.059728 2.549660 -3.086179
v -12.226892 2.382495 -3.086179
v -12.059728 2.549660 -2.827306
v -12.226892 2.382495 -2.827306
v -12.059728 2.549660 -2.567832
v -12.226892 2.382495 -2.567832
v -12.059728 2.549660 -2.308959
v -12.226892 2.382495 -2.308959
v -12.059728 2.549660 -2.054340
v -12.226892 2.382495 -2.054340
v -12.059728 2.549660 -1.789435
v -12.226892 2.382495 -1.789435
v -12.059728 2.549660 -1.544380
v -12.226892 2.382495 -1.544380
v -12.059728 2.549660 -1.214560
v -12.226892 2.382495 -1.214560
v -5.586885 2.382495 -11.458123
v -5.586885 2.549659 -11.290958
v -3.417099 2.382495 -11.458123
v -3.417099 2.549660 -11.290958
v -1.945882 2.549660 -1.124934
v -1.998494 2.447122 -1.214560
v -1.754330 2.447122 -1.544380
v -1.669184 2.549660 -1.498701
v -1.615165 2.447122 -1.789435
v -1.524778 2.549660 -1.752985
v -1.505237 2.447122 -2.054340
v -1.411341 2.549660 -2.026347
v -1.426251 2.447122 -2.308959
v -1.330058 2.549660 -2.288368
v -1.371781 2.447122 -2.567832
v -1.273040 2.549660 -2.559349
v -1.371781 2.447122 -2.827306
v -1.273040 2.549660 -2.835788
v -1.426251 2.447122 -3.086179
v -1.330058 2.549660 -3.106770
v -1.505237 2.447122 -3.340798
v -1.411341 2.549660 -3.368791
v -1.615165 2.447122 -3.605702
v -1.524778 2.549660 -3.642152
v -5.586885 2.549660 -1.124934
v -5.586885 2.447122 -1.214560
v -3.417099 2.447122 -1.214560
v -3.417099 2.549660 -1.124934
v -1.754330 2.447122 -3.850758
v -1.669184 2.549660 -3.896437
v -1.998494 2.447122 -4.180578
v -1.945882 2.549660 -4.270204
v -1.945882 2.549660 -6.684006
v -1.998494 2.447122 -6.772871
v -1.754330 2.447122 -7.099896
v -1.669184 2.549660 -7.054605
v -1.615181 2.447121 -7.342849
v -1.524797 2.549660 -7.306700
v -1.505237 2.447122 -7.605535
v -1.411342 2.549660 -7.577778
v -1.426251 2.447122 -7.857996
v -1.330058 2.549660 -7.837579
v -1.371781 2.447122 -8.114676
v -1.273040 2.549660 -8.106265
v -1.371781 2.447117 -8.371769
v -1.273035 2.549660 -8.380126
v -3.417099 2.549660 -4.270204
v -3.417099 2.447122 -4.180578
v -1.426145 2.447116 -8.628133
v -1.329916 2.549660 -8.648410
v -1.505237 2.447122 -8.881090
v -1.411338 2.549660 -8.908838
v -9.392138 2.447122 -1.214560
v -9.444750 2.549660 -1.124934
v -7.756671 2.447122 -1.214560
v -7.756671 2.549660 -1.124934
v -1.615165 2.447122 -9.143750
v -1.524778 2.549660 -9.179892
v -5.586885 2.549660 -6.684006
v -5.586885 2.447122 -6.772871
v -3.417099 2.447122 -6.772871
v -3.417099 2.549660 -6.684006
v -1.754330 2.447122 -9.386729
v -1.669184 2.549660 -9.432020
v -1.998494 2.447122 -9.713754
v -1.945882 2.549660 -9.802620
v -9.636302 2.447122 -1.544380
v -9.721448 2.549660 -1.498701
v -9.775466 2.447122 -1.789435
v -9.865852 2.549660 -1.752985
v -5.586885 2.549660 -4.270204
v -5.586885 2.447122 -4.180578
v -7.756671 2.447122 -4.180578
v -7.756671 2.549660 -4.270204
v -9.885394 2.447122 -2.054340
v -9.979290 2.549660 -2.026347
v -3.417099 2.447122 -9.713754
v -3.417099 2.549660 -9.802620
v -9.964380 2.447122 -2.308959
v -10.060573 2.549660 -2.288368
v -10.018851 2.447122 -2.567832
v -10.117591 2.549660 -2.559349
v -9.392138 2.447122 -6.772871
v -9.444750 2.549660 -6.684006
v -7.756671 2.549660 -6.684006
v -7.756671 2.447122 -6.772871
v -10.018851 2.447122 -2.827306
v -10.117591 2.549660 -2.835788
v -9.964380 2.447122 -3.086179
v -10.060573 2.549660 -3.106770
v -9.885394 2.447122 -3.340798
v -9.979290 2.549660 -3.368791
v -9.775466 2.447122 -3.605702
v -9.865852 2.549660 -3.642152
v -9.636302 2.447122 -3.850758
v -9.721448 2.549660 -3.896437
v -9.392138 2.447122 -4.180578
v -9.444750 2.549660 -4.270204
v -9.636302 2.447122 -7.099896
v -9.721448 2.549660 -7.054605
v -9.775466 2.447122 -7.342875
v -9.865852 2.549660 -7.306734
v -5.586885 2.549660 -9.802620
v -5.586885 2.447122 -9.713754
v -7.756671 2.447122 -9.713754
v -7.756671 2.549660 -9.802620
v -9.885394 2.447122 -7.605535
v -9.979290 2.549660 -7.577778
v -9.964380 2.447122 -7.857996
v -10.060573 2.549660 -7.837579
v -10.018851 2.447122 -8.114676
v -10.117591 2.549660 -8.106265
v -10.018851 2.447122 -8.371950
v -10.117591 2.549660 -8.380361
v -9.964380 2.447122 -8.628630
v -10.060573 2.549660 -8.649046
v -9.885394 2.447122 -8.881090
v -9.979248 2.549660 -8.908979
v -9.772303 2.447021 -9.149275
v -9.861917 2.549660 -9.186955
v -9.636302 2.447122 -9.386729
v -9.721448 2.549660 -9.432020
v -9.392138 2.447122 -9.713754
v -9.444750 2.549660 -9.802620
v -12.226892 1.284661 -10.657258
v -12.226892 2.382495 -10.657258
v -12.059727 2.549660 -10.657258
v -9.418444 2.549660 -10.657258
v -7.756671 2.549660 -10.657258
v -5.586885 2.549660 -10.657258
v -3.417099 2.549660 -10.657258
v -1.972188 2.549660 -10.657258
v -12.226892 1.284661 5.501902
v -12.226892 2.382480 5.501902
v -12.059744 2.549660 5.499616
v -9.444750 2.549660 5.470441
v -7.756671 2.549660 5.470441
v -5.586885 2.549660 5.470441
v -3.417099 2.549660 5.470441
v -1.945882 2.549660 5.470441
v -1.945882 2.549660 -5.470441
v -3.417099 2.549660 -5.470441
v -5.586885 2.549660 -5.470441
v -7.756671 2.549660 -5.470441
v -9.444750 2.549660 -5.470441
v -12.059744 2.549660 -5.499616
v -12.226892 2.382480 -5.501902
v -12.226892 1.284661 -5.501902
v 1.725294 1.284671 0.642664
v 1.247747 1.284671 1.193542
v 1.073638 1.284671 1.507991
v 3.417099 1.284671 0.576856
v 0.939415 1.284671 1.838373
v 0.844619 1.284671 2.151754
v 0.774850 1.284671 2.503921
v 0.774850 1.284671 2.891217
v 0.844619 1.284671 3.243384
v 0.939415 1.284671 3.556765
v 7.756671 1.284671 0.576856
v 5.586885 1.284671 0.576856
v 1.073638 1.284671 3.887146
v 1.247747 1.284671 4.201596
v 1.725294 1.284671 4.752474
v 3.417099 1.284671 4.818281
v 1.727414 1.284671 6.212464
v 1.250177 1.284671 6.755034
v 1.075321 1.284672 7.065628
v 3.417099 1.284671 6.147736
v 0.940470 1.284672 7.392054
v 5.586885 1.284671 4.818281
v 0.845210 1.284671 7.701771
v 0.774951 1.284671 8.050878
v 0.774949 1.284676 8.435706
v 0.845186 1.284682 8.784752
v 0.940459 1.284677 9.094542
v 10.142884 1.284671 1.193543
v 9.665339 1.284671 0.642664
v 10.316994 1.284671 1.507992
v 7.756671 1.284671 6.147736
v 5.586885 1.284671 6.147736
v 1.075319 1.284671 9.420993
v 10.451216 1.284671 1.838374
v 1.250177 1.284671 9.731590
v 10.546012 1.284671 2.151753
v 1.727414 1.284671 10.274161
v 10.615782 1.284671 2.503920
v 3.417099 1.284671 10.338890
v 10.615782 1.284671 2.891218
v 10.546012 1.284671 3.243385
v 10.451216 1.284671 3.556765
v 10.316994 1.284671 3.887146
v 10.142884 1.284671 4.201595
v 9.665338 1.284671 4.752474
v 7.756671 1.284671 4.818281
v 5.586885 1.284671 10.338890
v 10.140454 1.284671 6.755035
v 9.663218 1.284671 6.212464
v 10.315312 1.284671 7.065633
v 10.450162 1.284671 7.392056
v 10.545421 1.284671 7.701770
v 10.615681 1.284671 8.050876
v 10.615681 1.284671 8.435750
v 10.545421 1.284671 8.784855
v 10.450012 1.284772 9.094988
v 10.314795 1.284772 9.421968
v 10.140454 1.284671 9.731590
v 9.663218 1.284671 10.274161
v 7.756671 1.284671 10.338890
v 1.076185 1.284671 -1.525807
v 1.251425 1.284671 -1.217139
v 1.728493 1.284671 -0.678743
v 3.417099 1.284671 -0.614560
v 5.586885 1.284671 -0.614560
v 0.941014 1.284671 -1.850251
v 0.845516 1.284671 -2.158137
v 0.775003 1.284671 -2.505727
v 0.775003 1.284671 -2.889411
v 0.845516 1.284671 -3.237001
v 0.941014 1.284671 -3.544887
v 1.076185 1.284671 -3.869331
v 1.251425 1.284671 -4.177999
v 1.728493 1.284671 -4.716394
v 3.417099 1.284671 -4.780578
v 5.586885 1.284671 -4.780578
v 7.756671 1.284671 -0.614560
v 9.662139 1.284671 -0.678743
v 10.139207 1.284671 -1.217139
v 10.314446 1.284671 -1.525807
v 1.077071 1.284672 -7.077442
v 1.252694 1.284671 -6.770712
v 1.729585 1.284671 -6.236506
v 3.417099 1.284671 -6.172872
v 5.586885 1.284671 -6.172872
v 0.941572 1.284672 -7.399910
v 10.449617 1.284671 -1.850252
v 0.845829 1.284671 -7.705973
v 0.775057 1.284671 -8.052057
v 10.545115 1.284671 -2.158137
v 0.775055 1.284674 -8.434525
v 10.615628 1.284671 -2.505726
v 0.845805 1.284680 -8.780550
v 10.615628 1.284671 -2.889412
v 0.941561 1.284677 -9.086684
v 10.545115 1.284671 -3.237002
v 1.077069 1.284671 -9.409180
v 10.449617 1.284671 -3.544887
v 1.252694 1.284671 -9.715913
v 10.314446 1.284671 -3.869331
v 10.139207 1.284671 -4.177999
v 1.729585 1.284671 -10.250119
v 9.662139 1.284671 -4.716394
v 7.756671 1.284671 -4.780578
v 3.417099 1.284671 -10.313754
v 5.586885 1.284671 -10.313754
v 7.756671 1.284671 -6.172872
v 9.661046 1.284671 -6.236506
v 10.137938 1.284671 -6.770713
v 10.313562 1.284671 -7.077447
v 10.449060 1.284671 -7.399913
v 10.544802 1.284671 -7.705972
v 10.615575 1.284671 -8.052056
v 10.615575 1.284671 -8.434569
v 10.544802 1.284671 -8.780653
v 10.448906 1.284772 -9.087135
v 10.313040 1.284730 -9.410149
v 10.137937 1.284672 -9.715914
v 9.661046 1.284671 -10.250119
v 7.756671 1.284671 -10.313754
v -1.725294 1.284671 0.642664
v -1.247747 1.284671 1.193542
v -1.073638 1.284671 1.507991
v -3.417099 1.284671 0.576856
v -0.939415 1.284671 1.838373
v -0.844619 1.284671 2.151754
v -0.774850 1.284671 2.503921
v -0.774850 1.284671 2.891217
v -0.844619 1.284671 3.243384
v -0.939415 1.284671 3.556765
v -7.756671 1.284671 0.576856
v -5.586885 1.284671 0.576856
v -1.073638 1.284671 3.887146
v -1.247747 1.284671 4.201596
v -1.725294 1.284671 4.752474
v -3.417099 1.284671 4.818281
v -1.727414 1.284671 6.212464
v -1.250177 1.284671 6.755034
v -1.075321 1.284672 7.065628
v -3.417099 1.284671 6.147736
v -0.940470 1.284672 7.392054
v -5.586885 1.284671 4.818281
v -0.845210 1.284671 7.701771
v -0.774951 1.284671 8.050878
v -0.774949 1.284676 8.435706
v -0.845186 1.284682 8.784752
v -0.940459 1.284677 9.094542
v -10.142884 1.284671 1.193543
v -9.665339 1.284671 0.642664
v -10.316994 1.284671 1.507992
v -7.756671 1.284671 6.147736
v -5.586885 1.284671 6.147736
v -1.075319 1.284671 9.420993
v -10.451216 1.284671 1.838374
v -1.250177 1.284671 9.731590
v -10.546012 1.284671 2.151753
v -1.727414 1.284671 10.274161
v -10.615782 1.284671 2.503920
v -3.417099 1.284671 10.338890
v -10.615782 1.284671 2.891218
v -10.546012 1.284671 3.243385
v -10.451216 1.284671 3.556765
v -10.316994 1.284671 3.887146
v -10.142884 1.284671 4.201595
v -9.665338 1.284671 4.752474
v -7.756671 1.284671 4.818281
v -5.586885 1.284671 10.338890
v -10.140454 1.284671 6.755035
v -9.663218 1.284671 6.212464
v -10.315313 1.284671 7.065633
v -10.450162 1.284671 7.392056
v -10.545421 1.284671 7.701770
v -10.615681 1.284671 8.050876
v -10.615681 1.284671 8.435750
v -10.545421 1.284671 8.784855
v -10.450012 1.284772 9.094987
v -10.314795 1.284772 9.421968
v -10.140454 1.284671 9.731590
v -9.663218 1.284671 10.274161
v -7.756671 1.284671 10.338890
v -1.076185 1.284671 -1.525807
v -1.251425 1.284671 -1.217139
v -1.728493 1.284671 -0.678743
v -3.417099 1.284671 -0.614560
v -5.586885 1.284671 -0.614560
v -0.941014 1.284671 -1.850251
v -0.845516 1.284671 -2.158137
v -0.775003 1.284671 -2.505727
v -0.775003 1.284671 -2.889411
v -0.845516 1.284671 -3.237001
v -0.941014 1.284671 -3.544887
v -1.076185 1.284671 -3.869331
v -1.251425 1.284671 -4.177999
v -1.728493 1.284671 -4.716394
v -3.417099 1.284671 -4.780578
v -5.586885 1.284671 -4.780578
v -7.756671 1.284671 -0.614560
v -9.662139 1.284671 -0.678743
v -10.139207 1.284671 -1.217139
v -10.314446 1.284671 -1.525807
v -1.077071 1.284672 -7.077441
v -1.252694 1.284671 -6.770712
v -1.729585 1.284671 -6.236506
v -3.417099 1.284671 -6.172872
v -5.586885 1.284671 -6.172872
v -0.941572 1.284672 -7.399910
v -10.449617 1.284671 -1.850252
v -0.845829 1.284671 -7.705973
v -0.775057 1.284671 -8.052057
v -10.545115 1.284671 -2.158137
v -0.775055 1.284674 -8.434525
v -10.615628 1.284671 -2.505726
v -0.845805 1.284680 -8.780549
v -10.615628 1.284671 -2.889412
v -0.941561 1.284677 -9.086684
v -10.545115 1.284671 -3.237002
v -1.077069 1.284671 -9.409180
v -10.449617 1.284671 -3.544887
v -1.252694 1.284671 -9.715913
v -10.314446 1.284671 -3.869331
v -10.139207 1.284671 -4.177999
v -1.729586 1.284671 -10.250119
v -9.662139 1.284671 -4.716394
v -7.756671 1.284671 -4.780578
v -3.417099 1.284671 -10.313754
v -5.586885 1.284671 -10.313754
v -7.756671 1.284671 -6.172872
v -9.661046 1.284671 -6.236506
v -10.137938 1.284671 -6.770713
v -10.313562 1.284671 -7.077447
v -10.449060 1.284671 -7.399913
v -10.544802 1.284671 -7.705972
v -10.615575 1.284671 -8.052056
v -10.615575 1.284671 -8.434569
v -10.544802 1.284671 -8.780653
v -10.448906 1.284772 -9.087135
v -10.313040 1.284730 -9.410149
v -10.137938 1.284672 -9.715914
v -9.661046 1.284671 -10.250119
v -7.756671 1.284671 -10.313754
v 1.754330 1.404003 1.515061
v 1.653397 1.284671 1.451001
v 1.998494 1.404003 1.176856
v 1.937464 1.284671 1.057524
v 1.615165 1.404003 1.766347
v 1.507264 1.284671 1.714869
v 3.417099 1.404003 1.176856
v 3.417099 1.284671 1.057524
v 1.505237 1.404003 2.037987
v 1.392587 1.284671 1.998245
v 1.426251 1.404003 2.299079
v 1.310451 1.284671 2.269747
v 1.371781 1.404003 2.564533
v 1.252449 1.284671 2.552416
v 1.371781 1.404003 2.830605
v 1.252449 1.284671 2.842722
v 1.426251 1.404003 3.096059
v 1.310451 1.284671 3.125391
v 1.505237 1.404003 3.357151
v 1.392586 1.284671 3.396893
v 5.586885 1.404003 1.176856
v 5.586885 1.284671 1.057524
v 7.756671 1.404003 1.176856
v 7.756671 1.284671 1.057524
v 1.615165 1.404003 3.628790
v 1.507264 1.284671 3.680269
v 1.754330 1.404003 3.880077
v 1.653397 1.284671 3.944137
v 1.998494 1.404003 4.218281
v 1.937464 1.284671 4.337613
v 3.417099 1.404003 4.218281
v 3.417099 1.284671 4.337613
v 1.754330 1.404003 7.080350
v 1.653879 1.284671 7.015532
v 1.998494 1.404003 6.747736
v 1.938060 1.284671 6.628404
v 1.615168 1.404003 7.327478
v 1.507596 1.284671 7.275304
v 3.417099 1.404003 6.747736
v 3.417099 1.284671 6.628404
v 1.505237 1.404003 7.594633
v 1.392793 1.284671 7.554300
v 5.586885 1.404003 4.218281
v 5.586885 1.284671 4.337613
v 1.426251 1.404003 7.851409
v 1.310565 1.284671 7.821616
v 1.371781 1.404003 8.112476
v 1.252448 1.284671 8.100160
v 1.371781 1.404004 8.374113
v 1.252448 1.284673 8.386446
v 1.426230 1.404005 8.635118
v 1.310553 1.284674 8.664957
v 1.505237 1.404004 8.891993
v 1.392792 1.284673 8.932324
v 9.392138 1.404003 1.176856
v 9.453167 1.284671 1.057524
v 9.636302 1.404003 1.515061
v 9.737235 1.284671 1.451001
v 9.775466 1.404003 1.766347
v 9.883367 1.284671 1.714869
v 5.586885 1.404003 6.747736
v 5.586885 1.284671 6.628404
v 7.756671 1.404003 6.747736
v 7.756671 1.284671 6.628404
v 1.615165 1.404003 9.159142
v 1.507595 1.284671 9.211319
v 9.885394 1.404003 2.037987
v 9.998045 1.284671 1.998246
v 1.754330 1.404003 9.406275
v 1.653879 1.284671 9.471093
v 9.964380 1.404003 2.299079
v 10.080180 1.284671 2.269747
v 1.998494 1.404003 9.738890
v 1.938060 1.284671 9.858222
v 10.018851 1.404003 2.564533
v 10.138184 1.284671 2.552416
v 3.417099 1.404003 9.738890
v 3.417099 1.284671 9.858222
v 10.018851 1.404003 2.830605
v 10.138184 1.284671 2.842722
v 9.964380 1.404003 3.096059
v 10.080180 1.284671 3.125391
v 9.885394 1.404003 3.357151
v 9.998045 1.284671 3.396892
v 9.775466 1.404003 3.628790
v 9.883367 1.284671 3.680269
v 9.636302 1.404003 3.880077
v 9.737235 1.284671 3.944137
v 9.392138 1.404003 4.218281
v 9.453167 1.284671 4.337613
v 7.756671 1.404003 4.218281
v 7.756671 1.284671 4.337613
v 5.586885 1.404003 9.738890
v 5.586885 1.284671 9.858222
v 9.392138 1.404003 6.747736
v 9.452572 1.284671 6.628404
v 9.636302 1.404003 7.080350
v 9.736753 1.284671 7.015532
v 9.775466 1.404003 7.327483
v 9.883036 1.284671 7.275307
v 9.885394 1.404003 7.594633
v 9.997838 1.284671 7.554300
v 9.964380 1.404003 7.851409
v 10.080066 1.284671 7.821616
v 10.018851 1.404003 8.112476
v 10.138184 1.284671 8.100160
v 10.018851 1.404003 8.374149
v 10.138184 1.284671 8.386466
v 9.964380 1.404003 8.635216
v 10.080066 1.284671 8.665009
v 9.885394 1.404023 8.891993
v 9.997842 1.284700 8.932343
v 9.774851 1.404023 9.160235
v 9.882712 1.284700 9.211912
v 9.636302 1.404003 9.406275
v 9.736753 1.284671 9.471093
v 9.392138 1.404003 9.738890
v 9.452572 1.284671 9.858222
v 7.756671 1.404003 9.738890
v 7.756671 1.284671 9.858222
v 1.754330 1.404003 -1.544380
v 1.654126 1.284671 -1.479177
v 1.615165 1.404003 -1.789435
v 1.507766 1.284671 -1.736904
v 1.998494 1.404003 -1.214560
v 1.938362 1.284671 -1.095228
v 3.417099 1.404003 -1.214560
v 3.417099 1.284671 -1.095228
v 5.586885 1.404003 -1.214560
v 5.586885 1.284671 -1.095228
v 1.505237 1.404003 -2.054340
v 1.392901 1.284671 -2.013706
v 1.426251 1.404003 -2.308959
v 1.310624 1.284671 -2.278929
v 1.371781 1.404003 -2.567832
v 1.252449 1.284671 -2.555413
v 1.371781 1.404003 -2.827306
v 1.252449 1.284671 -2.839725
v 1.426251 1.404003 -3.086179
v 1.310624 1.284671 -3.116209
v 1.505237 1.404003 -3.340798
v 1.392900 1.284671 -3.381432
v 1.615165 1.404003 -3.605702
v 1.507766 1.284671 -3.658234
v 1.754330 1.404003 -3.850758
v 1.654126 1.284671 -3.915961
v 1.998494 1.404003 -4.180578
v 1.938362 1.284671 -4.299910
v 3.417099 1.404003 -4.180578
v 3.417099 1.284671 -4.299910
v 5.586885 1.404003 -4.180578
v 5.586885 1.284671 -4.299910
v 9.392138 1.404003 -1.214560
v 9.452270 1.284671 -1.095228
v 7.756671 1.404003 -1.214560
v 7.756671 1.284671 -1.095228
v 9.636302 1.404003 -1.544380
v 9.736506 1.284671 -1.479177
v 9.775466 1.404003 -1.789435
v 9.882866 1.284671 -1.736904
v 1.754330 1.404003 -7.099896
v 1.654378 1.284671 -7.034306
v 1.615168 1.404003 -7.342870
v 1.507941 1.284671 -7.289981
v 1.998494 1.404003 -6.772871
v 1.938667 1.284671 -6.653540
v 3.417099 1.404003 -6.772871
v 3.417099 1.284671 -6.653540
v 5.586885 1.404003 -6.772871
v 5.586885 1.284671 -6.653540
v 1.505237 1.404003 -7.605535
v 1.393009 1.284671 -7.564595
v 9.885394 1.404003 -2.054340
v 9.997731 1.284671 -2.013706
v 1.426251 1.404003 -7.857996
v 1.310685 1.284671 -7.827727
v 1.371781 1.404003 -8.114676
v 1.252449 1.284671 -8.102153
v 9.964380 1.404003 -2.308959
v 10.080007 1.284671 -2.278929
v 1.371781 1.404000 -8.371915
v 1.252450 1.284670 -8.384452
v 10.018851 1.404003 -2.567832
v 10.138184 1.284671 -2.555413
v 1.426230 1.404001 -8.628533
v 1.310674 1.284672 -8.658846
v 10.018851 1.404003 -2.827306
v 10.138184 1.284671 -2.839725
v 1.505237 1.404004 -8.881090
v 1.393009 1.284673 -8.922029
v 9.964380 1.404003 -3.086179
v 10.080007 1.284671 -3.116209
v 1.615165 1.404003 -9.143750
v 1.507940 1.284671 -9.196642
v 9.885394 1.404003 -3.340798
v 9.997731 1.284671 -3.381432
v 1.754330 1.404003 -9.386729
v 1.654378 1.284671 -9.452320
v 9.775466 1.404003 -3.605702
v 9.882866 1.284671 -3.658234
v 9.636302 1.404003 -3.850758
v 9.736506 1.284671 -3.915961
v 1.998494 1.404003 -9.713754
v 1.938667 1.284671 -9.833086
v 9.392138 1.404003 -4.180578
v 9.452270 1.284671 -4.299910
v 7.756671 1.404003 -4.180578
v 7.756671 1.284671 -4.299910
v 3.417099 1.404003 -9.713754
v 3.417099 1.284671 -9.833086
v 5.586885 1.404003 -9.713754
v 5.586885 1.284671 -9.833086
v 9.392138 1.404003 -6.772871
v 9.451965 1.284671 -6.653540
v 7.756671 1.404003 -6.772871
v 7.756671 1.284671 -6.653540
v 9.636302 1.404003 -7.099896
v 9.736254 1.284671 -7.034306
v 9.775466 1.404003 -7.342875
v 9.882691 1.284671 -7.289984
v 9.885394 1.404003 -7.605535
v 9.997622 1.284671 -7.564595
v 9.964380 1.404003 -7.857996
v 10.079947 1.284671 -7.827726
v 10.018851 1.404003 -8.114676
v 10.138184 1.284671 -8.102153
v 10.018851 1.404003 -8.371950
v 10.138184 1.284671 -8.384473
v 9.964380 1.404003 -8.628630
v 10.079947 1.284671 -8.658898
v 9.885394 1.404023 -8.881090
v 9.997624 1.284700 -8.922050
v 9.774851 1.403945 -9.144825
v 9.882336 1.284657 -9.197210
v 9.636302 1.404003 -9.386729
v 9.736254 1.284671 -9.452320
v 9.392138 1.404003 -9.713754
v 9.451965 1.284671 -9.833086
v 7.756671 1.404003 -9.713754
v 7.756671 1.284671 -9.833086
v -1.754330 1.404003 1.515061
v -1.653397 1.284671 1.451001
v -1.998494 1.404003 1.176856
v -1.937464 1.284671 1.057524
v -1.615165 1.404003 1.766347
v -1.507264 1.284671 1.714869
v -3.417099 1.404003 1.176856
v -3.417099 1.284671 1.057524
v -1.505237 1.404003 2.037987
v -1.392587 1.284671 1.998245
v -1.426251 1.404003 2.299079
v -1.310451 1.284671 2.269747
v -1.371781 1.404003 2.564533
v -1.252449 1.284671 2.552416
v -1.371781 1.404003 2.830605
v -1.252449 1.284671 2.842722
v -1.426251 1.404003 3.096059
v -1.310451 1.284671 3.125391
v -1.505237 1.404003 3.357151
v -1.392586 1.284671 3.396893
v -5.586885 1.404003 1.176856
v -5.586885 1.284671 1.057524
v -7.756671 1.404003 1.176856
v -7.756671 1.284671 1.057524
v -1.615165 1.404003 3.628790
v -1.507264 1.284671 3.680269
v -1.754330 1.404003 3.880077
v -1.653397 1.284671 3.944137
v -1.998494 1.404003 4.218281
v -1.937464 1.284671 4.337613
v -3.417099 1.404003 4.218281
v -3.417099 1.284671 4.337613
v -1.754330 1.404003 7.080350
v -1.653879 1.284671 7.015532
v -1.998494 1.404003 6.747736
v -1.938060 1.284671 6.628404
v -1.615168 1.404003 7.327478
v -1.507596 1.284671 7.275304
v -3.417099 1.404003 6.747736
v -3.417099 1.284671 6.628404
v -1.505237 1.404003 7.594633
v -1.392793 1.284671 7.554300
v -5.586885 1.404003 4.218281
v -5.586885 1.284671 4.337613
v -1.426251 1.404003 7.851409
v -1.310565 1.284671 7.821616
v -1.371781 1.404003 8.112476
v -1.252448 1.284671 8.100160
v -1.371781 1.404003 8.374113
v -1.252450 1.284673 8.386446
v -1.426230 1.404003 8.635118
v -1.310555 1.284674 8.664956
v -1.505237 1.404004 8.891993
v -1.392792 1.284673 8.932324
v -9.392138 1.404003 1.176856
v -9.453167 1.284671 1.057524
v -9.636302 1.404003 1.515061
v -9.737235 1.284671 1.451001
v -9.775466 1.404003 1.766347
v -9.883367 1.284671 1.714869
v -5.586885 1.404003 6.747736
v -5.586885 1.284671 6.628404
v -7.756671 1.404003 6.747736
v -7.756671 1.284671 6.628404
v -1.615165 1.404003 9.159142
v -1.507595 1.284671 9.211319
v -9.885394 1.404003 2.037987
v -9.998045 1.284671 1.998246
v -1.754330 1.404003 9.406275
v -1.653879 1.284671 9.471093
v -9.964380 1.404003 2.299079
v -10.080180 1.284671 2.269747
v -1.998494 1.404003 9.738890
v -1.938060 1.284671 9.858222
v -10.018851 1.404003 2.564533
v -10.138184 1.284671 2.552416
v -3.417099 1.404003 9.738890
v -3.417099 1.284671 9.858222
v -10.018851 1.404003 2.830605
v -10.138184 1.284671 2.842722
v -9.964380 1.404003 3.096059
v -10.080180 1.284671 3.125391
v -9.885394 1.404003 3.357151
v -9.998045 1.284671 3.396892
v -9.775466 1.404003 3.628790
v -9.883367 1.284671 3.680269
v -9.636302 1.404003 3.880077
v -9.737235 1.284671 3.944137
v -9.392138 1.404003 4.218281
v -9.453167 1.284671 4.337613
v -7.756671 1.404003 4.218281
v -7.756671 1.284671 4.337613
v -5.586885 1.404003 9.738890
v -5.586885 1.284671 9.858222
v -9.392138 1.404003 6.747736
v -9.452572 1.284671 6.628404
v -9.636302 1.404003 7.080350
v -9.736753 1.284671 7.015532
v -9.775466 1.404003 7.327483
v -9.883036 1.284671 7.275307
v -9.885394 1.404003 7.594633
v -9.997838 1.284671 7.554300
v -9.964380 1.404003 7.851409
v -10.080066 1.284671 7.821616
v -10.018851 1.404003 8.112476
v -10.138184 1.284671 8.100160
v -10.018851 1.404003 8.374149
v -10.138184 1.284671 8.386466
v -9.964380 1.404003 8.635216
v -10.080066 1.284671 8.665009
v -9.885394 1.404023 8.891993
v -9.997841 1.284700 8.932343
v -9.774851 1.403987 9.160235
v -9.882680 1.284700 9.211897
v -9.636302 1.404004 9.406275
v -9.736753 1.284671 9.471093
v -9.392138 1.404003 9.738890
v -9.452572 1.284671 9.858222
v -7.756671 1.404003 9.738890
v -7.756671 1.284671 9.858222
v -1.754330 1.404003 -1.544380
v -1.654126 1.284671 -1.479177
v -1.615165 1.404003 -1.789435
v -1.507766 1.284671 -1.736904
v -1.998494 1.404003 -1.214560
v -1.938362 1.284671 -1.095228
v -3.417099 1.404003 -1.214560
v -3.417099 1.284671 -1.095228
v -5.586885 1.404003 -1.214560
v -5.586885 1.284671 -1.095228
v -1.505237 1.404003 -2.054340
v -1.392901 1.284671 -2.013706
v -1.426251 1.404003 -2.308959
v -1.310624 1.284671 -2.278929
v -1.371781 1.404003 -2.567832
v -1.252449 1.284671 -2.555413
v -1.371781 1.404003 -2.827306
v -1.252449 1.284671 -2.839725
v -1.426251 1.404003 -3.086179
v -1.310624 1.284671 -3.116209
v -1.505237 1.404003 -3.340798
v -1.392900 1.284671 -3.381432
v -1.615165 1.404003 -3.605702
v -1.507766 1.284671 -3.658234
v -1.754330 1.404003 -3.850758
v -1.654126 1.284671 -3.915961
v -1.998494 1.404003 -4.180578
v -1.938362 1.284671 -4.299910
v -3.417099 1.404003 -4.180578
v -3.417099 1.284671 -4.299910
v -5.586885 1.404003 -4.180578
v -5.586885 1.284671 -4.299910
v -9.392138 1.404003 -1.214560
v -9.452270 1.284671 -1.095228
v -7.756671 1.404003 -1.214560
v -7.756671 1.284671 -1.095228
v -9.636302 1.404003 -1.544380
v -9.736506 1.284671 -1.479177
v -9.775466 1.404003 -1.789435
v -9.882866 1.284671 -1.736904
v -1.754330 1.404003 -7.099896
v -1.654378 1.284671 -7.034306
v -1.615168 1.404003 -7.342870
v -1.507941 1.284671 -7.289981
v -1.998494 1.404003 -6.772871
v -1.938667 1.284671 -6.653540
v -3.417099 1.404003 -6.772871
v -3.417099 1.284671 -6.653540
v -5.586885 1.404003 -6.772871
v -5.586885 1.284671 -6.653540
v -1.505237 1.404003 -7.605535
v -1.393009 1.284671 -7.564595
v -9.885394 1.404003 -2.054340
v -9.997731 1.284671 -2.013706
v -1.426251 1.404003 -7.857996
v -1.310685 1.284671 -7.827727
v -1.371781 1.404003 -8.114676
v -1.252448 1.284671 -8.102153
v -9.964380 1.404003 -2.308959
v -10.080007 1.284671 -2.278929
v -1.371781 1.404002 -8.371915
v -1.252448 1.284670 -8.384453
v -10.018851 1.404003 -2.567832
v -10.138184 1.284671 -2.555413
v -1.426230 1.404003 -8.628533
v -1.310672 1.284672 -8.658846
v -10.018851 1.404003 -2.827306
v -10.138184 1.284671 -2.839725
v -1.505237 1.404004 -8.881090
v -1.393009 1.284673 -8.922029
v -9.964380 1.404003 -3.086179
v -10.080007 1.284671 -3.116209
v -1.615165 1.404003 -9.143750
v -1.507940 1.284671 -9.196642
v -9.885394 1.404003 -3.340798
v -9.997731 1.284671 -3.381432
v -1.754330 1.404003 -9.386729
v -1.654378 1.284671 -9.452320
v -9.775466 1.404003 -3.605702
v -9.882866 1.284671 -3.658234
v -9.636302 1.404003 -3.850758
v -9.736506 1.284671 -3.915961
v -1.998494 1.404003 -9.713754
v -1.938667 1.284671 -9.833086
v -9.392138 1.404003 -4.180578
v -9.452270 1.284671 -4.299910
v -7.756671 1.404003 -4.180578
v -7.756671 1.284671 -4.299910
v -3.417099 1.404003 -9.713754
v -3.417099 1.284671 -9.833086
v -5.586885 1.404003 -9.713754
v -5.586885 1.284671 -9.833086
v -9.392138 1.404003 -6.772871
v -9.451965 1.284671 -6.653540
v -7.756671 1.404003 -6.772871
v -7.756671 1.284671 -6.653540
v -9.636302 1.404003 -7.099896
v -9.736254 1.284671 -7.034306
v -9.775466 1.404003 -7.342875
v -9.882691 1.284671 -7.289984
v -9.885394 1.404003 -7.605535
v -9.997622 1.284671 -7.564595
v -9.964380 1.404003 -7.857996
v -10.079947 1.284671 -7.827726
v -10.018851 1.404003 -8.114676
v -10.138184 1.284671 -8.102153
v -10.018851 1.404003 -8.371950
v -10.138184 1.284671 -8.384473
v -9.964380 1.404003 -8.628630
v -10.079947 1.284671 -8.658898
v -9.885394 1.404022 -8.881090
v -9.997624 1.284700 -8.922049
v -9.774851 1.403981 -9.144825
v -9.882368 1.284657 -9.197226
v -9.636302 1.404003 -9.386729
v -9.736254 1.284671 -9.452320
v -9.392138 1.404003 -9.713754
v -9.451965 1.284671 -9.833086
v -7.756671 1.404003 -9.713754
v -7.756671 1.284671 -9.833086
vt 0.500000 0.375000
vt 0.512711 0.375000
vt 0.557301 0.375000
vt 0.535006 0.375000
vt 0.579412 0.375000
vt 0.625000 0.250000
vt 0.623291 0.251150
vt 0.601492 0.250000
vt 0.580172 0.250000
vt 0.625000 0.375000
vt 0.625000 0.360430
vt 0.500000 0.250000
vt 0.514087 0.250000
vt 0.536469 0.250000
vt 0.625000 0.269548
vt 0.625000 0.273846
vt 0.625000 0.265147
vt 0.000000 0.199943
vt 0.000000 0.000000
vt 1.000000 0.000000
vt 0.000000 0.199943
vt 0.000000 0.000000
vt 0.623291 0.277515
vt 0.625000 0.277528
vt 0.625000 0.281202
vt 0.625000 0.285038
vt 0.625000 0.288908
vt 0.625000 0.293418
vt 0.625000 0.297799
vt 0.625000 0.302593
vt 0.625000 0.305987
vt 0.625000 0.308376
vt 0.558852 0.250000
vt 0.625000 0.321371
vt 0.625000 0.325412
vt 0.625000 0.329669
vt 0.625000 0.334093
vt 0.625000 0.337288
vt 0.625000 0.340606
vt 0.625000 0.343671
vt 0.625000 0.346944
vt 0.625000 0.350290
vt 0.625000 0.353191
vt 0.625000 0.356964
vt 0.000000 0.199943
vt 0.000000 0.000000
vt 0.500000 0.000000
vt 0.601491 0.251182
vt 0.623294 0.375000
vt 0.513988 0.251182
vt 0.536356 0.251182
vt 0.500000 0.251182
vt 0.000000 0.199942
vt 1.000000 0.199943
vt 1.000000 1.000000
vt 0.000000 1.000000
vt 0.000000 0.199942
vt 0.000000 1.000000
vt 0.000000 0.199943
vt 1.000000 0.199943
vt 1.000000 1.000000
vt 0.000000 1.000000
vt 0.000000 0.199942
vt 1.000000 0.199943
vt 1.000000 1.000000
vt 0.000000 1.000000
vt 0.000000 0.199943
vt 1.000000 0.199943
vt 1.000000 1.000000
vt 0.000000 1.000000
vt 1.000000 0.199943
vt 1.000000 1.000000
vt 0.000000 1.000000
vt 0.000000 0.199942
vt 1.000000 0.199943
vt 1.000000 1.000000
vt 0.000000 1.000000
vt 0.000000 0.199943
vt 1.000000 0.199943
vt 1.000000 1.000000
vt 0.000000 1.000000
vt 0.000000 0.199943
vt 1.000000 0.199943
vt 1.000000 1.000000
vt 0.000000 1.000000
vt 0.000000 0.199943
vt 1.000000 0.199943
vt 1.000000 1.000000
vt 0.000000 1.000000
vt 0.000000 0.199943
vt 1.000000 0.199943
vt 1.000000 1.000000
vt 0.000000 1.000000
vt 0.000000 0.199942
vt 1.000000 0.199943
vt 1.000000 1.000000
vt 0.000000 1.000000
vt 0.000000 0.199942
vt 1.000000 0.199943
vt 1.000000 1.000000
vt 0.000000 1.000000
vt 0.000000 0.199942
vt 1.000000 0.199943
vt 1.000000 1.000000
vt 0.000000 1.000000
vt 1.000000 0.199943
vt 1.000000 1.000000
vt 0.000000 0.199943
vt 0.500000 0.199942
vt 0.500000 1.000000
vt 0.000000 1.000000
vt 1.000000 0.199943
vt 1.000000 1.000000
vt 0.000000 0.199980
vt 0.000000 1.000000
vt 0.000000 0.199943
vt 1.000000 0.199980
vt 1.000000 1.000000
vt 0.000000 1.000000
vt 0.000000 0.199943
vt 1.000000 0.199943
vt 1.000000 1.000000
vt 0.000000 1.000000
vt 0.000000 0.199942
vt 1.000000 0.199942
vt 1.000000 1.000000
vt 0.000000 1.000000
vt 0.000000 0.199943
vt 1.000000 0.199943
vt 1.000000 1.000000
vt 0.000000 1.000000
vt 0.000000 0.199943
vt 1.000000 0.199943
vt 1.000000 1.000000
vt 0.000000 1.000000
vt 0.000000 0.199943
vt 1.000000 0.199943
vt 1.000000 1.000000
vt 0.000000 1.000000
vt 0.000000 0.199943
vt 1.000000 0.199943
vt 1.000000 1.000000
vt 0.000000 1.000000
vt 0.000000 0.199943
vt 1.000000 0.199943
vt 1.000000 1.000000
vt 0.000000 1.000000
vt 0.000000 0.199943
vt 1.000000 0.199943
vt 1.000000 1.000000
vt 0.000000 1.000000
vt 0.000000 0.199943
vt 1.000000 0.199943
vt 1.000000 1.000000
vt 0.000000 1.000000
vt 0.000000 0.199943
vt 1.000000 0.199943
vt 1.000000 1.000000
vt 0.000000 1.000000
vt 1.000000 0.199943
vt 1.000000 1.000000
vt 0.500000 0.199943
vt 0.500000 1.000000
vt 0.000000 1.000000
vt 0.558723 0.251182
vt 0.580107 0.251182
vt 1.000000 0.199943
vt 1.000000 1.000000
vt 1.000000 0.199943
vt 1.000000 1.000000
vt 0.601522 0.375000
vt 0.000000 1.000000
vt 0.375000 0.569875
vt 0.437500 0.569875
vt 0.125000 0.144140
vt 0.125000 0.180126
vt 0.152800 0.180126
vt 0.173455 0.180125
vt 0.195784 0.180125
vt 0.217245 0.180125
vt 0.239065 0.180125
vt 0.260935 0.180125
vt 0.282755 0.180125
vt 0.293746 0.144139
vt 0.293746 0.180125
vt 0.304216 0.180125
vt 0.326545 0.180125
vt 0.437500 0.569875
vt 0.500000 0.569875
vt 0.347200 0.180125
vt 0.375000 0.180125
vt 0.437500 0.180125
vt 0.375000 0.569875
vt 0.437500 0.569875
vt 0.125000 0.144140
vt 0.125000 0.180126
vt 0.152800 0.180126
vt 0.173452 0.180125
vt 0.195784 0.180125
vt 0.217245 0.180125
vt 0.239065 0.180125
vt 0.260916 0.180122
vt 0.282702 0.180122
vt 0.534934 0.319332
vt 0.557117 0.319332
vt 0.293746 0.144137
vt 0.293746 0.180121
vt 0.304216 0.180125
vt 0.375000 0.605861
vt 0.375000 0.569875
vt 0.125000 0.180126
vt 0.152800 0.180126
vt 0.326545 0.180125
vt 0.557117 0.306215
vt 0.579299 0.306215
vt 0.500000 0.569875
vt 0.347200 0.180125
vt 0.375000 0.180125
vt 0.173455 0.180125
vt 0.195784 0.180125
vt 0.500000 0.180125
vt 0.437500 0.180125
vt 0.217245 0.180125
vt 0.437500 0.180125
vt 0.239065 0.180125
vt 0.260935 0.180125
vt 0.375000 0.605861
vt 0.375000 0.569875
vt 0.437500 0.569875
vt 0.125000 0.180126
vt 0.152800 0.180126
vt 0.282755 0.144139
vt 0.282755 0.180125
vt 0.293746 0.180125
vt 0.304216 0.180125
vt 0.326545 0.180125
vt 0.347200 0.180125
vt 0.375000 0.180125
vt 0.173455 0.180125
vt 0.195784 0.180125
vt 0.500000 0.180125
vt 0.437500 0.180125
vt 0.217245 0.180125
vt 0.239065 0.180125
vt 0.260935 0.180125
vt 0.282755 0.144139
vt 0.282755 0.180125
vt 0.293746 0.180125
vt 0.304216 0.180125
vt 0.304225 0.180056
vt 0.327132 0.180056
vt 0.327132 0.180125
vt 0.347200 0.180125
vt 0.375000 0.180125
vt 0.505655 0.344991
vt 0.505050 0.337568
vt 0.505050 0.341316
vt 0.505050 0.284234
vt 0.505050 0.287979
vt 0.505654 0.280565
vt 0.506518 0.277003
vt 0.507723 0.273296
vt 0.505655 0.291654
vt 0.506518 0.295207
vt 0.507723 0.298914
vt 0.509256 0.302389
vt 0.507722 0.326633
vt 0.505655 0.333893
vt 0.506518 0.330340
vt 0.534934 0.307580
vt 0.506518 0.348544
vt 0.507723 0.352251
vt 0.509256 0.355699
vt 0.509256 0.269848
vt 0.509256 0.323211
vt 0.512193 0.318259
vt 0.512193 0.307576
vt 0.500000 0.344712
vt 0.500000 0.337683
vt 0.500000 0.341201
vt 0.500000 0.284349
vt 0.500000 0.287864
vt 0.500000 0.280844
vt 0.500000 0.277383
vt 0.500000 0.273790
vt 0.500000 0.291375
vt 0.500000 0.294827
vt 0.500000 0.298420
vt 0.500000 0.301742
vt 0.500000 0.327127
vt 0.500000 0.334172
vt 0.500000 0.330720
vt 0.500000 0.348164
vt 0.500000 0.351757
vt 0.500000 0.355080
vt 0.500000 0.270467
vt 0.500000 0.323804
vt 0.500000 0.319598
vt 0.500000 0.306485
vt 0.579299 0.318295
vt 0.557117 0.307597
vt 0.534934 0.318263
vt 0.557117 0.318279
vt 0.579299 0.307613
vt 0.500000 0.359552
vt 0.512190 0.360767
vt 0.534940 0.360767
vt 0.557131 0.360767
vt 0.579308 0.360767
vt 0.579339 0.265270
vt 0.557195 0.265270
vt 0.535004 0.265270
vt 0.512254 0.265270
vt 0.500000 0.265995
vt 0.602040 0.307681
vt 0.602041 0.265249
vt 0.623291 0.269623
vt 0.604978 0.269802
vt 0.623287 0.273825
vt 0.606434 0.273068
vt 0.607699 0.277390
vt 0.623291 0.281166
vt 0.608578 0.280565
vt 0.623291 0.284968
vt 0.609184 0.284264
vt 0.623291 0.288802
vt 0.609184 0.288074
vt 0.623291 0.293218
vt 0.608578 0.291831
vt 0.623291 0.297521
vt 0.607715 0.295447
vt 0.623291 0.302226
vt 0.606511 0.299153
vt 0.623291 0.305641
vt 0.604978 0.302478
vt 0.623291 0.308219
vt 0.623291 0.321223
vt 0.602040 0.318374
vt 0.623291 0.325280
vt 0.604978 0.323332
vt 0.623291 0.329445
vt 0.606511 0.326724
vt 0.623291 0.333778
vt 0.607715 0.330486
vt 0.623291 0.336983
vt 0.608578 0.334094
vt 0.623291 0.340310
vt 0.609184 0.337755
vt 0.623291 0.343421
vt 0.609184 0.341463
vt 0.623291 0.346726
vt 0.608578 0.345117
vt 0.623291 0.350091
vt 0.607715 0.348627
vt 0.623291 0.353065
vt 0.606511 0.352357
vt 0.623291 0.356811
vt 0.604978 0.355746
vt 0.623291 0.360366
vt 0.602044 0.360788
vt 0.623291 0.265208
vt 0.050709 0.000000
vt 0.911112 -0.000000
vt 0.912627 0.159135
vt 0.116048 0.148761
vt 0.500000 1.000000
vt 0.312500 0.224971
vt 0.500000 0.199943
vt 0.311646 0.125575
vt 0.623291 0.258179
vt 0.601766 0.258216
vt 0.579723 0.258226
vt 0.557959 0.258226
vt 0.535680 0.258226
vt 0.513121 0.258226
vt 0.500000 0.258589
vt 0.512711 0.375000
vt 0.500000 0.375000
vt 0.500000 0.359552
vt 0.512190 0.360767
vt 0.535006 0.375000
vt 0.534940 0.360767
vt 0.601522 0.375000
vt 0.579412 0.375000
vt 0.579308 0.360767
vt 0.602044 0.360788
vt 0.557301 0.375000
vt 0.557131 0.360767
vt 0.623291 0.251150
vt 0.625000 0.250000
vt 0.312500 0.224971
vt 0.311646 0.125575
vt 0.601491 0.251182
vt 0.601492 0.250000
vt 0.580107 0.251182
vt 0.580172 0.250000
vt 0.625000 0.375000
vt 0.623294 0.375000
vt 0.623291 0.360366
vt 0.625000 0.360430
vt 0.500000 0.251182
vt 0.500000 0.250000
vt 0.514087 0.250000
vt 0.513988 0.251182
vt 0.536469 0.250000
vt 0.536356 0.251182
vt 0.623291 0.269623
vt 0.625000 0.269548
vt 0.625000 0.273846
vt 0.623287 0.273825
vt 0.623291 0.265208
vt 0.625000 0.265147
vt 1.000000 0.000000
vt 1.000000 0.199943
vt 0.000000 0.199943
vt 0.000000 0.000000
vt 0.623291 0.277515
vt 0.625000 0.277528
vt 0.625000 0.281202
vt 0.623291 0.281166
vt 0.625000 0.285038
vt 0.623291 0.284968
vt 0.625000 0.288908
vt 0.623291 0.288802
vt 0.625000 0.293418
vt 0.623291 0.293218
vt 0.625000 0.297799
vt 0.623291 0.297521
vt 0.625000 0.302593
vt 0.623291 0.302226
vt 0.625000 0.305987
vt 0.623291 0.305641
vt 0.625000 0.308376
vt 0.623291 0.308219
vt 0.625000 0.321371
vt 0.623291 0.321223
vt 0.558723 0.251182
vt 0.558852 0.250000
vt 0.625000 0.325412
vt 0.623291 0.325280
vt 0.625000 0.329669
vt 0.623291 0.329445
vt 0.625000 0.334093
vt 0.623291 0.333778
vt 0.625000 0.337288
vt 0.623291 0.336983
vt 0.625000 0.340606
vt 0.623291 0.340310
vt 0.625000 0.343671
vt 0.623291 0.343421
vt 0.625000 0.346944
vt 0.623291 0.346726
vt 0.625000 0.350290
vt 0.623291 0.350091
vt 0.625000 0.353191
vt 0.623291 0.353065
vt 0.625000 0.356964
vt 0.623291 0.356811
vt 0.000000 0.199943
vt 0.000000 0.000000
vt 0.500000 0.000000
vt 0.500000 0.199943
vt 0.623291 0.258179
vt 0.601766 0.258216
vt 0.579723 0.258226
vt 0.513121 0.258226
vt 0.500000 0.258589
vt 0.535680 0.258226
vt 0.000000 0.199942
vt 1.000000 0.199943
vt 1.000000 1.000000
vt 0.000000 1.000000
vt 1.000000 1.000000
vt 0.000000 1.000000
vt 0.000000 0.199942
vt 1.000000 0.199943
vt 0.000000 0.199943
vt 1.000000 0.199943
vt 1.000000 1.000000
vt 0.000000 1.000000
vt 0.000000 0.199942
vt 1.000000 0.199943
vt 1.000000 1.000000
vt 0.000000 1.000000
vt 0.000000 0.199943
vt 1.000000 0.199943
vt 1.000000 1.000000
vt 0.000000 1.000000
vt 1.000000 1.000000
vt 0.000000 1.000000
vt 0.000000 0.199942
vt 1.000000 0.199943
vt 1.000000 1.000000
vt 0.000000 1.000000
vt 0.000000 0.199943
vt 1.000000 0.199943
vt 1.000000 1.000000
vt 0.000000 1.000000
vt 0.000000 0.199943
vt 1.000000 0.199943
vt 1.000000 1.000000
vt 0.000000 1.000000
vt 0.000000 0.199943
vt 1.000000 0.199943
vt 1.000000 1.000000
vt 0.000000 1.000000
vt 0.000000 0.199943
vt 1.000000 0.199943
vt 1.000000 1.000000
vt 0.000000 1.000000
vt 0.000000 0.199942
vt 1.000000 0.199943
vt 1.000000 1.000000
vt 0.000000 1.000000
vt 0.000000 0.199942
vt 1.000000 0.199943
vt 1.000000 1.000000
vt 0.000000 1.000000
vt 0.000000 0.199942
vt 1.000000 0.199943
vt 1.000000 1.000000
vt 0.000000 1.000000
vt 0.500000 1.000000
vt 0.500000 0.199943
vt 1.000000 0.199943
vt 1.000000 1.000000
vt 0.000000 0.199943
vt 0.500000 0.199942
vt 0.500000 1.000000
vt 0.000000 1.000000
vt 1.000000 0.199943
vt 1.000000 1.000000
vt 0.000000 1.000000
vt 0.000000 0.199980
vt 0.000000 0.199943
vt 1.000000 0.199980
vt 1.000000 1.000000
vt 0.000000 1.000000
vt 0.000000 0.199943
vt 1.000000 0.199943
vt 1.000000 1.000000
vt 0.000000 1.000000
vt 0.000000 0.199942
vt 1.000000 0.199942
vt 1.000000 1.000000
vt 0.000000 1.000000
vt 0.000000 0.199943
vt 1.000000 0.199943
vt 1.000000 1.000000
vt 0.000000 1.000000
vt 0.000000 0.199943
vt 1.000000 0.199943
vt 1.000000 1.000000
vt 0.000000 1.000000
vt 0.000000 0.199943
vt 1.000000 0.199943
vt 1.000000 1.000000
vt 0.000000 1.000000
vt 0.000000 0.199943
vt 1.000000 0.199943
vt 1.000000 1.000000
vt 0.000000 1.000000
vt 0.000000 0.199943
vt 1.000000 0.199943
vt 1.000000 1.000000
vt 0.000000 1.000000
vt 0.000000 0.199943
vt 1.000000 0.199943
vt 1.000000 1.000000
vt 0.000000 1.000000
vt 0.000000 0.199943
vt 1.000000 0.199943
vt 1.000000 1.000000
vt 0.000000 1.000000
vt 0.000000 0.199943
vt 1.000000 0.199943
vt 1.000000 1.000000
vt 0.000000 1.000000
vt 0.500000 1.000000
vt 1.000000 0.199943
vt 1.000000 1.000000
vt 0.000000 1.000000
vt 0.557959 0.258226
vt 1.000000 0.199943
vt 1.000000 1.000000
vt 0.375000 0.569875
vt 0.375000 0.605861
vt 0.437500 0.569875
vt 0.125000 0.180126
vt 0.152800 0.180126
vt 0.173455 0.180125
vt 0.195784 0.180125
vt 0.217245 0.180125
vt 0.239065 0.180125
vt 0.260935 0.180125
vt 0.282755 0.180125
vt 0.282755 0.144139
vt 0.293746 0.180125
vt 0.304216 0.180125
vt 0.326545 0.180125
vt 0.347200 0.180125
vt 0.500000 0.569875
vt 0.437500 0.569875
vt 0.375000 0.180125
vt 0.437500 0.180125
vt 0.375000 0.569875
vt 0.375000 0.605861
vt 0.437500 0.569875
vt 0.125000 0.180126
vt 0.152800 0.180126
vt 0.173452 0.180125
vt 0.195784 0.180125
vt 0.217245 0.180125
vt 0.239065 0.180125
vt 0.260916 0.180122
vt 0.282702 0.180122
vt 0.282713 0.144137
vt 0.534934 0.319332
vt 0.534934 0.318263
vt 0.557117 0.318279
vt 0.557117 0.319332
vt 0.293746 0.180121
vt 0.304216 0.180125
vt 0.326545 0.180125
vt 0.375000 0.569875
vt 0.125000 0.180126
vt 0.125000 0.144140
vt 0.152800 0.180126
vt 0.347200 0.180125
vt 0.557117 0.307597
vt 0.557117 0.306215
vt 0.579299 0.306215
vt 0.579299 0.307613
vt 0.500000 0.569875
vt 0.375000 0.180125
vt 0.437500 0.180125
vt 0.173455 0.180125
vt 0.195784 0.180125
vt 0.500000 0.180125
vt 0.437500 0.180125
vt 0.375000 0.180125
vt 0.217245 0.180125
vt 0.500000 0.180125
vt 0.239065 0.180125
vt 0.260935 0.180125
vt 0.375000 0.569875
vt 0.437500 0.569875
vt 0.125000 0.180126
vt 0.125000 0.144140
vt 0.152800 0.180126
vt 0.282755 0.180125
vt 0.293746 0.180125
vt 0.293746 0.144139
vt 0.304216 0.180125
vt 0.326545 0.180125
vt 0.347200 0.180125
vt 0.173455 0.180125
vt 0.195784 0.180125
vt 0.437500 0.180125
vt 0.375000 0.180125
vt 0.217245 0.180125
vt 0.239065 0.180125
vt 0.260935 0.180125
vt 0.282755 0.180125
vt 0.293746 0.180125
vt 0.293746 0.144139
vt 0.304216 0.180125
vt 0.304225 0.180056
vt 0.327132 0.180056
vt 0.327132 0.180125
vt 0.347200 0.180125
vt 0.505655 0.344991
vt 0.500000 0.344712
vt 0.500000 0.341201
vt 0.505050 0.341316
vt 0.500000 0.334172
vt 0.505655 0.333893
vt 0.505050 0.337568
vt 0.500000 0.337683
vt 0.505050 0.284234
vt 0.500000 0.284349
vt 0.500000 0.280844
vt 0.505654 0.280565
vt 0.505050 0.287979
vt 0.500000 0.287864
vt 0.500000 0.277383
vt 0.506518 0.277003
vt 0.500000 0.273790
vt 0.507723 0.273296
vt 0.500000 0.270467
vt 0.509256 0.269848
vt 0.505655 0.291654
vt 0.500000 0.291375
vt 0.506518 0.295207
vt 0.500000 0.294827
vt 0.507723 0.298914
vt 0.500000 0.298420
vt 0.509256 0.302389
vt 0.500000 0.301742
vt 0.500000 0.323804
vt 0.509256 0.323211
vt 0.507722 0.326633
vt 0.500000 0.327127
vt 0.500000 0.330720
vt 0.506518 0.330340
vt 0.512193 0.307576
vt 0.534934 0.307580
vt 0.512193 0.318259
vt 0.500000 0.306485
vt 0.500000 0.319598
vt 0.500000 0.355080
vt 0.509256 0.355699
vt 0.506518 0.348544
vt 0.500000 0.348164
vt 0.507723 0.352251
vt 0.500000 0.351757
vt 0.500000 0.265995
vt 0.512254 0.265270
vt 0.602040 0.307681
vt 0.602040 0.318374
vt 0.579299 0.318295
vt 0.602041 0.265249
vt 0.604978 0.269802
vt 0.606434 0.273068
vt 0.607699 0.277390
vt 0.608578 0.280565
vt 0.609184 0.284264
vt 0.609184 0.288074
vt 0.608578 0.291831
vt 0.607715 0.295447
vt 0.606511 0.299153
vt 0.604978 0.302478
vt 0.604978 0.323332
vt 0.606511 0.326724
vt 0.607715 0.330486
vt 0.608578 0.334094
vt 0.609184 0.337755
vt 0.609184 0.341463
vt 0.608578 0.345117
vt 0.607715 0.348627
vt 0.606511 0.352357
vt 0.604978 0.355746
vt 0.050709 0.000000
vt 0.911112 -0.000000
vt 0.912627 0.159135
vt 0.116048 0.148761
vt 0.000000 0.199943
vt 0.000000 1.000000
vt 0.000000 0.000000
vt 0.579339 0.265270
vt 0.557195 0.265270
vt 0.535004 0.265270
vt 0.500000 1.000000
vt 0.625000 0.314873
vt 0.500000 0.199961
vt 0.623291 0.314721
vt 0.602040 0.313028
vt 0.579299 0.312954
vt 0.557117 0.312938
vt 0.534934 0.312922
vt 0.512193 0.312917
vt 0.500000 0.313042
vt 0.500000 0.313042
vt 0.512193 0.312917
vt 0.534934 0.312922
vt 0.557117 0.312938
vt 0.579299 0.312954
vt 0.602040 0.313028
vt 0.623291 0.314721
vt 0.500000 0.199961
vt 0.625000 0.314873
vt 0.500000 1.000000
vt 0.700000 1.000000
vt 0.700000 1.000000
vt 0.500000 0.375000
vt 0.500000 0.359552
vt 0.535006 0.375000
vt 0.512711 0.375000
vt 0.512190 0.360767
vt 0.534940 0.360767
vt 0.601522 0.375000
vt 0.579412 0.375000
vt 0.579308 0.360767
vt 0.602044 0.360788
vt 0.557301 0.375000
vt 0.557131 0.360767
vt 0.623291 0.251150
vt 0.625000 0.250000
vt 0.312500 0.224971
vt 0.311646 0.125575
vt 0.601491 0.251182
vt 0.601492 0.250000
vt 0.580107 0.251182
vt 0.580172 0.250000
vt 0.625000 0.375000
vt 0.623294 0.375000
vt 0.623291 0.360366
vt 0.625000 0.360430
vt 0.500000 0.251182
vt 0.500000 0.250000
vt 0.513988 0.251182
vt 0.514087 0.250000
vt 0.536469 0.250000
vt 0.536356 0.251182
vt 0.623291 0.269623
vt 0.625000 0.269548
vt 0.625000 0.273846
vt 0.623287 0.273825
vt 0.623291 0.265208
vt 0.625000 0.265147
vt 1.000000 0.000000
vt 1.000000 0.199943
vt 0.000000 0.199943
vt 0.000000 0.000000
vt 0.623291 0.277515
vt 0.625000 0.277528
vt 0.625000 0.281202
vt 0.623291 0.281166
vt 0.625000 0.285038
vt 0.623291 0.284968
vt 0.625000 0.288908
vt 0.623291 0.288802
vt 0.625000 0.293418
vt 0.623291 0.293218
vt 0.625000 0.297799
vt 0.623291 0.297521
vt 0.625000 0.302593
vt 0.623291 0.302226
vt 0.625000 0.305987
vt 0.623291 0.305641
vt 0.625000 0.308376
vt 0.623291 0.308219
vt 0.625000 0.314873
vt 0.623291 0.314721
vt 0.558723 0.251182
vt 0.558852 0.250000
vt 0.623291 0.321223
vt 0.625000 0.321371
vt 0.625000 0.325412
vt 0.623291 0.325280
vt 0.625000 0.329669
vt 0.623291 0.329445
vt 0.625000 0.334093
vt 0.623291 0.333778
vt 0.625000 0.337288
vt 0.623291 0.336983
vt 0.625000 0.340606
vt 0.623291 0.340310
vt 0.625000 0.343671
vt 0.623291 0.343421
vt 0.625000 0.346944
vt 0.623291 0.346726
vt 0.625000 0.350290
vt 0.623291 0.350091
vt 0.625000 0.353191
vt 0.623291 0.353065
vt 0.625000 0.356964
vt 0.623291 0.356811
vt 0.000000 0.199943
vt 0.000000 0.000000
vt 0.500000 0.000000
vt 0.500000 0.199943
vt 0.623291 0.258179
vt 0.601766 0.258216
vt 0.579723 0.258226
vt 0.500000 0.258589
vt 0.535680 0.258226
vt 0.513121 0.258226
vt 0.000000 0.199942
vt 1.000000 0.199943
vt 1.000000 1.000000
vt 0.000000 1.000000
vt 1.000000 1.000000
vt 0.000000 1.000000
vt 0.000000 0.199942
vt 1.000000 0.199943
vt 0.700000 1.000000
vt 1.000000 0.199943
vt 1.000000 1.000000
vt 0.000000 0.199942
vt 1.000000 0.199943
vt 1.000000 1.000000
vt 0.000000 1.000000
vt 0.000000 0.199943
vt 1.000000 0.199943
vt 1.000000 1.000000
vt 0.000000 1.000000
vt 1.000000 1.000000
vt 0.000000 1.000000
vt 0.000000 0.199942
vt 1.000000 0.199943
vt 1.000000 1.000000
vt 0.000000 1.000000
vt 0.000000 0.199943
vt 1.000000 0.199943
vt 1.000000 1.000000
vt 0.000000 1.000000
vt 0.000000 0.199943
vt 1.000000 0.199943
vt 1.000000 1.000000
vt 0.000000 1.000000
vt 0.000000 0.199943
vt 1.000000 0.199943
vt 1.000000 1.000000
vt 0.000000 1.000000
vt 0.000000 0.199943
vt 1.000000 0.199943
vt 1.000000 1.000000
vt 0.000000 1.000000
vt 0.000000 0.199942
vt 1.000000 0.199943
vt 1.000000 1.000000
vt 0.000000 1.000000
vt 0.000000 0.199942
vt 1.000000 0.199943
vt 1.000000 1.000000
vt 0.000000 1.000000
vt 0.000000 0.199942
vt 1.000000 0.199943
vt 1.000000 1.000000
vt 0.000000 1.000000
vt 0.500000 1.000000
vt 0.500000 0.199943
vt 1.000000 0.199943
vt 1.000000 1.000000
vt 0.000000 0.199943
vt 0.500000 0.199942
vt 0.500000 1.000000
vt 0.000000 1.000000
vt 1.000000 0.199943
vt 1.000000 1.000000
vt 0.500000 1.000000
vt 0.500000 0.199961
vt 0.000000 0.199943
vt 1.000000 0.199980
vt 1.000000 1.000000
vt 0.000000 1.000000
vt 0.000000 0.199943
vt 1.000000 0.199943
vt 1.000000 1.000000
vt 0.000000 1.000000
vt 0.000000 0.199942
vt 1.000000 0.199942
vt 1.000000 1.000000
vt 0.000000 1.000000
vt 0.000000 0.199943
vt 1.000000 0.199943
vt 1.000000 1.000000
vt 0.000000 1.000000
vt 0.000000 0.199943
vt 1.000000 0.199943
vt 1.000000 1.000000
vt 0.000000 1.000000
vt 0.000000 0.199943
vt 1.000000 0.199943
vt 1.000000 1.000000
vt 0.000000 1.000000
vt 0.000000 0.199943
vt 1.000000 0.199943
vt 1.000000 1.000000
vt 0.000000 1.000000
vt 0.000000 0.199943
vt 1.000000 0.199943
vt 1.000000 1.000000
vt 0.000000 1.000000
vt 0.000000 0.199943
vt 1.000000 0.199943
vt 1.000000 1.000000
vt 0.000000 1.000000
vt 0.000000 0.199943
vt 1.000000 0.199943
vt 1.000000 1.000000
vt 0.000000 1.000000
vt 0.000000 0.199943
vt 1.000000 0.199943
vt 1.000000 1.000000
vt 0.000000 1.000000
vt 0.500000 1.000000
vt 1.000000 0.199943
vt 1.000000 1.000000
vt 0.000000 1.000000
vt 0.557959 0.258226
vt 1.000000 0.199943
vt 1.000000 1.000000
vt 0.375000 0.569875
vt 0.375000 0.605861
vt 0.437500 0.569875
vt 0.125000 0.180126
vt 0.152800 0.180126
vt 0.173455 0.180125
vt 0.195784 0.180125
vt 0.217245 0.180125
vt 0.239065 0.180125
vt 0.260935 0.180125
vt 0.282755 0.180125
vt 0.282755 0.144139
vt 0.293746 0.180125
vt 0.304216 0.180125
vt 0.326545 0.180125
vt 0.347200 0.180125
vt 0.500000 0.569875
vt 0.437500 0.569875
vt 0.375000 0.180125
vt 0.437500 0.180125
vt 0.375000 0.569875
vt 0.375000 0.605861
vt 0.437500 0.569875
vt 0.125000 0.180126
vt 0.152800 0.180126
vt 0.173452 0.180125
vt 0.195784 0.180125
vt 0.217245 0.180125
vt 0.239065 0.180125
vt 0.260916 0.180122
vt 0.282702 0.180122
vt 0.282713 0.144137
vt 0.534934 0.319332
vt 0.534934 0.318263
vt 0.557117 0.318279
vt 0.557117 0.319332
vt 0.293746 0.180121
vt 0.304216 0.180125
vt 0.326545 0.180125
vt 0.375000 0.569875
vt 0.125000 0.180126
vt 0.125000 0.144140
vt 0.152800 0.180126
vt 0.347200 0.180125
vt 0.557117 0.307597
vt 0.557117 0.306215
vt 0.579299 0.306215
vt 0.579299 0.307613
vt 0.500000 0.569875
vt 0.375000 0.180125
vt 0.437500 0.180125
vt 0.173455 0.180125
vt 0.195784 0.180125
vt 0.500000 0.180125
vt 0.437500 0.180125
vt 0.375000 0.180125
vt 0.217245 0.180125
vt 0.500000 0.180125
vt 0.239065 0.180125
vt 0.260935 0.180125
vt 0.375000 0.569875
vt 0.437500 0.569875
vt 0.125000 0.180126
vt 0.125000 0.144140
vt 0.152800 0.180126
vt 0.282755 0.180125
vt 0.293746 0.180125
vt 0.293746 0.144139
vt 0.304216 0.180125
vt 0.326545 0.180125
vt 0.347200 0.180125
vt 0.173455 0.180125
vt 0.195784 0.180125
vt 0.437500 0.180125
vt 0.375000 0.180125
vt 0.217245 0.180125
vt 0.239065 0.180125
vt 0.260935 0.180125
vt 0.282755 0.180125
vt 0.293746 0.180125
vt 0.293746 0.144139
vt 0.304216 0.180125
vt 0.304225 0.180056
vt 0.327132 0.180056
vt 0.327132 0.180125
vt 0.347200 0.180125
vt 0.500000 0.344712
vt 0.500000 0.341201
vt 0.500000 0.334172
vt 0.500000 0.337683
vt 0.500000 0.284349
vt 0.500000 0.280844
vt 0.500000 0.287864
vt 0.500000 0.277383
vt 0.500000 0.273790
vt 0.500000 0.270467
vt 0.500000 0.291375
vt 0.500000 0.294827
vt 0.500000 0.298420
vt 0.500000 0.301742
vt 0.500000 0.323804
vt 0.500000 0.327127
vt 0.500000 0.330720
vt 0.512193 0.307576
vt 0.534934 0.307580
vt 0.534934 0.312922
vt 0.512193 0.312917
vt 0.500000 0.306485
vt 0.500000 0.313042
vt 0.500000 0.355080
vt 0.500000 0.348164
vt 0.500000 0.351757
vt 0.500000 0.265995
vt 0.500000 0.319598
vt 0.602040 0.307681
vt 0.602040 0.313028
vt 0.579299 0.312954
vt 0.557117 0.312938
vt 0.602041 0.265249
vt 0.604978 0.269802
vt 0.606434 0.273068
vt 0.607699 0.277390
vt 0.608578 0.280565
vt 0.609184 0.284264
vt 0.609184 0.288074
vt 0.608578 0.291831
vt 0.607715 0.295447
vt 0.606511 0.299153
vt 0.604978 0.302478
vt 0.602040 0.318374
vt 0.604978 0.323332
vt 0.606511 0.326724
vt 0.607715 0.330486
vt 0.608578 0.334094
vt 0.609184 0.337755
vt 0.609184 0.341463
vt 0.608578 0.345117
vt 0.607715 0.348627
vt 0.606511 0.352357
vt 0.604978 0.355746
vt 0.050709 0.000000
vt 0.911112 -0.000000
vt 0.912627 0.159135
vt 0.116048 0.148761
vt 0.000000 0.199943
vt 0.000000 1.000000
vt 0.000000 0.000000
vt 0.579339 0.265270
vt 0.557195 0.265270
vt 0.535004 0.265270
vt 0.512254 0.265270
vt 0.500000 0.359552
vt 0.500000 0.375000
vt 0.535006 0.375000
vt 0.534940 0.360767
vt 0.512190 0.360767
vt 0.512711 0.375000
vt 0.601522 0.375000
vt 0.602044 0.360788
vt 0.579308 0.360767
vt 0.579412 0.375000
vt 0.557301 0.375000
vt 0.557131 0.360767
vt 0.623291 0.251150
vt 0.311646 0.125575
vt 0.312500 0.224971
vt 0.625000 0.250000
vt 0.601492 0.250000
vt 0.601491 0.251182
vt 0.580172 0.250000
vt 0.580107 0.251182
vt 0.625000 0.375000
vt 0.625000 0.360430
vt 0.623291 0.360366
vt 0.623294 0.375000
vt 0.500000 0.251182
vt 0.500000 0.250000
vt 0.513988 0.251182
vt 0.536356 0.251182
vt 0.536469 0.250000
vt 0.514087 0.250000
vt 0.623291 0.269623
vt 0.623287 0.273825
vt 0.625000 0.273846
vt 0.625000 0.269548
vt 0.625000 0.265147
vt 0.623291 0.265208
vt 1.000000 0.000000
vt 0.000000 0.000000
vt 0.000000 0.199943
vt 1.000000 0.199943
vt 0.623291 0.277515
vt 0.623291 0.281166
vt 0.625000 0.281202
vt 0.625000 0.277528
vt 0.623291 0.284968
vt 0.625000 0.285038
vt 0.623291 0.288802
vt 0.625000 0.288908
vt 0.623291 0.293218
vt 0.625000 0.293418
vt 0.623291 0.297521
vt 0.625000 0.297799
vt 0.623291 0.302226
vt 0.625000 0.302593
vt 0.623291 0.305641
vt 0.625000 0.305987
vt 0.623291 0.308219
vt 0.625000 0.308376
vt 0.623291 0.314721
vt 0.625000 0.314873
vt 0.558852 0.250000
vt 0.558723 0.251182
vt 0.623291 0.321223
vt 0.623291 0.325280
vt 0.625000 0.325412
vt 0.625000 0.321371
vt 0.623291 0.329445
vt 0.625000 0.329669
vt 0.623291 0.333778
vt 0.625000 0.334093
vt 0.623291 0.336983
vt 0.625000 0.337288
vt 0.623291 0.340310
vt 0.625000 0.340606
vt 0.623291 0.343421
vt 0.625000 0.343671
vt 0.623291 0.346726
vt 0.625000 0.346944
vt 0.623291 0.350091
vt 0.625000 0.350290
vt 0.623291 0.353065
vt 0.625000 0.353191
vt 0.623291 0.356811
vt 0.625000 0.356964
vt 0.000000 0.199943
vt 0.500000 0.199943
vt 0.500000 0.000000
vt 0.000000 0.000000
vt 0.601766 0.258216
vt 0.623291 0.258179
vt 0.579723 0.258226
vt 0.500000 0.258589
vt 0.513121 0.258226
vt 0.535680 0.258226
vt 0.000000 0.199942
vt 0.000000 1.000000
vt 1.000000 1.000000
vt 1.000000 0.199943
vt 1.000000 1.000000
vt 1.000000 0.199943
vt 0.000000 0.199942
vt 0.000000 1.000000
vt 0.700000 1.000000
vt 1.000000 1.000000
vt 1.000000 0.199943
vt 0.000000 0.199942
vt 0.000000 1.000000
vt 1.000000 1.000000
vt 1.000000 0.199943
vt 0.000000 0.199943
vt 0.000000 1.000000
vt 1.000000 1.000000
vt 1.000000 0.199943
vt 0.000000 1.000000
vt 1.000000 1.000000
vt 0.000000 0.199942
vt 0.000000 1.000000
vt 1.000000 1.000000
vt 1.000000 0.199943
vt 0.000000 0.199943
vt 0.000000 1.000000
vt 1.000000 1.000000
vt 1.000000 0.199943
vt 0.000000 0.199943
vt 0.000000 1.000000
vt 1.000000 1.000000
vt 1.000000 0.199943
vt 0.000000 0.199943
vt 0.000000 1.000000
vt 1.000000 1.000000
vt 1.000000 0.199943
vt 0.000000 0.199943
vt 0.000000 1.000000
vt 1.000000 1.000000
vt 1.000000 0.199943
vt 0.000000 0.199942
vt 0.000000 1.000000
vt 1.000000 1.000000
vt 1.000000 0.199943
vt 0.000000 0.199942
vt 0.000000 1.000000
vt 1.000000 1.000000
vt 1.000000 0.199943
vt 0.000000 0.199942
vt 0.000000 1.000000
vt 1.000000 1.000000
vt 1.000000 0.199943
vt 0.500000 1.000000
vt 1.000000 1.000000
vt 1.000000 0.199943
vt 0.500000 0.199943
vt 0.000000 0.199943
vt 0.000000 1.000000
vt 0.500000 1.000000
vt 0.500000 0.199942
vt 1.000000 0.199943
vt 0.500000 0.199961
vt 0.500000 1.000000
vt 1.000000 1.000000
vt 0.000000 0.199943
vt 0.000000 1.000000
vt 1.000000 1.000000
vt 1.000000 0.199980
vt 0.000000 0.199943
vt 0.000000 1.000000
vt 1.000000 1.000000
vt 1.000000 0.199943
vt 0.000000 0.199942
vt 0.000000 1.000000
vt 1.000000 1.000000
vt 1.000000 0.199942
vt 0.000000 0.199943
vt 0.000000 1.000000
vt 1.000000 1.000000
vt 1.000000 0.199943
vt 0.000000 0.199943
vt 0.000000 1.000000
vt 1.000000 1.000000
vt 1.000000 0.199943
vt 0.000000 0.199943
vt 0.000000 1.000000
vt 1.000000 1.000000
vt 1.000000 0.199943
vt 0.000000 0.199943
vt 0.000000 1.000000
vt 1.000000 1.000000
vt 1.000000 0.199943
vt 0.000000 0.199943
vt 0.000000 1.000000
vt 1.000000 1.000000
vt 1.000000 0.199943
vt 0.000000 0.199943
vt 0.000000 1.000000
vt 1.000000 1.000000
vt 1.000000 0.199943
vt 0.000000 0.199943
vt 0.000000 1.000000
vt 1.000000 1.000000
vt 1.000000 0.199943
vt 0.000000 0.199943
vt 0.000000 1.000000
vt 1.000000 1.000000
vt 1.000000 0.199943
vt 0.500000 1.000000
vt 1.000000 1.000000
vt 1.000000 0.199943
vt 0.000000 1.000000
vt 0.557959 0.258226
vt 1.000000 1.000000
vt 1.000000 0.199943
vt 0.375000 0.569875
vt 0.437500 0.569875
vt 0.125000 0.144140
vt 0.152800 0.180126
vt 0.125000 0.180126
vt 0.173455 0.180125
vt 0.195784 0.180125
vt 0.217245 0.180125
vt 0.239065 0.180125
vt 0.260935 0.180125
vt 0.282755 0.180125
vt 0.293746 0.144139
vt 0.304216 0.180125
vt 0.293746 0.180125
vt 0.326545 0.180125
vt 0.347200 0.180125
vt 0.500000 0.569875
vt 0.437500 0.569875
vt 0.375000 0.180125
vt 0.437500 0.180125
vt 0.375000 0.569875
vt 0.437500 0.569875
vt 0.125000 0.144140
vt 0.152800 0.180126
vt 0.125000 0.180126
vt 0.173452 0.180125
vt 0.195784 0.180125
vt 0.217245 0.180125
vt 0.239065 0.180125
vt 0.260916 0.180122
vt 0.282702 0.180122
vt 0.534934 0.319332
vt 0.557117 0.319332
vt 0.557117 0.318279
vt 0.534934 0.318263
vt 0.293746 0.144137
vt 0.304216 0.180125
vt 0.293746 0.180121
vt 0.326545 0.180125
vt 0.375000 0.605861
vt 0.375000 0.569875
vt 0.125000 0.180126
vt 0.152800 0.180126
vt 0.347200 0.180125
vt 0.557117 0.307597
vt 0.579299 0.307613
vt 0.579299 0.306215
vt 0.557117 0.306215
vt 0.500000 0.569875
vt 0.375000 0.180125
vt 0.437500 0.180125
vt 0.173455 0.180125
vt 0.195784 0.180125
vt 0.437500 0.180125
vt 0.500000 0.180125
vt 0.375000 0.180125
vt 0.217245 0.180125
vt 0.500000 0.180125
vt 0.239065 0.180125
vt 0.260935 0.180125
vt 0.375000 0.605861
vt 0.437500 0.569875
vt 0.375000 0.569875
vt 0.125000 0.180126
vt 0.152800 0.180126
vt 0.282755 0.180125
vt 0.282755 0.144139
vt 0.293746 0.180125
vt 0.304216 0.180125
vt 0.326545 0.180125
vt 0.347200 0.180125
vt 0.173455 0.180125
vt 0.195784 0.180125
vt 0.437500 0.180125
vt 0.375000 0.180125
vt 0.217245 0.180125
vt 0.239065 0.180125
vt 0.260935 0.180125
vt 0.282755 0.180125
vt 0.282755 0.144139
vt 0.293746 0.180125
vt 0.304216 0.180125
vt 0.304225 0.180056
vt 0.327132 0.180056
vt 0.327132 0.180125
vt 0.347200 0.180125
vt 0.500000 0.341201
vt 0.500000 0.344712
vt 0.500000 0.334172
vt 0.500000 0.337683
vt 0.500000 0.280844
vt 0.500000 0.284349
vt 0.500000 0.287864
vt 0.500000 0.277383
vt 0.500000 0.273790
vt 0.500000 0.270467
vt 0.500000 0.291375
vt 0.500000 0.294827
vt 0.500000 0.298420
vt 0.500000 0.301742
vt 0.500000 0.323804
vt 0.500000 0.327127
vt 0.500000 0.330720
vt 0.512193 0.307576
vt 0.512193 0.312917
vt 0.534934 0.312922
vt 0.534934 0.307580
vt 0.500000 0.306485
vt 0.500000 0.313042
vt 0.500000 0.355080
vt 0.500000 0.348164
vt 0.500000 0.351757
vt 0.500000 0.265995
vt 0.500000 0.319598
vt 0.579299 0.312954
vt 0.602040 0.313028
vt 0.602040 0.307681
vt 0.557117 0.312938
vt 0.602041 0.265249
vt 0.604978 0.269802
vt 0.606434 0.273068
vt 0.607699 0.277390
vt 0.608578 0.280565
vt 0.609184 0.284264
vt 0.609184 0.288074
vt 0.608578 0.291831
vt 0.607715 0.295447
vt 0.606511 0.299153
vt 0.604978 0.302478
vt 0.602040 0.318374
vt 0.604978 0.323332
vt 0.606511 0.326724
vt 0.607715 0.330486
vt 0.608578 0.334094
vt 0.609184 0.337755
vt 0.609184 0.341463
vt 0.608578 0.345117
vt 0.607715 0.348627
vt 0.606511 0.352357
vt 0.604978 0.355746
vt 0.050709 0.000000
vt 0.116048 0.148761
vt 0.912627 0.159135
vt 0.911112 -0.000000
vt 0.000000 0.199943
vt 0.000000 1.000000
vt 0.000000 0.000000
vt 0.579339 0.265270
vt 0.557195 0.265270
vt 0.535004 0.265270
vt 0.512254 0.265270
vt 0.000000 1.000000
vt 0.000000 0.199980
vt 0.579299 0.318295
vt 0.512193 0.318259
vt 0.512193 0.318259
vt 0.579299 0.318295
vt 0.000000 0.199980
vt 0.000000 1.000000
vt 0.000000 0.199943
vt 0.000000 1.000000
vt 0.509256 0.269848
vt 0.507723 0.273296
vt 0.506518 0.277003
vt 0.505654 0.280565
vt 0.505050 0.284234
vt 0.505050 0.287979
vt 0.505655 0.291654
vt 0.506518 0.295207
vt 0.507723 0.298914
vt 0.509256 0.302389
vt 0.509256 0.323211
vt 0.507722 0.326633
vt 0.506518 0.330340
vt 0.505655 0.333893
vt 0.505050 0.337568
vt 0.505050 0.341316
vt 0.505655 0.344991
vt 0.506518 0.348544
vt 0.507723 0.352251
vt 0.509256 0.355699
vt 0.509256 0.355699
vt 0.507723 0.352251
vt 0.506518 0.348544
vt 0.505655 0.344991
vt 0.505050 0.341316
vt 0.505050 0.337568
vt 0.505655 0.333893
vt 0.506518 0.330340
vt 0.507722 0.326633
vt 0.509256 0.323211
vt 0.509256 0.302389
vt 0.507723 0.298914
vt 0.506518 0.295207
vt 0.505655 0.291654
vt 0.505050 0.287979
vt 0.505050 0.284234
vt 0.505654 0.280565
vt 0.506518 0.277003
vt 0.507723 0.273296
vt 0.509256 0.269848
vt 0.000000 0.199943
vt 0.000000 1.000000
vt 0.152800 0.014748
vt 0.125000 0.014748
vt 0.173455 0.014747
vt 0.375000 0.721971
vt 0.375000 0.735254
vt 0.195783 0.014747
vt 0.437500 0.735254
vt 0.217245 0.014746
vt 0.239065 0.014746
vt 0.260935 0.014746
vt 0.282755 0.028029
vt 0.282755 0.014746
vt 0.293746 0.014747
vt 0.304217 0.014747
vt 0.326545 0.014747
vt 0.500000 0.735254
vt 0.437500 0.735254
vt 0.375000 0.735254
vt 0.347200 0.014747
vt 0.375000 0.014746
vt 0.437500 0.014746
vt 0.500000 0.014747
vt 0.152800 0.014748
vt 0.125000 0.014748
vt 0.173455 0.014747
vt 0.375000 0.721971
vt 0.375000 0.735254
vt 0.195783 0.014747
vt 0.437500 0.735254
vt 0.217245 0.014746
vt 0.437500 0.014746
vt 0.239065 0.014746
vt 0.260934 0.014746
vt 0.282747 0.028029
vt 0.282751 0.014747
vt 0.293746 0.014747
vt 0.304217 0.014747
vt 0.326545 0.014747
vt 0.125000 0.028030
vt 0.125000 0.014748
vt 0.152800 0.014748
vt 0.173455 0.014747
vt 0.500000 0.735254
vt 0.437500 0.735254
vt 0.375000 0.735254
vt 0.347200 0.014747
vt 0.195783 0.014747
vt 0.375000 0.014746
vt 0.217245 0.014746
vt 0.437500 0.014746
vt 0.239065 0.014746
vt 0.500000 0.014747
vt 0.260935 0.014746
vt 0.282755 0.014746
vt 0.293746 0.028030
vt 0.293746 0.014747
vt 0.304217 0.014747
vt 0.326545 0.014747
vt 0.347200 0.014747
vt 0.375000 0.014746
vt 0.437500 0.014746
vt 0.125000 0.028030
vt 0.125000 0.014748
vt 0.152800 0.014748
vt 0.173455 0.014747
vt 0.195783 0.014747
vt 0.217245 0.014746
vt 0.239065 0.014746
vt 0.260935 0.014746
vt 0.282755 0.014746
vt 0.293746 0.028030
vt 0.293746 0.014747
vt 0.304217 0.014750
vt 0.326593 0.014748
vt 0.347200 0.014747
vt 0.375000 0.014746
vt 0.152800 0.014748
vt 0.125000 0.028030
vt 0.125000 0.014748
vt 0.173455 0.014747
vt 0.375000 0.735254
vt 0.437500 0.735254
vt 0.500000 0.735254
vt 0.437500 0.735254
vt 0.195783 0.014747
vt 0.217245 0.014746
vt 0.239065 0.014746
vt 0.260935 0.014746
vt 0.282755 0.014746
vt 0.293746 0.028030
vt 0.293746 0.014747
vt 0.304217 0.014747
vt 0.326545 0.014747
vt 0.347200 0.014747
vt 0.375000 0.014746
vt 0.437500 0.014746
vt 0.500000 0.014747
vt 0.375000 0.721971
vt 0.375000 0.735254
vt 0.125000 0.014748
vt 0.152800 0.014748
vt 0.173455 0.014747
vt 0.195783 0.014747
vt 0.152800 0.014748
vt 0.125000 0.028030
vt 0.125000 0.014748
vt 0.173455 0.014747
vt 0.375000 0.735254
vt 0.437500 0.735254
vt 0.500000 0.735254
vt 0.437500 0.735254
vt 0.195783 0.014747
vt 0.217245 0.014746
vt 0.217245 0.014746
vt 0.239065 0.014746
vt 0.239065 0.014746
vt 0.260934 0.014746
vt 0.282751 0.014746
vt 0.260935 0.014746
vt 0.293746 0.028029
vt 0.293746 0.014747
vt 0.282755 0.028029
vt 0.282755 0.014746
vt 0.304217 0.014747
vt 0.293746 0.014747
vt 0.304217 0.014747
vt 0.326545 0.014747
vt 0.326545 0.014747
vt 0.347200 0.014747
vt 0.347200 0.014747
vt 0.375000 0.014746
vt 0.375000 0.014746
vt 0.437500 0.014746
vt 0.437500 0.014746
vt 0.500000 0.014747
vt 0.375000 0.721971
vt 0.375000 0.735254
vt 0.125000 0.014748
vt 0.152800 0.014748
vt 0.173455 0.014747
vt 0.195783 0.014747
vt 0.217245 0.014746
vt 0.239065 0.014746
vt 0.260935 0.014746
vt 0.282755 0.028029
vt 0.282755 0.014746
vt 0.293746 0.014747
vt 0.304216 0.014750
vt 0.326593 0.014743
vt 0.347200 0.014747
vt 0.375000 0.014746
vt 0.437500 0.014746
vt 0.152800 0.014748
vt 0.125000 0.028030
vt 0.125000 0.014748
vt 0.375000 0.735254
vt 0.437500 0.735254
vt 0.173455 0.014747
vt 0.500000 0.735254
vt 0.195783 0.014747
vt 0.217245 0.014746
vt 0.239065 0.014746
vt 0.260935 0.014746
vt 0.282755 0.014746
vt 0.293746 0.028030
vt 0.293746 0.014747
vt 0.304217 0.014747
vt 0.437500 0.735254
vt 0.375000 0.721971
vt 0.375000 0.735254
vt 0.326545 0.014747
vt 0.347200 0.014747
vt 0.375000 0.014746
vt 0.437500 0.014746
vt 0.152800 0.014748
vt 0.125000 0.028030
vt 0.125000 0.014748
vt 0.375000 0.735254
vt 0.437500 0.735254
vt 0.173455 0.014747
vt 0.500000 0.735254
vt 0.195783 0.014747
vt 0.500000 0.014747
vt 0.217245 0.014746
vt 0.239065 0.014746
vt 0.260934 0.014746
vt 0.282751 0.014747
vt 0.293746 0.028029
vt 0.293746 0.014747
vt 0.304217 0.014747
vt 0.125000 0.014748
vt 0.152800 0.014748
vt 0.173455 0.014747
vt 0.195783 0.014747
vt 0.437500 0.735254
vt 0.375000 0.721971
vt 0.375000 0.735254
vt 0.326545 0.014747
vt 0.217245 0.014746
vt 0.347200 0.014747
vt 0.239065 0.014746
vt 0.375000 0.014746
vt 0.260935 0.014746
vt 0.437500 0.014746
vt 0.282755 0.028029
vt 0.282755 0.014746
vt 0.293746 0.014747
vt 0.304217 0.014747
vt 0.326545 0.014747
vt 0.347200 0.014747
vt 0.375000 0.014746
vt 0.437500 0.014746
vt 0.500000 0.014747
vt 0.125000 0.014748
vt 0.152800 0.014748
vt 0.173455 0.014747
vt 0.195783 0.014747
vt 0.217245 0.014746
vt 0.239065 0.014746
vt 0.260935 0.014746
vt 0.282755 0.028029
vt 0.282755 0.014746
vt 0.293746 0.014747
vt 0.304216 0.014750
vt 0.326593 0.014748
vt 0.347200 0.014747
vt 0.375000 0.014746
vt 0.437500 0.014746
vt 0.152800 0.014748
vt 0.125000 0.014748
vt 0.173455 0.014747
vt 0.195783 0.014747
vt 0.375000 0.721971
vt 0.375000 0.735254
vt 0.437500 0.735254
vt 0.500000 0.735254
vt 0.217245 0.014746
vt 0.239065 0.014746
vt 0.260935 0.014746
vt 0.282755 0.028029
vt 0.282755 0.014746
vt 0.293746 0.014747
vt 0.304217 0.014747
vt 0.326545 0.014747
vt 0.347200 0.014747
vt 0.375000 0.014746
vt 0.437500 0.014746
vt 0.500000 0.014747
vt 0.437500 0.014746
vt 0.125000 0.028030
vt 0.125000 0.014748
vt 0.375000 0.735254
vt 0.437500 0.735254
vt 0.152800 0.014748
vt 0.173455 0.014747
vt 0.152800 0.014748
vt 0.125000 0.014748
vt 0.173455 0.014747
vt 0.195783 0.014747
vt 0.375000 0.721971
vt 0.375000 0.735254
vt 0.437500 0.735254
vt 0.500000 0.735254
vt 0.217245 0.014746
vt 0.195783 0.014747
vt 0.239065 0.014746
vt 0.260934 0.014746
vt 0.217245 0.014746
vt 0.282747 0.028029
vt 0.282751 0.014746
vt 0.239065 0.014746
vt 0.293746 0.014747
vt 0.304217 0.014747
vt 0.260935 0.014746
vt 0.282755 0.014746
vt 0.326545 0.014747
vt 0.293746 0.028030
vt 0.293746 0.014747
vt 0.347200 0.014747
vt 0.304217 0.014747
vt 0.375000 0.014746
vt 0.326545 0.014747
vt 0.347200 0.014747
vt 0.437500 0.014746
vt 0.375000 0.014746
vt 0.500000 0.014747
vt 0.437500 0.014746
vt 0.125000 0.028030
vt 0.125000 0.014748
vt 0.375000 0.735254
vt 0.437500 0.735254
vt 0.152800 0.014748
vt 0.173455 0.014747
vt 0.195783 0.014747
vt 0.217245 0.014746
vt 0.239065 0.014746
vt 0.260935 0.014746
vt 0.282755 0.014746
vt 0.293746 0.028030
vt 0.293746 0.014747
vt 0.304217 0.014750
vt 0.326593 0.014743
vt 0.347200 0.014747
vt 0.375000 0.014746
vt 0.152800 0.144140
vt 0.125000 0.028030
vt 0.173455 0.144140
vt 0.152800 0.028030
vt 0.195784 0.144139
vt 0.173455 0.028030
vt 0.217245 0.144139
vt 0.195783 0.028030
vt 0.239065 0.144139
vt 0.217245 0.028029
vt 0.260935 0.144139
vt 0.239065 0.028029
vt 0.282755 0.144139
vt 0.260935 0.028029
vt 0.304216 0.144139
vt 0.293746 0.028029
vt 0.326545 0.144140
vt 0.304217 0.028030
vt 0.437500 0.721971
vt 0.375000 0.605861
vt 0.347200 0.144139
vt 0.326545 0.028030
vt 0.375000 0.144139
vt 0.347200 0.028030
vt 0.152800 0.144140
vt 0.125000 0.028030
vt 0.173453 0.144139
vt 0.152800 0.028030
vt 0.195784 0.144139
vt 0.173455 0.028030
vt 0.217245 0.144139
vt 0.195783 0.028030
vt 0.239065 0.144139
vt 0.217245 0.028029
vt 0.260920 0.144137
vt 0.239065 0.028029
vt 0.437500 0.144139
vt 0.375000 0.028029
vt 0.282713 0.144137
vt 0.260932 0.028029
vt 0.304216 0.144139
vt 0.293746 0.028029
vt 0.437500 0.605861
vt 0.375000 0.721971
vt 0.326545 0.144140
vt 0.304217 0.028030
vt 0.437500 0.721971
vt 0.375000 0.605861
vt 0.347200 0.144139
vt 0.326545 0.028030
vt 0.375000 0.144139
vt 0.347200 0.028030
vt 0.125000 0.144140
vt 0.152800 0.028030
vt 0.152800 0.144140
vt 0.173455 0.028030
vt 0.437500 0.028029
vt 0.375000 0.144139
vt 0.173455 0.144140
vt 0.195783 0.028030
vt 0.437500 0.144139
vt 0.375000 0.028029
vt 0.195784 0.144139
vt 0.217245 0.028029
vt 0.217245 0.144139
vt 0.239065 0.028029
vt 0.437500 0.605861
vt 0.375000 0.721971
vt 0.239065 0.144139
vt 0.260935 0.028029
vt 0.260935 0.144139
vt 0.282755 0.028029
vt 0.293746 0.144139
vt 0.304217 0.028030
vt 0.304216 0.144139
vt 0.326545 0.028030
vt 0.326545 0.144140
vt 0.347200 0.028030
vt 0.347200 0.144139
vt 0.375000 0.028029
vt 0.125000 0.144140
vt 0.152800 0.028030
vt 0.152800 0.144140
vt 0.173455 0.028030
vt 0.437500 0.028029
vt 0.375000 0.144139
vt 0.173455 0.144140
vt 0.195783 0.028030
vt 0.195784 0.144139
vt 0.217245 0.028029
vt 0.217245 0.144139
vt 0.239065 0.028029
vt 0.239065 0.144139
vt 0.260935 0.028029
vt 0.260935 0.144139
vt 0.282755 0.028029
vt 0.293746 0.144139
vt 0.304217 0.028032
vt 0.304216 0.144139
vt 0.326636 0.028028
vt 0.327014 0.144104
vt 0.347200 0.028030
vt 0.347200 0.144139
vt 0.375000 0.028029
vt 0.437500 0.028029
vt 0.500000 0.144139
vt 0.437500 0.605861
vt 0.500000 0.721971
vt 0.437500 0.028029
vt 0.500000 0.144139
vt 0.437500 0.605861
vt 0.500000 0.721971
vt 0.437500 0.721971
vt 0.500000 0.605861
vt 0.437500 0.144139
vt 0.500000 0.028030
vt 0.437500 0.721971
vt 0.500000 0.605861
vt 0.437500 0.144139
vt 0.500000 0.028030
vt 0.125000 0.144140
vt 0.152800 0.028030
vt 0.152800 0.144140
vt 0.173455 0.028030
vt 0.173455 0.144140
vt 0.195783 0.028030
vt 0.195784 0.144139
vt 0.217245 0.028029
vt 0.217245 0.144139
vt 0.239065 0.028029
vt 0.239065 0.144139
vt 0.260935 0.028029
vt 0.260935 0.144139
vt 0.282755 0.028029
vt 0.293746 0.144139
vt 0.304217 0.028030
vt 0.304216 0.144139
vt 0.326545 0.028030
vt 0.375000 0.721971
vt 0.437500 0.605861
vt 0.326545 0.144140
vt 0.347200 0.028030
vt 0.347200 0.144139
vt 0.375000 0.028029
vt 0.125000 0.144140
vt 0.152800 0.028030
vt 0.152800 0.144140
vt 0.173455 0.028030
vt 0.173453 0.144139
vt 0.195783 0.028030
vt 0.195784 0.144139
vt 0.217245 0.028029
vt 0.217245 0.144139
vt 0.239065 0.028029
vt 0.239065 0.144139
vt 0.260932 0.028029
vt 0.375000 0.144139
vt 0.437500 0.028029
vt 0.260920 0.144137
vt 0.282747 0.028029
vt 0.293746 0.144137
vt 0.304217 0.028030
vt 0.375000 0.605861
vt 0.437500 0.721971
vt 0.304216 0.144139
vt 0.326545 0.028030
vt 0.375000 0.721971
vt 0.437500 0.605861
vt 0.326545 0.144140
vt 0.347200 0.028030
vt 0.347200 0.144139
vt 0.375000 0.028029
vt 0.152800 0.144140
vt 0.125000 0.028030
vt 0.173455 0.144140
vt 0.152800 0.028030
vt 0.375000 0.028029
vt 0.437500 0.144139
vt 0.195784 0.144139
vt 0.173455 0.028030
vt 0.375000 0.144139
vt 0.437500 0.028029
vt 0.217245 0.144139
vt 0.195783 0.028030
vt 0.239065 0.144139
vt 0.217245 0.028029
vt 0.375000 0.605861
vt 0.437500 0.721971
vt 0.260935 0.144139
vt 0.239065 0.028029
vt 0.282755 0.144139
vt 0.260935 0.028029
vt 0.304216 0.144139
vt 0.293746 0.028030
vt 0.326545 0.144140
vt 0.304217 0.028030
vt 0.347200 0.144139
vt 0.326545 0.028030
vt 0.375000 0.144139
vt 0.347200 0.028030
vt 0.152800 0.144140
vt 0.125000 0.028030
vt 0.173455 0.144140
vt 0.152800 0.028030
vt 0.375000 0.028029
vt 0.437500 0.144139
vt 0.195784 0.144139
vt 0.173455 0.028030
vt 0.217245 0.144139
vt 0.195783 0.028030
vt 0.239065 0.144139
vt 0.217245 0.028029
vt 0.260935 0.144139
vt 0.239065 0.028029
vt 0.282755 0.144139
vt 0.260935 0.028029
vt 0.304216 0.144139
vt 0.293746 0.028030
vt 0.327014 0.144104
vt 0.304217 0.028032
vt 0.347200 0.144139
vt 0.326636 0.028019
vt 0.375000 0.144139
vt 0.347200 0.028030
vt 0.500000 0.028030
vt 0.437500 0.144139
vt 0.500000 0.605861
vt 0.437500 0.721971
vt 0.500000 0.028030
vt 0.437500 0.144139
vt 0.500000 0.605861
vt 0.437500 0.721971
vt 0.500000 0.721971
vt 0.437500 0.605861
vt 0.500000 0.144139
vt 0.437500 0.028029
vt 0.500000 0.721971
vt 0.437500 0.605861
vt 0.500000 0.144139
vt 0.437500 0.028029
vt 0.125000 0.144140
vt 0.152800 0.028030
vt 0.152800 0.144140
vt 0.173455 0.028030
vt 0.173455 0.144140
vt 0.195783 0.028030
vt 0.195784 0.144139
vt 0.217245 0.028029
vt 0.217245 0.144139
vt 0.239065 0.028029
vt 0.239065 0.144139
vt 0.260935 0.028029
vt 0.260935 0.144139
vt 0.282755 0.028029
vt 0.293746 0.144139
vt 0.304217 0.028030
vt 0.304216 0.144139
vt 0.326545 0.028030
vt 0.375000 0.721971
vt 0.437500 0.605861
vt 0.326545 0.144140
vt 0.347200 0.028030
vt 0.347200 0.144139
vt 0.375000 0.028029
vt 0.125000 0.144140
vt 0.152800 0.028030
vt 0.152800 0.144140
vt 0.173455 0.028030
vt 0.173453 0.144139
vt 0.195783 0.028030
vt 0.195784 0.144139
vt 0.217245 0.028029
vt 0.217245 0.144139
vt 0.239065 0.028029
vt 0.239065 0.144139
vt 0.260932 0.028029
vt 0.375000 0.144139
vt 0.437500 0.028029
vt 0.260920 0.144137
vt 0.282747 0.028029
vt 0.293746 0.144137
vt 0.304217 0.028030
vt 0.375000 0.605861
vt 0.437500 0.721971
vt 0.304216 0.144139
vt 0.326545 0.028030
vt 0.375000 0.721971
vt 0.437500 0.605861
vt 0.326545 0.144140
vt 0.347200 0.028030
vt 0.347200 0.144139
vt 0.375000 0.028029
vt 0.152800 0.144140
vt 0.125000 0.028030
vt 0.173455 0.144140
vt 0.152800 0.028030
vt 0.375000 0.028029
vt 0.437500 0.144139
vt 0.195784 0.144139
vt 0.173455 0.028030
vt 0.375000 0.144139
vt 0.437500 0.028029
vt 0.217245 0.144139
vt 0.195783 0.028030
vt 0.239065 0.144139
vt 0.217245 0.028029
vt 0.375000 0.605861
vt 0.437500 0.721971
vt 0.260935 0.144139
vt 0.239065 0.028029
vt 0.282755 0.144139
vt 0.260935 0.028029
vt 0.304216 0.144139
vt 0.293746 0.028030
vt 0.326545 0.144140
vt 0.304217 0.028030
vt 0.347200 0.144139
vt 0.326545 0.028030
vt 0.375000 0.144139
vt 0.347200 0.028030
vt 0.152800 0.144140
vt 0.125000 0.028030
vt 0.173455 0.144140
vt 0.152800 0.028030
vt 0.375000 0.028029
vt 0.437500 0.144139
vt 0.195784 0.144139
vt 0.173455 0.028030
vt 0.217245 0.144139
vt 0.195783 0.028030
vt 0.239065 0.144139
vt 0.217245 0.028029
vt 0.260935 0.144139
vt 0.239065 0.028029
vt 0.282755 0.144139
vt 0.260935 0.028029
vt 0.304216 0.144139
vt 0.293746 0.028030
vt 0.327014 0.144104
vt 0.304217 0.028032
vt 0.347200 0.144139
vt 0.326636 0.028024
vt 0.375000 0.144139
vt 0.347200 0.028030
vt 0.500000 0.028030
vt 0.437500 0.144139
vt 0.500000 0.605861
vt 0.437500 0.721971
vt 0.500000 0.028030
vt 0.437500 0.144139
vt 0.500000 0.605861
vt 0.437500 0.721971
vt 0.500000 0.721971
vt 0.437500 0.605861
vt 0.500000 0.144139
vt 0.437500 0.028029
vt 0.500000 0.721971
vt 0.437500 0.605861
vt 0.500000 0.144139
vt 0.437500 0.028029
vt 0.152800 0.144140
vt 0.125000 0.028030
vt 0.173455 0.144140
vt 0.152800 0.028030
vt 0.195784 0.144139
vt 0.173455 0.028030
vt 0.217245 0.144139
vt 0.195783 0.028030
vt 0.239065 0.144139
vt 0.217245 0.028029
vt 0.260935 0.144139
vt 0.239065 0.028029
vt 0.282755 0.144139
vt 0.260935 0.028029
vt 0.304216 0.144139
vt 0.293746 0.028029
vt 0.326545 0.144140
vt 0.304217 0.028030
vt 0.437500 0.721971
vt 0.375000 0.605861
vt 0.347200 0.144139
vt 0.326545 0.028030
vt 0.375000 0.144139
vt 0.347200 0.028030
vt 0.152800 0.144140
vt 0.125000 0.028030
vt 0.173453 0.144139
vt 0.152800 0.028030
vt 0.195784 0.144139
vt 0.173455 0.028030
vt 0.217245 0.144139
vt 0.195783 0.028030
vt 0.239065 0.144139
vt 0.217245 0.028029
vt 0.260920 0.144137
vt 0.239065 0.028029
vt 0.437500 0.144139
vt 0.375000 0.028029
vt 0.282713 0.144137
vt 0.260932 0.028029
vt 0.304216 0.144139
vt 0.293746 0.028029
vt 0.437500 0.605861
vt 0.375000 0.721971
vt 0.326545 0.144140
vt 0.304217 0.028030
vt 0.437500 0.721971
vt 0.375000 0.605861
vt 0.347200 0.144139
vt 0.326545 0.028030
vt 0.375000 0.144139
vt 0.347200 0.028030
vt 0.125000 0.144140
vt 0.152800 0.028030
vt 0.152800 0.144140
vt 0.173455 0.028030
vt 0.437500 0.028029
vt 0.375000 0.144139
vt 0.173455 0.144140
vt 0.195783 0.028030
vt 0.437500 0.144139
vt 0.375000 0.028029
vt 0.195784 0.144139
vt 0.217245 0.028029
vt 0.217245 0.144139
vt 0.239065 0.028029
vt 0.437500 0.605861
vt 0.375000 0.721971
vt 0.239065 0.144139
vt 0.260935 0.028029
vt 0.260935 0.144139
vt 0.282755 0.028029
vt 0.293746 0.144139
vt 0.304217 0.028030
vt 0.304216 0.144139
vt 0.326545 0.028030
vt 0.326545 0.144140
vt 0.347200 0.028030
vt 0.347200 0.144139
vt 0.375000 0.028029
vt 0.125000 0.144140
vt 0.152800 0.028030
vt 0.152800 0.144140
vt 0.173455 0.028030
vt 0.437500 0.028029
vt 0.375000 0.144139
vt 0.173455 0.144140
vt 0.195783 0.028030
vt 0.195784 0.144139
vt 0.217245 0.028029
vt 0.217245 0.144139
vt 0.239065 0.028029
vt 0.239065 0.144139
vt 0.260935 0.028029
vt 0.260935 0.144139
vt 0.282755 0.028029
vt 0.293746 0.144139
vt 0.304217 0.028032
vt 0.304216 0.144139
vt 0.326636 0.028023
vt 0.327014 0.144104
vt 0.347200 0.028030
vt 0.347200 0.144139
vt 0.375000 0.028029
vt 0.437500 0.028029
vt 0.500000 0.144139
vt 0.437500 0.605861
vt 0.500000 0.721971
vt 0.437500 0.028029
vt 0.500000 0.144139
vt 0.437500 0.605861
vt 0.500000 0.721971
vt 0.437500 0.721971
vt 0.500000 0.605861
vt 0.437500 0.144139
vt 0.500000 0.028030
vt 0.437500 0.721971
vt 0.500000 0.605861
vt 0.437500 0.144139
vt 0.500000 0.028030
vt 0.000000 0.223388
vt 1.000000 0.199242
vt 1.000000 1.000000
vt 0.000000 1.000000
vt 0.000000 0.199242
vt 1.000000 0.199252
vt 1.000000 1.000000
vt 0.000000 1.000000
vt 0.000000 0.198887
vt 1.000000 0.223388
vt 1.000000 1.000000
vt 0.000000 1.000000
vt 0.000000 0.199253
vt 1.000000 0.199092
vt 1.000000 1.000000
vt 0.000000 1.000000
vt 0.000000 0.199092
vt 1.000000 0.199094
vt 1.000000 1.000000
vt 0.000000 1.000000
vt 0.000000 0.199095
vt 1.000000 0.199909
vt 1.000000 1.000000
vt 0.000000 1.000000
vt 0.000000 0.199910
vt 1.000000 0.199909
vt 1.000000 1.000000
vt 0.000000 1.000000
vt 0.000000 0.199909
vt 1.000000 0.199094
vt 1.000000 1.000000
vt 0.000000 1.000000
vt 0.000000 0.199095
vt 1.000000 0.199092
vt 1.000000 1.000000
vt 0.000000 1.000000
vt 0.000000 0.198887
vt 1.000000 0.198887
vt 1.000000 1.000000
vt 0.000000 1.000000
vt 0.000000 0.198886
vt 1.000000 0.198887
vt 1.000000 1.000000
vt 0.000000 1.000000
vt 0.000000 0.199092
vt 1.000000 0.199253
vt 1.000000 1.000000
vt 0.000000 1.000000
vt 0.000000 0.199253
vt 1.000000 0.199242
vt 1.000000 1.000000
vt 0.000000 1.000000
vt 0.000000 0.199243
vt 1.000000 0.223388
vt 1.000000 1.000000
vt 0.000000 1.000000
vt 0.000000 0.223388
vt 1.000000 0.198886
vt 1.000000 1.000000
vt 0.000000 1.000000
vt 0.000000 0.222937
vt 1.000000 0.199247
vt 1.000000 1.000000
vt 0.000000 1.000000
vt 0.000000 0.199248
vt 1.000000 0.199261
vt 1.000000 1.000000
vt 0.000000 1.000000
vt 0.000000 0.198886
vt 1.000000 0.222937
vt 1.000000 1.000000
vt 0.000000 1.000000
vt 0.000001 0.199260
vt 1.000000 0.199097
vt 1.000000 1.000000
vt 0.000000 1.000000
vt 0.000000 0.198886
vt 1.000000 0.198886
vt 1.000000 1.000000
vt 0.000000 1.000000
vt 0.000002 0.199098
vt 1.000000 0.199101
vt 1.000000 1.000000
vt 0.000000 1.000000
vt 0.000001 0.199100
vt 0.999999 0.199943
vt 1.000000 1.000000
vt 0.000000 1.000000
vt 0.000000 0.199943
vt 1.000000 0.199952
vt 1.000000 1.000000
vt 0.000000 1.000000
vt 0.000011 0.199944
vt 1.000000 0.199095
vt 1.000000 1.000000
vt 0.000000 1.000000
vt 0.000034 0.199103
vt 1.000000 0.199110
vt 1.000000 1.000000
vt 0.000000 1.000000
vt 0.000000 0.199243
vt 1.000000 0.223388
vt 1.000000 1.000000
vt 0.000000 1.000000
vt 0.000000 0.223388
vt 1.000000 0.198886
vt 1.000000 1.000000
vt 0.000000 1.000000
vt 0.000000 0.199253
vt 1.000000 0.199243
vt 1.000000 1.000000
vt 0.000000 1.000000
vt 0.000000 0.198886
vt 1.000000 0.198886
vt 1.000000 1.000000
vt 0.000000 1.000000
vt 0.000000 0.198886
vt 1.000000 0.198886
vt 1.000000 1.000000
vt 0.000000 1.000000
vt 0.000017 0.199099
vt 1.000000 0.199260
vt 1.000000 1.000000
vt 0.000000 1.000000
vt 0.000000 0.199092
vt 1.000000 0.199252
vt 1.000000 1.000000
vt 0.000000 1.000000
vt 0.000000 0.199260
vt 1.000000 0.199248
vt 1.000000 1.000000
vt 0.000000 1.000000
vt 0.000000 0.199095
vt 1.000000 0.199092
vt 1.000000 1.000000
vt 0.000000 1.000000
vt 0.000000 0.199247
vt 1.000000 0.222938
vt 1.000000 1.000000
vt 0.000000 1.000000
vt 0.000000 0.199910
vt 1.000000 0.199095
vt 1.000000 1.000000
vt 0.000000 1.000000
vt 0.000000 0.222938
vt 1.000000 0.198887
vt 1.000000 1.000000
vt 0.000000 1.000000
vt 0.000000 0.199910
vt 1.000000 0.199910
vt 1.000000 1.000000
vt 0.000000 1.000000
vt 0.000000 0.199095
vt 1.000000 0.199910
vt 1.000000 1.000000
vt 0.000000 1.000000
vt 0.000001 0.199092
vt 1.000000 0.199095
vt 1.000000 1.000000
vt 0.000000 1.000000
vt 0.000000 0.199253
vt 1.000000 0.199092
vt 1.000000 1.000000
vt 0.000000 1.000000
vt 0.000001 0.199243
vt 0.999999 0.199252
vt 1.000000 1.000000
vt 0.000000 1.000000
vt 0.000000 0.223387
vt 1.000000 0.199243
vt 1.000000 1.000000
vt 0.000000 1.000000
vt 0.000000 0.198886
vt 1.000000 0.198886
vt 1.000000 1.000000
vt 0.000000 1.000000
vt 0.000000 0.198886
vt 1.000000 0.223387
vt 1.000000 1.000000
vt 0.000000 1.000000
vt 0.000000 0.198887
vt 1.000000 0.198887
vt 1.000000 1.000000
vt 0.000000 1.000000
vt 0.000000 0.199248
vt 0.999999 0.222938
vt 1.000000 1.000000
vt 0.000000 1.000000
vt 0.000000 0.222937
vt 1.000000 0.198886
vt 1.000000 1.000000
vt 0.000000 1.000000
vt 0.000001 0.199261
vt 1.000000 0.199248
vt 1.000000 1.000000
vt 0.000000 1.000000
vt 0.000000 0.199097
vt 1.000000 0.199261
vt 1.000000 1.000000
vt 0.000000 1.000000
vt 0.000000 0.199101
vt 1.000000 0.199098
vt 1.000000 1.000000
vt 0.000000 1.000000
vt 0.000000 0.199944
vt 1.000000 0.199101
vt 1.000000 1.000000
vt 0.000000 1.000000
vt 0.000000 0.199943
vt 1.000000 0.199944
vt 1.000000 1.000000
vt 0.000000 1.000000
vt 0.000001 0.199100
vt 1.000000 0.199944
vt 1.000000 1.000000
vt 0.000000 1.000000
vt 0.000270 0.199120
vt 1.000000 0.199101
vt 1.000000 1.000000
vt 0.000000 1.000000
vt 0.000204 0.199281
vt 1.000000 0.199058
vt 1.000000 1.000000
vt 0.000000 1.000000
vt 0.000001 0.199248
vt 1.000000 0.199429
vt 1.000000 1.000000
vt 0.000000 1.000000
vt 0.000000 0.222938
vt 1.000000 0.199248
vt 1.000000 1.000000
vt 0.000000 1.000000
vt 0.000000 0.198887
vt 1.000000 0.198887
vt 1.000000 1.000000
vt 0.000000 1.000000
vt 0.000000 0.198887
vt 1.000000 0.222938
vt 1.000000 1.000000
vt 0.000000 1.000000
vt 0.000000 0.199264
vt 1.000000 0.199250
vt 1.000000 1.000000
vt 0.000000 1.000000
vt 0.000000 0.199250
vt 1.000000 0.222710
vt 1.000000 1.000000
vt 0.000000 1.000000
vt 0.000000 0.222710
vt 1.000000 0.198887
vt 1.000000 1.000000
vt 0.000000 1.000000
vt 0.000000 0.198886
vt 1.000000 0.198887
vt 1.000000 1.000000
vt 0.000000 1.000000
vt 0.000000 0.199099
vt 1.000000 0.199264
vt 1.000000 1.000000
vt 0.000000 1.000000
vt 0.000001 0.199103
vt 1.000000 0.199100
vt 1.000000 1.000000
vt 0.000000 1.000000
vt 0.000000 0.199961
vt 1.000000 0.199104
vt 1.000000 1.000000
vt 0.000000 1.000000
vt 0.000000 0.199961
vt 1.000000 0.199961
vt 1.000000 1.000000
vt 0.000000 1.000000
vt 0.000000 0.199104
vt 1.000000 0.199961
vt 1.000000 1.000000
vt 0.000000 1.000000
vt 0.000000 0.199100
vt 1.000000 0.199104
vt 1.000000 1.000000
vt 0.000000 1.000000
vt 0.000000 0.199264
vt 1.000000 0.199100
vt 1.000000 1.000000
vt 0.000000 1.000000
vt 0.000000 0.199250
vt 1.000000 0.199264
vt 1.000000 1.000000
vt 0.000000 1.000000
vt 0.000000 0.222710
vt 1.000000 0.199250
vt 1.000000 1.000000
vt 0.000000 1.000000
vt 0.000000 0.198886
vt 1.000000 0.222710
vt 1.000000 1.000000
vt 0.000000 1.000000
vt 0.000000 0.198886
vt 1.000000 0.198886
vt 1.000000 1.000000
vt 0.000000 1.000000
vt 0.000000 0.198887
vt 1.000000 0.222710
vt 1.000000 1.000000
vt 0.000000 1.000000
vt 0.000000 0.222710
vt 1.000000 0.199250
vt 1.000000 1.000000
vt 0.000000 1.000000
vt 0.000000 0.198887
vt 1.000000 0.198887
vt 1.000000 1.000000
vt 0.000000 1.000000
vt 0.000000 0.199250
vt 1.000000 0.199265
vt 1.000000 1.000000
vt 0.000000 1.000000
vt 0.000000 0.199268
vt 1.000000 0.199253
vt 1.000000 1.000000
vt 0.000000 1.000000
vt 0.000000 0.199253
vt 1.000000 0.222482
vt 1.000000 1.000000
vt 0.000000 1.000000
vt 0.000000 0.222482
vt 1.000000 0.198886
vt 1.000000 1.000000
vt 0.000000 1.000000
vt 0.000000 0.198886
vt 1.000000 0.198886
vt 1.000000 1.000000
vt 0.000000 1.000000
vt 0.000000 0.199102
vt 1.000000 0.199268
vt 1.000000 1.000000
vt 0.000000 1.000000
vt 0.000001 0.199265
vt 1.000000 0.199100
vt 1.000000 1.000000
vt 0.000000 1.000000
vt 0.000000 0.199107
vt 0.999998 0.199103
vt 1.000000 1.000000
vt 0.000000 1.000000
vt 0.000001 0.199979
vt 1.000000 0.199107
vt 1.000000 1.000000
vt 0.000000 1.000000
vt 0.000001 0.199100
vt 1.000000 0.199104
vt 1.000000 1.000000
vt 0.000000 1.000000
vt 0.000000 0.199973
vt 1.000000 0.199979
vt 1.000000 1.000000
vt 0.000000 1.000000
vt 0.000000 0.199104
vt 1.000000 0.199961
vt 1.000000 1.000000
vt 0.000000 1.000000
vt 0.000000 0.199097
vt 0.999990 0.199977
vt 1.000000 1.000000
vt 0.000000 1.000000
vt 0.000000 0.199961
vt 1.000000 0.199961
vt 1.000000 1.000000
vt 0.000000 1.000000
vt 0.000000 0.199099
vt 0.999972 0.199106
vt 1.000000 1.000000
vt 0.000000 1.000000
vt 0.000000 0.199961
vt 1.000000 0.199104
vt 1.000000 1.000000
vt 0.000000 1.000000
vt 0.000000 0.199268
vt 0.999982 0.199104
vt 1.000000 1.000000
vt 0.000000 1.000000
vt 0.000000 0.199104
vt 0.999999 0.199100
vt 1.000000 1.000000
vt 0.000000 1.000000
vt 0.000000 0.199252
vt 1.000000 0.199268
vt 1.000000 1.000000
vt 0.000000 1.000000
vt 0.000000 0.199100
vt 0.999999 0.199265
vt 1.000000 1.000000
vt 0.000000 1.000000
vt 0.000000 0.199265
vt 1.000000 0.199250
vt 1.000000 1.000000
vt 0.000000 1.000000
vt 0.000000 0.222483
vt 1.000000 0.199253
vt 1.000000 1.000000
vt 0.000000 1.000000
vt 0.000001 0.199250
vt 1.000000 0.222710
vt 1.000000 1.000000
vt 0.000000 1.000000
vt 0.000000 0.222710
vt 1.000000 0.198886
vt 1.000000 1.000000
vt 0.000000 1.000000
vt 0.000000 0.198886
vt 1.000000 0.198886
vt 1.000000 1.000000
vt 0.000000 1.000000
vt 0.000000 0.198887
vt 1.000000 0.222483
vt 1.000000 1.000000
vt 0.000000 1.000000
vt 0.000000 0.198887
vt 1.000000 0.198887
vt 1.000000 1.000000
vt 0.000000 1.000000
vt 0.000000 0.198886
vt 1.000000 0.222482
vt 1.000000 1.000000
vt 0.000000 1.000000
vt 0.000001 0.222483
vt 1.000000 0.199252
vt 1.000000 1.000000
vt 0.000000 1.000000
vt 0.000000 0.198886
vt 1.000000 0.198886
vt 1.000000 1.000000
vt 0.000000 1.000000
vt 0.000000 0.199252
vt 1.000000 0.199268
vt 1.000000 1.000000
vt 0.000000 1.000000
vt 0.000000 0.199268
vt 1.000000 0.199102
vt 1.000000 1.000000
vt 0.000000 1.000000
vt 0.000001 0.199102
vt 1.000000 0.199108
vt 1.000000 1.000000
vt 0.000000 1.000000
vt 0.000000 0.199107
vt 1.000000 0.199979
vt 1.000000 1.000000
vt 0.000000 1.000000
vt 0.000000 0.199979
vt 1.000000 0.199979
vt 1.000000 1.000000
vt 0.000000 1.000000
vt 0.000000 0.199979
vt 0.999999 0.199107
vt 1.000000 1.000000
vt 0.000000 1.000000
vt 0.000000 0.199107
vt 0.999774 0.199124
vt 1.000000 1.000000
vt 0.000000 1.000000
vt 0.000000 0.199062
vt 0.999792 0.199229
vt 1.000000 1.000000
vt 0.000000 1.000000
vt 0.000000 0.199163
vt 1.000000 0.199253
vt 1.000000 1.000000
vt 0.000000 1.000000
vt 0.000000 0.199252
vt 1.000000 0.222483
vt 1.000000 1.000000
vt 0.000000 1.000000
vt 0.000000 0.222483
vt 1.000000 0.198887
vt 1.000000 1.000000
vt 0.000000 1.000000
vt 0.000000 0.198887
vt 1.000000 0.198887
vt 1.000000 1.000000
vt 0.000000 1.000000
vt 0.000000 0.199243
vt 1.000000 0.223388
vt 1.000000 1.000000
vt 0.000000 1.000000
vt 0.000001 0.199253
vt 1.000000 0.199242
vt 1.000000 1.000000
vt 0.000000 1.000000
vt 0.000000 0.223388
vt 1.000000 0.198887
vt 1.000000 1.000000
vt 0.000000 1.000000
vt 0.000000 0.199092
vt 1.000000 0.199253
vt 1.000000 1.000000
vt 0.000000 1.000000
vt 0.000000 0.199094
vt 1.000000 0.199092
vt 1.000000 1.000000
vt 0.000000 1.000000
vt 0.000000 0.199909
vt 1.000000 0.199094
vt 1.000000 1.000000
vt 0.000000 1.000000
vt 0.000001 0.199909
vt 1.000000 0.199909
vt 1.000000 1.000000
vt 0.000000 1.000000
vt 0.000001 0.199095
vt 1.000000 0.199909
vt 1.000000 1.000000
vt 0.000000 1.000000
vt 0.000000 0.199091
vt 1.000000 0.199095
vt 1.000000 1.000000
vt 0.000000 1.000000
vt 0.000000 0.198887
vt 1.000000 0.198887
vt 1.000000 1.000000
vt 0.000000 1.000000
vt 0.000000 0.198886
vt 1.000000 0.198887
vt 1.000000 1.000000
vt 0.000000 1.000000
vt 0.000000 0.199253
vt 1.000000 0.199092
vt 1.000000 1.000000
vt 0.000000 1.000000
vt 0.000000 0.199242
vt 1.000000 0.199253
vt 1.000000 1.000000
vt 0.000000 1.000000
vt 0.000000 0.223388
vt 1.000000 0.199242
vt 1.000000 1.000000
vt 0.000000 1.000000
vt 0.000000 0.198886
vt 1.000000 0.223388
vt 1.000000 1.000000
vt 0.000000 1.000000
vt 0.000000 0.199247
vt 1.000000 0.222937
vt 1.000000 1.000000
vt 0.000000 1.000000
vt 0.000000 0.199260
vt 1.000000 0.199247
vt 1.000000 1.000000
vt 0.000000 1.000000
vt 0.000000 0.222937
vt 1.000000 0.198886
vt 1.000000 1.000000
vt 0.000000 1.000000
vt 0.000000 0.199097
vt 0.999999 0.199260
vt 1.000000 1.000000
vt 0.000000 1.000000
vt 0.000000 0.198886
vt 1.000000 0.198886
vt 1.000000 1.000000
vt 0.000000 1.000000
vt 0.000000 0.199101
vt 0.999998 0.199097
vt 1.000000 1.000000
vt 0.000000 1.000000
vt 0.000001 0.199943
vt 0.999999 0.199101
vt 1.000000 1.000000
vt 0.000000 1.000000
vt 0.000000 0.199937
vt 1.000000 0.199944
vt 1.000000 1.000000
vt 0.000000 1.000000
vt 0.000000 0.199091
vt 0.999988 0.199942
vt 1.000000 1.000000
vt 0.000000 1.000000
vt 0.000000 0.199094
vt 0.999973 0.199099
vt 1.000000 1.000000
vt 0.000000 1.000000
vt 0.000000 0.223388
vt 1.000000 0.199243
vt 1.000000 1.000000
vt 0.000000 1.000000
vt 0.000000 0.198887
vt 1.000000 0.223388
vt 1.000000 1.000000
vt 0.000000 1.000000
vt 0.000001 0.199243
vt 1.000000 0.199252
vt 1.000000 1.000000
vt 0.000000 1.000000
vt 0.000000 0.198886
vt 1.000000 0.198886
vt 1.000000 1.000000
vt 0.000000 1.000000
vt 0.000000 0.198886
vt 1.000000 0.198886
vt 1.000000 1.000000
vt 0.000000 1.000000
vt 0.000000 0.199260
vt 0.999983 0.199099
vt 1.000000 1.000000
vt 0.000000 1.000000
vt 0.000000 0.199252
vt 1.000000 0.199092
vt 1.000000 1.000000
vt 0.000000 1.000000
vt 0.000000 0.199247
vt 1.000000 0.199260
vt 1.000000 1.000000
vt 0.000000 1.000000
vt 0.000000 0.199092
vt 1.000000 0.199095
vt 1.000000 1.000000
vt 0.000000 1.000000
vt 0.000000 0.222938
vt 1.000000 0.199248
vt 1.000000 1.000000
vt 0.000000 1.000000
vt 0.000000 0.199095
vt 1.000000 0.199910
vt 1.000000 1.000000
vt 0.000000 1.000000
vt 0.000000 0.198887
vt 1.000000 0.222938
vt 1.000000 1.000000
vt 0.000000 1.000000
vt 0.000000 0.199910
vt 1.000000 0.199910
vt 1.000000 1.000000
vt 0.000000 1.000000
vt 0.000000 0.199910
vt 1.000000 0.199095
vt 1.000000 1.000000
vt 0.000000 1.000000
vt 0.000000 0.199094
vt 0.999999 0.199092
vt 1.000000 1.000000
vt 0.000000 1.000000
vt 0.000000 0.199092
vt 1.000000 0.199253
vt 1.000000 1.000000
vt 0.000000 1.000000
vt 0.000001 0.199253
vt 1.000000 0.199243
vt 1.000000 1.000000
vt 0.000000 1.000000
vt 0.000000 0.199243
vt 1.000000 0.223387
vt 1.000000 1.000000
vt 0.000000 1.000000
vt 0.000000 0.198886
vt 1.000000 0.198886
vt 1.000000 1.000000
vt 0.000000 1.000000
vt 0.000000 0.223387
vt 1.000000 0.198886
vt 1.000000 1.000000
vt 0.000000 1.000000
vt 0.000000 0.198887
vt 1.000000 0.198887
vt 1.000000 1.000000
vt 0.000000 1.000000
vt 0.000001 0.222938
vt 1.000000 0.199248
vt 1.000000 1.000000
vt 0.000000 1.000000
vt 0.000000 0.198886
vt 1.000000 0.222937
vt 1.000000 1.000000
vt 0.000000 1.000000
vt 0.000000 0.199248
vt 0.999999 0.199260
vt 1.000000 1.000000
vt 0.000000 1.000000
vt 0.000000 0.199261
vt 1.000000 0.199097
vt 1.000000 1.000000
vt 0.000000 1.000000
vt 0.000000 0.199098
vt 1.000000 0.199101
vt 1.000000 1.000000
vt 0.000000 1.000000
vt 0.000000 0.199100
vt 1.000000 0.199944
vt 1.000000 1.000000
vt 0.000000 1.000000
vt 0.000000 0.199943
vt 1.000000 0.199944
vt 1.000000 1.000000
vt 0.000000 1.000000
vt 0.000000 0.199944
vt 0.999999 0.199100
vt 1.000000 1.000000
vt 0.000000 1.000000
vt 0.000000 0.199100
vt 0.999778 0.199118
vt 1.000000 1.000000
vt 0.000000 1.000000
vt 0.000000 0.199057
vt 0.999797 0.199221
vt 1.000000 1.000000
vt 0.000000 1.000000
vt 0.000000 0.199155
vt 1.000000 0.199248
vt 1.000000 1.000000
vt 0.000000 1.000000
vt 0.000000 0.199248
vt 1.000000 0.222938
vt 1.000000 1.000000
vt 0.000000 1.000000
vt 0.000000 0.198887
vt 1.000000 0.198887
vt 1.000000 1.000000
vt 0.000000 1.000000
vt 0.000000 0.222938
vt 1.000000 0.198887
vt 1.000000 1.000000
vt 0.000000 1.000000
vt 0.000000 0.199250
vt 1.000000 0.199264
vt 1.000000 1.000000
vt 0.000000 1.000000
vt 0.000000 0.222710
vt 1.000000 0.199250
vt 1.000000 1.000000
vt 0.000000 1.000000
vt 0.000000 0.198887
vt 1.000000 0.222710
vt 1.000000 1.000000
vt 0.000000 1.000000
vt 0.000000 0.198886
vt 1.000000 0.198887
vt 1.000000 1.000000
vt 0.000000 1.000000
vt 0.000000 0.199264
vt 1.000000 0.199100
vt 1.000000 1.000000
vt 0.000000 1.000000
vt 0.000000 0.199100
vt 1.000000 0.199104
vt 1.000000 1.000000
vt 0.000000 1.000000
vt 0.000000 0.199104
vt 1.000000 0.199961
vt 1.000000 1.000000
vt 0.000000 1.000000
vt 0.000000 0.199961
vt 1.000000 0.199961
vt 1.000000 1.000000
vt 0.000000 1.000000
vt 0.000000 0.199961
vt 1.000000 0.199104
vt 1.000000 1.000000
vt 0.000000 1.000000
vt 0.000000 0.199104
vt 1.000000 0.199100
vt 1.000000 1.000000
vt 0.000000 1.000000
vt 0.000000 0.199100
vt 1.000000 0.199264
vt 1.000000 1.000000
vt 0.000000 1.000000
vt 0.000000 0.199265
vt 1.000000 0.199250
vt 1.000000 1.000000
vt 0.000000 1.000000
vt 0.000000 0.199250
vt 1.000000 0.222710
vt 1.000000 1.000000
vt 0.000000 1.000000
vt 0.000000 0.222710
vt 1.000000 0.198886
vt 1.000000 1.000000
vt 0.000000 1.000000
vt 0.000000 0.198886
vt 1.000000 0.198886
vt 1.000000 1.000000
vt 0.000000 1.000000
vt 0.000000 0.222710
vt 1.000000 0.198886
vt 1.000000 1.000000
vt 0.000000 1.000000
vt 0.000000 0.199250
vt 1.000000 0.222710
vt 1.000000 1.000000
vt 0.000000 1.000000
vt 0.000000 0.198887
vt 1.000000 0.198887
vt 1.000000 1.000000
vt 0.000000 1.000000
vt 0.000000 0.199265
vt 1.000000 0.199250
vt 1.000000 1.000000
vt 0.000000 1.000000
vt 0.000000 0.199252
vt 1.000000 0.199269
vt 1.000000 1.000000
vt 0.000000 1.000000
vt 0.000000 0.222482
vt 1.000000 0.199253
vt 1.000000 1.000000
vt 0.000000 1.000000
vt 0.000000 0.198886
vt 1.000000 0.222482
vt 1.000000 1.000000
vt 0.000000 1.000000
vt 0.000000 0.198886
vt 1.000000 0.198886
vt 1.000000 1.000000
vt 0.000000 1.000000
vt 0.000001 0.199268
vt 1.000000 0.199102
vt 1.000000 1.000000
vt 0.000000 1.000000
vt 0.000000 0.199100
vt 1.000000 0.199265
vt 1.000000 1.000000
vt 0.000000 1.000000
vt 0.000002 0.199102
vt 1.000000 0.199107
vt 1.000000 1.000000
vt 0.000000 1.000000
vt 0.000000 0.199107
vt 0.999999 0.199979
vt 1.000000 1.000000
vt 0.000000 1.000000
vt 0.000000 0.199104
vt 1.000000 0.199100
vt 1.000000 1.000000
vt 0.000000 1.000000
vt 0.000000 0.199978
vt 1.000000 0.199987
vt 1.000000 1.000000
vt 0.000000 1.000000
vt 0.000000 0.199961
vt 1.000000 0.199104
vt 1.000000 1.000000
vt 0.000000 1.000000
vt 0.000012 0.199980
vt 1.000000 0.199101
vt 1.000000 1.000000
vt 0.000000 1.000000
vt 0.000000 0.199961
vt 1.000000 0.199961
vt 1.000000 1.000000
vt 0.000000 1.000000
vt 0.000032 0.199109
vt 1.000000 0.199116
vt 1.000000 1.000000
vt 0.000000 1.000000
vt 0.000000 0.199103
vt 1.000000 0.199961
vt 1.000000 1.000000
vt 0.000000 1.000000
vt 0.000018 0.199104
vt 1.000000 0.199268
vt 1.000000 1.000000
vt 0.000000 1.000000
vt 0.000001 0.199100
vt 1.000000 0.199104
vt 1.000000 1.000000
vt 0.000000 1.000000
vt 0.000000 0.199268
vt 1.000000 0.199253
vt 1.000000 1.000000
vt 0.000000 1.000000
vt 0.000001 0.199265
vt 1.000000 0.199100
vt 1.000000 1.000000
vt 0.000000 1.000000
vt 0.000000 0.199250
vt 1.000000 0.199265
vt 1.000000 1.000000
vt 0.000000 1.000000
vt 0.000000 0.199253
vt 1.000000 0.222483
vt 1.000000 1.000000
vt 0.000000 1.000000
vt 0.000000 0.222710
vt 0.999999 0.199250
vt 1.000000 1.000000
vt 0.000000 1.000000
vt 0.000000 0.198886
vt 1.000000 0.222710
vt 1.000000 1.000000
vt 0.000000 1.000000
vt 0.000000 0.198886
vt 1.000000 0.198886
vt 1.000000 1.000000
vt 0.000000 1.000000
vt 0.000000 0.222483
vt 1.000000 0.198887
vt 1.000000 1.000000
vt 0.000000 1.000000
vt 0.000000 0.198887
vt 1.000000 0.198887
vt 1.000000 1.000000
vt 0.000000 1.000000
vt 0.000000 0.222482
vt 1.000000 0.198886
vt 1.000000 1.000000
vt 0.000000 1.000000
vt 0.000000 0.199252
vt 0.999999 0.222483
vt 1.000000 1.000000
vt 0.000000 1.000000
vt 0.000000 0.198886
vt 1.000000 0.198886
vt 1.000000 1.000000
vt 0.000000 1.000000
vt 0.000000 0.199268
vt 1.000000 0.199252
vt 1.000000 1.000000
vt 0.000000 1.000000
vt 0.000000 0.199103
vt 1.000000 0.199268
vt 1.000000 1.000000
vt 0.000000 1.000000
vt 0.000000 0.199107
vt 1.000000 0.199103
vt 1.000000 1.000000
vt 0.000000 1.000000
vt 0.000000 0.199979
vt 1.000000 0.199107
vt 1.000000 1.000000
vt 0.000000 1.000000
vt 0.000000 0.199979
vt 1.000000 0.199979
vt 1.000000 1.000000
vt 0.000000 1.000000
vt 0.000001 0.199107
vt 1.000000 0.199979
vt 1.000000 1.000000
vt 0.000000 1.000000
vt 0.000277 0.199123
vt 1.000000 0.199108
vt 1.000000 1.000000
vt 0.000000 1.000000
vt 0.000210 0.199289
vt 1.000000 0.199061
vt 1.000000 1.000000
vt 0.000000 1.000000
vt 0.000000 0.199252
vt 1.000000 0.199441
vt 1.000000 1.000000
vt 0.000000 1.000000
vt 0.000000 0.222483
vt 0.999999 0.199252
vt 1.000000 1.000000
vt 0.000000 1.000000
vt 0.000000 0.198887
vt 1.000000 0.222483
vt 1.000000 1.000000
vt 0.000000 1.000000
vt 0.000000 0.198887
vt 1.000000 0.198887
vt 1.000000 1.000000
vt 0.000000 1.000000
vn 0.000000 1.000000 -0.000000
vn -0.000000 1.000000 -0.000000
vn 0.000000 1.000000 -0.000000
vn -0.000000 1.000000 -0.000000
vn 0.000000 1.000000 -0.000000
vn 0.000000 1.000000 -0.000000
vn -0.000000 1.000000 0.000000
vn -0.000000 1.000000 0.000000
vn -0.000000 1.000000 -0.000000
vn -0.000000 1.000000 -0.000000
vn -0.000000 1.000000 -0.000000
vn -0.000000 1.000000 -0.000000
vn 0.707107 0.707106 0.000000
vn 0.707107 0.707106 0.000000
vn 0.707106 0.707107 0.000000
vn 0.707106 0.707107 0.000000
vn 0.000000 0.707107 0.707107
vn 0.000000 0.707107 0.707107
vn 0.000000 0.707107 0.707107
vn 0.000000 0.707107 0.707107
vn 0.000000 0.707107 0.707106
vn 0.000000 0.707107 0.707106
vn 0.707103 0.707110 0.000000
vn 0.707103 0.707110 0.000000
vn 0.707104 0.707109 -0.000001
vn 0.707104 0.707109 -0.000001
vn 0.000000 0.707107 0.707106
vn 0.000000 0.707107 0.707106
vn 0.000000 0.707107 0.707106
vn 0.000000 0.707107 0.707106
vn -0.000000 0.707107 0.707107
vn -0.000000 0.707107 0.707107
vn 0.707105 0.707109 0.000000
vn 0.707105 0.707109 0.000000
vn 0.707108 0.707105 -0.000001
vn 0.707108 0.707105 -0.000001
vn 0.707105 0.707109 0.000000
vn 0.707105 0.707109 0.000000
vn 0.707108 0.707106 -0.000001
vn 0.707108 0.707106 -0.000001
vn 0.707106 0.707107 0.000000
vn 0.707106 0.707107 0.000000
vn 0.707107 0.707106 0.000000
vn 0.707107 0.707106 0.000000
vn 0.707108 0.707105 0.000001
vn 0.707108 0.707105 0.000001
vn 0.707107 0.707106 0.000003
vn 0.707107 0.707106 0.000003
vn 0.707106 0.707108 0.000001
vn 0.707106 0.707108 0.000001
vn 0.707107 0.707107 0.000000
vn 0.707107 0.707107 0.000000
vn 0.707108 0.707106 0.000000
vn 0.707108 0.707106 0.000000
vn 0.707134 0.707079 0.000000
vn 0.707134 0.707079 0.000000
vn 0.707173 0.707040 0.000000
vn 0.707174 0.707040 0.000000
vn -0.000000 0.707107 0.707107
vn -0.000000 0.707107 0.707107
vn 0.707198 0.707016 -0.000000
vn 0.707198 0.707015 -0.000000
vn 0.707147 0.707067 -0.000000
vn 0.707147 0.707067 -0.000000
vn 0.707106 0.707107 0.000000
vn 0.707106 0.707107 0.000000
vn 0.707107 0.707106 0.000000
vn 0.707107 0.707106 0.000000
vn 0.707108 0.707106 0.000000
vn 0.707108 0.707106 0.000000
vn 0.707107 0.707107 0.000000
vn 0.707107 0.707107 0.000000
vn 0.707105 0.707108 0.000000
vn 0.707105 0.707108 0.000000
vn 0.707106 0.707108 0.000000
vn 0.707106 0.707108 0.000000
vn 0.707106 0.707108 0.000000
vn 0.707106 0.707108 0.000000
vn 0.707105 0.707108 0.000000
vn 0.707105 0.707108 0.000000
vn 0.707107 0.707107 0.000000
vn 0.707107 0.707107 0.000000
vn -0.000000 1.000000 0.000000
vn -0.000000 1.000000 0.000000
vn 0.000000 1.000000 0.000000
vn 0.000000 1.000000 -0.000000
vn 0.000000 1.000000 0.000000
vn 0.000000 1.000000 0.000000
vn -0.000000 1.000000 -0.000000
vn -0.000000 1.000000 -0.000000
vn 0.000000 1.000000 0.000000
vn 0.000000 1.000000 0.000000
vn 0.000000 1.000000 0.000000
vn 0.000000 1.000000 0.000000
vn 0.000000 1.000000 0.000000
vn 0.000000 1.000000 0.000000
vn 0.000000 0.000000 1.000000
vn 0.000000 0.000000 1.000000
vn 0.000000 0.000000 1.000000
vn 0.000000 0.000000 1.000000
vn 1.000000 0.000000 -0.000001
vn 1.000000 0.000000 0.000000
vn 1.000000 0.000000 0.000000
vn 1.000000 0.000000 -0.000001
vn 0.000000 0.000000 1.000000
vn 0.000000 0.000000 1.000000
vn 0.000000 0.000000 1.000000
vn 0.000000 0.000000 1.000000
vn 0.000000 0.000000 1.000000
vn 1.000000 0.000000 0.000000
vn 1.000000 0.000000 0.000000
vn 1.000000 0.000000 0.000000
vn 1.000000 0.000000 0.000000
vn 1.000000 0.000000 -0.000002
vn 1.000000 0.000000 -0.000002
vn 1.000000 0.000000 -0.000002
vn 1.000000 0.000000 -0.000002
vn 1.000000 0.000000 0.000000
vn 1.000000 0.000000 0.000000
vn 1.000000 0.000000 0.000000
vn 1.000000 0.000000 0.000000
vn 1.000000 0.000000 0.000002
vn 1.000000 0.000000 0.000002
vn 1.000000 0.000000 0.000004
vn 1.000000 0.000000 0.000004
vn 1.000000 0.000000 0.000002
vn 1.000000 0.000000 0.000002
vn 1.000000 0.000000 0.000000
vn 1.000000 0.000000 0.000000
vn 1.000000 0.000000 0.000000
vn 1.000000 0.000000 0.000000
vn 1.000000 0.000000 0.000000
vn 1.000000 0.000000 0.000000
vn 1.000000 0.000000 0.000000
vn 1.000000 0.000000 0.000000
vn 1.000000 0.000000 0.000000
vn 1.000000 0.000000 0.000000
vn 0.000000 0.000000 1.000000
vn 0.000000 0.000000 1.000000
vn 1.000000 0.000000 0.000000
vn 1.000000 0.000000 0.000000
vn 1.000000 0.000000 0.000000
vn 1.000000 0.000000 0.000000
vn 1.000000 0.000000 0.000000
vn 1.000000 0.000000 0.000000
vn 1.000000 0.000000 0.000000
vn 1.000000 0.000000 0.000000
vn 1.000000 0.000000 0.000000
vn 1.000000 0.000000 0.000000
vn 1.000000 0.000000 0.000000
vn 1.000000 0.000000 0.000000
vn 1.000000 0.000000 0.000000
vn 1.000000 0.000000 0.000000
vn 1.000000 0.000000 0.000000
vn 1.000000 0.000000 0.000000
vn 1.000000 0.000000 0.000000
vn 1.000000 0.000000 0.000000
vn 1.000000 0.000000 0.000000
vn 1.000000 0.000000 0.000000
vn 1.000000 0.000000 0.000000
vn 1.000000 0.000000 0.000000
vn 1.000000 0.000000 0.000000
vn 1.000000 0.000000 0.000000
vn -0.000000 0.000000 1.000000
vn -0.000000 0.000000 1.000000
vn -0.000000 0.000000 1.000000
vn -0.000000 0.000000 1.000000
vn 0.000000 1.000000 0.000000
vn 0.000000 1.000000 0.000000
vn 0.000000 0.667439 0.744664
vn 0.000000 0.667439 0.744664
vn 0.000000 0.667440 0.744664
vn 0.000000 0.667440 0.744664
vn 0.590569 0.685164 0.426355
vn 0.590569 0.685164 0.426355
vn 0.609375 0.686912 0.395997
vn 0.608196 0.686827 0.397953
vn 0.654094 0.689757 0.310478
vn 0.653260 0.689703 0.312348
vn 0.681240 0.691275 0.240939
vn 0.680855 0.691248 0.242102
vn 0.699435 0.692524 0.176639
vn 0.699220 0.692509 0.177545
vn 0.715342 0.695001 0.072523
vn 0.715261 0.694995 0.073380
vn 0.715342 0.695001 -0.072524
vn 0.715261 0.694995 -0.073381
vn 0.699435 0.692524 -0.176639
vn 0.699220 0.692509 -0.177544
vn 0.681240 0.691275 -0.240938
vn 0.680855 0.691248 -0.242102
vn 0.654094 0.689757 -0.310478
vn 0.653260 0.689703 -0.312348
vn 0.609374 0.686913 -0.395998
vn 0.608195 0.686827 -0.397953
vn 0.000000 0.667440 0.744664
vn 0.000000 0.667440 0.744664
vn 0.000000 0.667439 0.744664
vn 0.000000 0.667439 0.744664
vn 0.590568 0.685165 -0.426356
vn 0.590568 0.685165 -0.426356
vn 0.000000 0.667440 -0.744663
vn 0.000000 0.667440 -0.744663
vn -0.000000 0.667441 -0.744662
vn -0.000000 0.667441 -0.744662
vn 0.000000 0.661253 0.750163
vn 0.000000 0.661253 0.750163
vn 0.000000 0.661253 0.750163
vn 0.000000 0.661253 0.750163
vn 0.588758 0.683062 0.432193
vn 0.588758 0.683062 0.432193
vn 0.607903 0.685105 0.401354
vn 0.606438 0.684978 0.403779
vn 0.653128 0.688639 0.314961
vn 0.652089 0.688557 0.317286
vn 0.680616 0.690598 0.244616
vn 0.680134 0.690557 0.246068
vn 0.699092 0.692160 0.179404
vn 0.698823 0.692137 0.180537
vn 0.715285 0.694940 0.073664
vn 0.715182 0.694931 0.074737
vn 0.715308 0.694930 -0.073530
vn 0.715203 0.694920 -0.074632
vn 0.699129 0.692142 -0.179327
vn 0.698851 0.692118 -0.180497
vn 0.000000 0.667442 -0.744662
vn 0.000000 0.667442 -0.744662
vn 0.680658 0.690592 -0.244517
vn 0.680175 0.690551 -0.245972
vn 0.653130 0.688638 -0.314958
vn 0.652089 0.688556 -0.317287
vn 0.000000 0.667439 0.744664
vn 0.000000 0.667439 0.744664
vn -0.590566 0.685167 0.426355
vn -0.590566 0.685167 0.426355
vn -0.608196 0.686827 0.397953
vn -0.609375 0.686912 0.395998
vn 0.607905 0.685105 -0.401352
vn 0.606440 0.684978 -0.403777
vn 0.000000 0.661253 0.750163
vn 0.000000 0.661253 0.750163
vn 0.000000 0.661252 0.750164
vn 0.000000 0.661252 0.750164
vn 0.588759 0.683062 -0.432191
vn 0.588759 0.683062 -0.432191
vn 0.000000 0.661254 -0.750162
vn 0.000000 0.661254 -0.750162
vn 0.000000 0.661255 -0.750161
vn 0.000000 0.661255 -0.750161
vn -0.653262 0.689700 0.312349
vn -0.654097 0.689754 0.310479
vn -0.680854 0.691248 0.242102
vn -0.681239 0.691276 0.240938
vn 0.000000 0.667441 -0.744663
vn 0.000000 0.667441 -0.744663
vn 0.000000 0.667440 -0.744663
vn 0.000000 0.667440 -0.744663
vn -0.699220 0.692509 0.177545
vn -0.699435 0.692524 0.176639
vn 0.000000 0.661255 -0.750162
vn 0.000000 0.661255 -0.750162
vn -0.715265 0.694991 0.073381
vn -0.715346 0.694996 0.072524
vn -0.715262 0.694993 -0.073381
vn -0.715344 0.694999 -0.072524
vn 0.000000 0.661252 0.750164
vn 0.000000 0.661252 0.750164
vn -0.588755 0.683066 0.432190
vn -0.588755 0.683066 0.432190
vn -0.606439 0.684980 0.403775
vn -0.607904 0.685107 0.401350
vn -0.699217 0.692512 -0.177545
vn -0.699432 0.692527 -0.176639
vn -0.680854 0.691249 -0.242102
vn -0.681239 0.691276 -0.240939
vn -0.653261 0.689701 -0.312349
vn -0.654095 0.689755 -0.310479
vn -0.608195 0.686828 -0.397953
vn -0.609374 0.686913 -0.395997
vn -0.590566 0.685167 -0.426355
vn -0.590566 0.685167 -0.426355
vn -0.652089 0.688556 0.317286
vn -0.653130 0.688639 0.314958
vn -0.680133 0.690560 0.246059
vn -0.680615 0.690602 0.244607
vn 0.000000 0.661254 -0.750162
vn 0.000000 0.661254 -0.750162
vn 0.000000 0.661254 -0.750162
vn 0.000000 0.661254 -0.750162
vn -0.698820 0.692140 0.180535
vn -0.699089 0.692163 0.179402
vn -0.715187 0.694930 0.074704
vn -0.715289 0.694939 0.073631
vn -0.715187 0.694929 -0.074703
vn -0.715290 0.694939 -0.073630
vn -0.698818 0.692140 -0.180541
vn -0.699087 0.692163 -0.179408
vn -0.679829 0.690351 -0.247485
vn -0.680320 0.690402 -0.245988
vn -0.652392 0.688364 -0.317078
vn -0.653164 0.688416 -0.315373
vn -0.606124 0.684950 -0.404298
vn -0.607578 0.685077 -0.401894
vn -0.588756 0.683064 -0.432192
vn -0.588756 0.683064 -0.432192
vn -0.000000 1.000000 -0.000000
vn 0.000000 1.000000 -0.000000
vn 0.000000 1.000000 -0.000000
vn 0.000000 1.000000 -0.000000
vn 0.000000 1.000000 0.000000
vn 0.000000 1.000000 0.000000
vn -0.000000 1.000000 -0.000000
vn -0.000000 1.000000 0.000000
vn 0.000000 1.000000 0.000000
vn 0.000000 1.000000 0.000000
vn 0.000000 1.000000 0.000000
vn 0.000000 1.000000 -0.000000
vn 0.000000 1.000000 0.000000
vn 0.000000 1.000000 -0.000000
vn 0.000000 1.000000 0.000000
vn -0.000000 1.000000 0.000000
vn 0.000000 1.000000 0.000000
vn -0.000000 1.000000 0.000000
vn 0.000000 1.000000 0.000000
vn -0.000000 1.000000 0.000000
vn -0.000000 1.000000 -0.000000
vn 0.000000 1.000000 0.000000
vn 0.000000 1.000000 0.000000
vn 0.000000 1.000000 0.000000
vn -0.000000 1.000000 -0.000000
vn 0.000000 1.000000 0.000000
vn 0.000000 1.000000 0.000000
vn -0.000000 1.000000 0.000001
vn 0.000000 1.000000 0.000000
vn -0.000000 1.000000 0.000000
vn 0.000000 1.000000 0.000000
vn 0.000000 1.000000 0.000000
vn -0.000000 1.000000 -0.000000
vn -0.000000 1.000000 -0.000000
vn 0.000000 1.000000 -0.000000
vn 0.000000 1.000000 0.000000
vn 0.000000 1.000000 0.000000
vn 0.000000 1.000000 -0.000000
vn 0.000000 1.000000 -0.000000
vn 0.000000 1.000000 0.000000
vn -0.000000 1.000000 -0.000000
vn 0.000000 1.000000 0.000000
vn -0.000000 1.000000 0.000000
vn 0.000000 1.000000 0.000000
vn 0.000000 1.000000 -0.000000
vn 0.000000 1.000000 0.000000
vn 0.000000 1.000000 -0.000000
vn -0.000000 1.000000 -0.000000
vn -0.000000 1.000000 0.000000
vn 0.000000 1.000000 0.000000
vn 0.000000 1.000000 0.000000
vn 0.000000 1.000000 -0.000000
vn -0.000000 1.000000 0.000000
vn 0.000000 1.000000 0.000000
vn 0.000000 1.000000 0.000000
vn 0.000000 1.000000 0.000000
vn 0.000000 1.000000 -0.000000
vn -0.000000 1.000000 0.000000
vn 0.000000 1.000000 -0.000000
vn 0.000000 1.000000 0.000000
vn 0.000000 1.000000 0.000000
vn 0.000000 1.000000 0.000000
vn 0.000000 1.000000 -0.000000
vn 0.000000 1.000000 -0.000000
vn 0.000000 1.000000 -0.000000
vn 0.000000 1.000000 -0.000000
vn 0.000000 1.000000 0.000000
vn 0.000000 1.000000 0.000000
vn 0.000000 1.000000 0.000000
vn 0.000000 1.000000 0.000000
vn 0.000000 1.000000 -0.000000
vn 0.000000 1.000000 -0.000000
vn 0.000000 1.000000 -0.000000
vn 0.000000 1.000000 -0.000000
vn 0.000000 1.000000 0.000000
vn 0.000000 1.000000 0.000000
vn 0.000000 1.000000 0.000000
vn 0.000000 1.000000 0.000000
vn 0.000000 1.000000 -0.000000
vn 0.000000 1.000000 -0.000000
vn -0.000000 1.000000 -0.000000
vn -0.000000 1.000000 -0.000000
vn -0.000000 1.000000 -0.000000
vn -0.000000 1.000000 -0.000000
vn -0.000000 1.000000 -0.000000
vn -0.000000 1.000000 -0.000000
vn -0.000000 1.000000 -0.000000
vn -0.000000 1.000000 -0.000000
vn -0.000000 1.000000 0.000000
vn -0.000000 1.000000 0.000000
vn -0.000000 1.000000 0.000000
vn -0.000000 1.000000 0.000000
vn -0.000000 1.000000 -0.000000
vn -0.000000 1.000000 -0.000000
vn -0.000000 1.000000 -0.000000
vn -0.000000 1.000000 -0.000000
vn -0.000000 1.000000 0.000000
vn -0.000000 1.000000 0.000000
vn -0.000000 1.000000 0.000000
vn -0.000000 1.000000 0.000000
vn -0.000000 1.000000 -0.000000
vn -0.000000 1.000000 -0.000000
vn 0.000000 1.000000 -0.000000
vn 0.000000 1.000000 0.000000
vn 0.000000 1.000000 0.000000
vn 0.000000 1.000000 0.000000
vn 0.000000 1.000000 0.000000
vn 0.000000 1.000000 0.000000
vn -0.000000 1.000000 -0.000000
vn -0.000000 1.000000 0.000000
vn -0.000000 1.000000 0.000000
vn 0.707107 0.707107 0.000000
vn 0.707107 0.707107 0.000000
vn 0.707107 0.707107 0.000000
vn 0.707107 0.707107 0.000000
vn 0.000000 0.707107 -0.707107
vn 0.000000 0.707107 -0.707107
vn 0.000000 0.707107 -0.707107
vn 0.000000 0.707107 -0.707107
vn 0.000000 0.707107 -0.707106
vn 0.000000 0.707107 -0.707106
vn 0.707103 0.707110 0.000001
vn 0.707103 0.707110 0.000001
vn 0.000000 0.707107 -0.707106
vn 0.000000 0.707107 -0.707106
vn 0.000000 0.707107 -0.707106
vn 0.000000 0.707107 -0.707106
vn 0.000000 0.707107 -0.707107
vn 0.000000 0.707107 -0.707107
vn 0.707108 0.707106 -0.000000
vn 0.707108 0.707105 0.000001
vn 0.707108 0.707105 0.000001
vn 0.707108 0.707106 -0.000000
vn 0.707107 0.707106 0.000000
vn 0.707107 0.707106 0.000000
vn 0.707106 0.707107 0.000001
vn 0.707106 0.707107 0.000001
vn 0.707104 0.707109 0.000000
vn 0.707104 0.707109 0.000000
vn 0.707105 0.707108 0.000000
vn 0.707105 0.707108 0.000000
vn 0.707107 0.707107 -0.000001
vn 0.707107 0.707107 -0.000001
vn 0.707105 0.707108 -0.000003
vn 0.707105 0.707108 -0.000003
vn 0.707103 0.707110 -0.000001
vn 0.707103 0.707110 -0.000001
vn 0.707105 0.707108 0.000000
vn 0.707105 0.707108 0.000000
vn 0.707107 0.707107 0.000000
vn 0.707107 0.707107 0.000000
vn 0.707133 0.707081 -0.000000
vn 0.707133 0.707081 -0.000000
vn 0.707173 0.707041 -0.000000
vn 0.707172 0.707041 -0.000000
vn 0.000000 0.707107 -0.707107
vn 0.000000 0.707107 -0.707107
vn 0.707199 0.707015 0.000000
vn 0.707147 0.707067 0.000000
vn 0.707147 0.707067 0.000000
vn 0.707199 0.707015 0.000000
vn 0.707106 0.707108 0.000000
vn 0.707106 0.707108 0.000000
vn 0.707107 0.707107 0.000000
vn 0.707107 0.707107 0.000000
vn 0.707107 0.707107 0.000000
vn 0.707107 0.707107 0.000000
vn 0.707107 0.707107 0.000000
vn 0.707107 0.707107 0.000000
vn 0.707107 0.707107 0.000000
vn 0.707107 0.707107 0.000000
vn 0.707107 0.707107 0.000000
vn 0.707107 0.707107 0.000000
vn 0.707107 0.707107 0.000000
vn 0.707107 0.707107 0.000000
vn 0.707106 0.707108 0.000000
vn 0.707106 0.707108 0.000000
vn 0.707105 0.707109 0.000000
vn 0.707105 0.707109 0.000000
vn -0.000000 1.000000 -0.000000
vn 0.000000 1.000000 -0.000000
vn 0.000000 1.000000 -0.000000
vn -0.000000 1.000000 -0.000000
vn 0.000000 1.000000 -0.000000
vn 0.000000 1.000000 -0.000000
vn -0.000000 1.000000 -0.000000
vn 0.000000 1.000000 -0.000000
vn 0.000000 1.000000 -0.000000
vn 0.000000 1.000000 -0.000000
vn 0.000000 1.000000 -0.000000
vn 0.000000 1.000000 -0.000000
vn 0.000000 1.000000 -0.000000
vn 0.000000 0.000000 -1.000000
vn 0.000000 0.000000 -1.000000
vn 0.000000 0.000000 -1.000000
vn 0.000000 0.000000 -1.000000
vn 1.000000 0.000000 0.000001
vn 1.000000 0.000000 0.000001
vn 0.000000 0.000000 -1.000000
vn 0.000000 0.000000 -1.000000
vn 0.000000 0.000000 -1.000000
vn 0.000000 0.000000 -1.000000
vn 0.000000 0.000000 -1.000000
vn 1.000000 0.000000 0.000000
vn 1.000000 0.000000 0.000000
vn 1.000000 0.000000 0.000000
vn 1.000000 0.000000 0.000000
vn 1.000000 0.000000 0.000002
vn 1.000000 0.000000 0.000002
vn 1.000000 0.000000 0.000002
vn 1.000000 0.000000 0.000002
vn 1.000000 0.000000 0.000000
vn 1.000000 0.000000 0.000000
vn 1.000000 0.000000 0.000000
vn 1.000000 0.000000 0.000000
vn 1.000000 0.000000 -0.000002
vn 1.000000 0.000000 -0.000002
vn 1.000000 0.000000 -0.000004
vn 1.000000 0.000000 -0.000004
vn 1.000000 0.000000 -0.000002
vn 1.000000 0.000000 -0.000002
vn 1.000000 0.000000 0.000000
vn 1.000000 0.000000 0.000000
vn 1.000000 0.000000 0.000000
vn 1.000000 0.000000 0.000000
vn 1.000000 0.000000 0.000000
vn 1.000000 0.000000 0.000000
vn 1.000000 0.000000 0.000000
vn 1.000000 0.000000 0.000000
vn 1.000000 0.000000 0.000000
vn 1.000000 0.000000 0.000000
vn 0.000000 0.000000 -1.000000
vn 0.000000 0.000000 -1.000000
vn 1.000000 0.000000 0.000000
vn 1.000000 0.000000 0.000000
vn 1.000000 0.000000 0.000000
vn 1.000000 0.000000 0.000000
vn 1.000000 0.000000 0.000000
vn 1.000000 0.000000 0.000000
vn 1.000000 0.000000 0.000000
vn 1.000000 0.000000 0.000000
vn 1.000000 0.000000 0.000000
vn 1.000000 0.000000 0.000000
vn 1.000000 0.000000 0.000000
vn 1.000000 0.000000 0.000000
vn 1.000000 0.000000 0.000000
vn 1.000000 0.000000 0.000000
vn 1.000000 0.000000 0.000000
vn 1.000000 0.000000 0.000000
vn 1.000000 0.000000 0.000000
vn 1.000000 0.000000 0.000000
vn 1.000000 0.000000 0.000000
vn 1.000000 0.000000 0.000000
vn 1.000000 0.000000 0.000000
vn 1.000000 0.000000 0.000000
vn 1.000000 0.000000 0.000000
vn 1.000000 0.000000 0.000000
vn -0.000000 0.000000 -1.000000
vn -0.000000 0.000000 -1.000000
vn -0.000000 0.000000 -1.000000
vn -0.000000 0.000000 -1.000000
vn 0.000000 1.000000 -0.000000
vn 0.000000 1.000000 -0.000000
vn 0.000000 0.658109 -0.752922
vn 0.000000 0.658110 -0.752922
vn 0.000000 0.658110 -0.752922
vn 0.000000 0.658109 -0.752922
vn 0.587824 0.681979 -0.435164
vn 0.605533 0.684024 -0.406745
vn 0.607144 0.684175 -0.404080
vn 0.587824 0.681979 -0.435164
vn 0.651481 0.687964 -0.319809
vn 0.652628 0.688064 -0.317245
vn 0.679762 0.690200 -0.248086
vn 0.680294 0.690250 -0.246484
vn 0.698616 0.691944 -0.182070
vn 0.698913 0.691972 -0.180819
vn 0.715147 0.694897 -0.075382
vn 0.715261 0.694908 -0.074196
vn 0.715147 0.694897 0.075382
vn 0.715261 0.694908 0.074196
vn 0.698616 0.691944 0.182069
vn 0.698914 0.691971 0.180819
vn 0.679763 0.690200 0.248085
vn 0.680295 0.690250 0.246484
vn 0.651481 0.687964 0.319809
vn 0.652628 0.688064 0.317246
vn 0.605532 0.684024 0.406745
vn 0.607144 0.684175 0.404080
vn 0.000000 0.658110 -0.752922
vn 0.000000 0.658109 -0.752922
vn 0.000000 0.658109 -0.752922
vn 0.000000 0.658110 -0.752922
vn 0.587823 0.681980 0.435164
vn 0.587823 0.681980 0.435164
vn 0.000000 0.658110 0.752922
vn -0.000000 0.658111 0.752921
vn -0.000000 0.658111 0.752921
vn 0.000000 0.658110 0.752922
vn 0.000000 0.654930 -0.755690
vn 0.000000 0.654929 -0.755690
vn 0.000000 0.654929 -0.755690
vn 0.000000 0.654930 -0.755690
vn 0.586871 0.680873 -0.438172
vn 0.604606 0.683047 -0.409753
vn 0.606366 0.683225 -0.406846
vn 0.586871 0.680873 -0.438172
vn 0.650862 0.687355 -0.322368
vn 0.652116 0.687474 -0.319568
vn 0.679379 0.689832 -0.250151
vn 0.679962 0.689892 -0.248397
vn 0.698404 0.691746 -0.183628
vn 0.698730 0.691779 -0.182257
vn 0.715104 0.694862 -0.076106
vn 0.715229 0.694875 -0.074806
vn 0.715125 0.694852 0.076000
vn 0.715252 0.694866 0.074670
vn 0.698433 0.691727 0.183587
vn 0.698768 0.691762 0.182179
vn -0.000000 0.658111 0.752921
vn -0.000000 0.658111 0.752921
vn 0.679420 0.689827 0.250053
vn 0.680005 0.689886 0.248296
vn 0.650862 0.687355 0.322369
vn 0.652117 0.687474 0.319566
vn 0.000000 0.658110 -0.752922
vn 0.000000 0.658110 -0.752922
vn -0.587823 0.681980 -0.435164
vn -0.607143 0.684176 -0.404080
vn -0.605532 0.684025 -0.406744
vn -0.587823 0.681980 -0.435164
vn 0.604608 0.683047 0.409751
vn 0.606368 0.683225 0.406843
vn 0.000000 0.654929 -0.755691
vn 0.000000 0.654929 -0.755691
vn 0.000000 0.654929 -0.755691
vn 0.000000 0.654929 -0.755691
vn 0.586872 0.680873 0.438171
vn 0.586872 0.680873 0.438171
vn 0.000000 0.654930 0.755689
vn 0.000000 0.654931 0.755689
vn 0.000000 0.654931 0.755689
vn 0.000000 0.654930 0.755689
vn -0.652628 0.688064 -0.317245
vn -0.651481 0.687964 -0.319809
vn -0.680294 0.690251 -0.246484
vn -0.679762 0.690201 -0.248085
vn 0.000000 0.658110 0.752922
vn 0.000000 0.658110 0.752922
vn 0.000000 0.658110 0.752922
vn 0.000000 0.658110 0.752922
vn -0.698913 0.691972 -0.180819
vn -0.698616 0.691944 -0.182070
vn 0.000000 0.654931 0.755689
vn 0.000000 0.654931 0.755689
vn -0.715262 0.694906 -0.074197
vn -0.715149 0.694895 -0.075382
vn -0.715261 0.694907 0.074197
vn -0.715148 0.694896 0.075383
vn 0.000000 0.654929 -0.755691
vn 0.000000 0.654929 -0.755691
vn -0.586870 0.680874 -0.438172
vn -0.606369 0.683224 -0.406843
vn -0.604608 0.683047 -0.409751
vn -0.586870 0.680874 -0.438172
vn -0.698911 0.691974 0.180819
vn -0.698614 0.691946 0.182070
vn -0.680294 0.690251 0.246484
vn -0.679762 0.690201 0.248085
vn -0.652631 0.688061 0.317246
vn -0.651484 0.687961 0.319810
vn -0.607145 0.684174 0.404081
vn -0.605533 0.684023 0.406746
vn -0.587822 0.681980 0.435165
vn -0.587822 0.681980 0.435165
vn -0.652118 0.687474 -0.319566
vn -0.650863 0.687355 -0.322369
vn -0.679963 0.689894 -0.248389
vn -0.679380 0.689834 -0.250142
vn 0.000000 0.654930 0.755689
vn 0.000000 0.654930 0.755689
vn 0.000000 0.654930 0.755689
vn 0.000000 0.654930 0.755689
vn -0.698728 0.691781 -0.182255
vn -0.698402 0.691748 -0.183626
vn -0.715233 0.694875 -0.074773
vn -0.715108 0.694862 -0.076074
vn -0.715233 0.694875 0.074772
vn -0.715108 0.694862 0.076073
vn -0.698725 0.691783 0.182261
vn -0.698399 0.691750 0.183632
vn -0.679661 0.689688 0.249783
vn -0.679066 0.689616 0.251592
vn -0.652151 0.687246 0.319987
vn -0.651167 0.687165 0.322158
vn -0.606038 0.683191 0.407392
vn -0.604291 0.683013 0.410275
vn -0.586869 0.680874 0.438172
vn -0.586869 0.680874 0.438172
vn 0.000000 1.000000 0.000000
vn 0.000000 1.000000 0.000000
vn 0.000000 1.000000 0.000000
vn 0.000000 1.000000 0.000000
vn 0.000000 1.000000 -0.000000
vn 0.000000 1.000000 -0.000000
vn -0.000000 1.000000 -0.000000
vn -0.000000 1.000000 0.000000
vn 0.000000 1.000000 0.000000
vn 0.000000 1.000000 -0.000000
vn 0.000000 1.000000 0.000000
vn 0.000000 1.000000 -0.000000
vn 0.000000 1.000000 -0.000000
vn 0.000000 1.000000 0.000000
vn 0.000000 1.000000 -0.000000
vn -0.000000 1.000000 -0.000000
vn 0.000000 1.000000 -0.000000
vn -0.000000 1.000000 0.000000
vn 0.000000 1.000000 -0.000000
vn -0.000000 1.000000 0.000000
vn -0.000000 1.000000 0.000000
vn 0.000000 1.000000 -0.000000
vn 0.000000 1.000000 -0.000000
vn 0.000000 1.000000 -0.000000
vn 0.000000 1.000000 0.000000
vn 0.000000 1.000000 0.000000
vn 0.000000 1.000000 -0.000000
vn -0.000000 1.000000 -0.000000
vn 0.000000 1.000000 -0.000000
vn 0.000000 1.000000 -0.000000
vn 0.000000 1.000000 0.000000
vn 0.000000 1.000000 0.000000
vn 0.000000 1.000000 0.000000
vn -0.000000 1.000000 0.000000
vn 0.000000 1.000000 0.000000
vn 0.000000 1.000000 0.000000
vn 0.000000 1.000000 0.000000
vn 0.000000 1.000000 0.000000
vn 0.000000 1.000000 -0.000000
vn 0.000000 1.000000 0.000000
vn 0.000000 1.000000 0.000000
vn 0.000000 1.000000 0.000000
vn 0.000000 1.000000 -0.000000
vn 0.000000 1.000000 0.000000
vn 0.000000 1.000000 0.000000
vn 0.000000 1.000000 0.000000
vn 0.000000 1.000000 0.000000
vn -0.000000 1.000000 0.000000
vn 0.000000 1.000000 0.000000
vn 0.000000 1.000000 0.000000
vn 0.000000 1.000000 0.000000
vn 0.000000 1.000000 0.000000
vn -0.000000 1.000000 -0.000000
vn 0.000000 1.000000 0.000000
vn 0.000000 1.000000 0.000000
vn 0.000000 1.000000 0.000000
vn -0.000000 1.000000 -0.000000
vn 0.000000 1.000000 0.000000
vn 0.000000 1.000000 0.000000
vn 0.000000 1.000000 0.000000
vn 0.000000 1.000000 0.000000
vn 0.000000 1.000000 0.000000
vn 0.000000 1.000000 0.000000
vn 0.000000 1.000000 0.000000
vn 0.000000 1.000000 0.000001
vn 0.000000 1.000000 0.000000
vn 0.000000 1.000000 0.000000
vn 0.000000 1.000000 0.000000
vn 0.000000 1.000000 0.000000
vn 0.000000 1.000000 0.000000
vn 0.000000 1.000000 0.000000
vn 0.000000 1.000000 0.000000
vn 0.000000 1.000000 0.000000
vn 0.000000 1.000000 0.000000
vn 0.000000 1.000000 0.000000
vn 0.000000 1.000000 0.000000
vn 0.000000 1.000000 0.000000
vn 0.000000 1.000000 0.000000
vn 0.000000 1.000000 0.000000
vn 0.000000 1.000000 0.000000
vn -0.000000 1.000000 -0.000000
vn -0.000000 1.000000 0.000000
vn -0.000000 1.000000 0.000000
vn -0.000000 1.000000 -0.000000
vn -0.000000 1.000000 0.000000
vn -0.000000 1.000000 0.000000
vn -0.000000 1.000000 0.000000
vn -0.000000 1.000000 0.000000
vn -0.000000 1.000000 0.000000
vn -0.000000 1.000000 0.000000
vn -0.000000 1.000000 0.000000
vn -0.000000 1.000000 0.000000
vn -0.000000 1.000000 0.000000
vn -0.000000 1.000000 0.000000
vn -0.000000 1.000000 0.000000
vn -0.000000 1.000000 0.000000
vn -0.000000 1.000000 0.000000
vn -0.000000 1.000000 0.000000
vn -0.000000 1.000000 0.000000
vn -0.000000 1.000000 0.000000
vn -0.000000 1.000000 0.000000
vn -0.000000 1.000000 0.000000
vn 0.000000 1.000000 0.000000
vn 0.000000 1.000000 -0.000000
vn 0.000000 1.000000 -0.000000
vn 0.000000 1.000000 0.000000
vn 0.000000 1.000000 0.000000
vn -0.000000 1.000000 0.000000
vn -0.000000 1.000000 0.000000
vn 0.000000 1.000000 0.000000
vn 0.000000 1.000000 0.000000
vn 0.000000 1.000000 0.000000
vn 0.000000 1.000000 -0.000000
vn -0.000000 1.000000 -0.000000
vn 0.000000 1.000000 0.000000
vn 0.000000 1.000000 -0.000000
vn 0.000000 1.000000 0.000000
vn 0.000000 1.000000 -0.000000
vn 0.000000 1.000000 -0.000000
vn 0.000000 1.000000 0.000000
vn 0.000000 1.000000 -0.000000
vn -0.707107 0.707107 0.000000
vn -0.707107 0.707107 0.000000
vn -0.707107 0.707107 0.000000
vn -0.707107 0.707107 0.000000
vn 0.000000 0.707107 0.707107
vn 0.000000 0.707107 0.707107
vn 0.000000 0.707107 0.707107
vn 0.000000 0.707107 0.707107
vn 0.000000 0.707107 0.707106
vn 0.000000 0.707107 0.707106
vn -0.707103 0.707110 -0.000000
vn -0.707104 0.707109 -0.000001
vn -0.707104 0.707109 -0.000001
vn -0.707103 0.707110 -0.000000
vn 0.000000 0.707107 0.707106
vn 0.000000 0.707107 0.707107
vn 0.000000 0.707107 0.707107
vn 0.000000 0.707107 0.707106
vn -0.707106 0.707108 0.000000
vn -0.707107 0.707106 -0.000001
vn -0.707107 0.707106 -0.000001
vn -0.707106 0.707108 0.000000
vn -0.707107 0.707107 0.000000
vn -0.707107 0.707107 0.000000
vn -0.707108 0.707105 -0.000001
vn -0.707108 0.707105 -0.000001
vn -0.707107 0.707106 0.000000
vn -0.707107 0.707106 0.000000
vn -0.707106 0.707108 0.000000
vn -0.707106 0.707108 0.000000
vn -0.707107 0.707106 0.000001
vn -0.707107 0.707106 0.000001
vn -0.707107 0.707106 0.000003
vn -0.707107 0.707106 0.000003
vn -0.707106 0.707108 0.000001
vn -0.707106 0.707108 0.000001
vn -0.707107 0.707107 0.000000
vn -0.707107 0.707107 0.000000
vn -0.707108 0.707106 0.000000
vn -0.707108 0.707106 0.000000
vn -0.707134 0.707079 0.000000
vn -0.707134 0.707079 0.000000
vn -0.707173 0.707040 0.000000
vn -0.707173 0.707041 0.000000
vn 0.000000 0.707107 0.707107
vn 0.000000 0.707107 0.707107
vn -0.707198 0.707016 0.000000
vn -0.707147 0.707066 0.000000
vn -0.707147 0.707066 0.000000
vn -0.707198 0.707016 0.000000
vn -0.707106 0.707107 0.000000
vn -0.707106 0.707107 0.000000
vn -0.707107 0.707106 0.000000
vn -0.707107 0.707106 0.000000
vn -0.707108 0.707106 0.000000
vn -0.707108 0.707106 0.000000
vn -0.707107 0.707107 0.000000
vn -0.707107 0.707107 0.000000
vn -0.707105 0.707108 0.000000
vn -0.707105 0.707108 0.000000
vn -0.707106 0.707108 0.000000
vn -0.707106 0.707108 0.000000
vn -0.707106 0.707108 0.000000
vn -0.707106 0.707108 0.000000
vn -0.707105 0.707108 0.000000
vn -0.707105 0.707108 0.000000
vn -0.707107 0.707107 0.000000
vn -0.707107 0.707107 0.000000
vn 0.000000 1.000000 0.000000
vn -0.000000 1.000000 0.000000
vn -0.000000 1.000000 0.000000
vn 0.000000 1.000000 0.000000
vn 0.000000 1.000000 0.000000
vn 0.000000 1.000000 0.000000
vn 0.000000 1.000000 0.000000
vn 0.000000 1.000000 0.000000
vn 0.000000 1.000000 0.000000
vn 0.000000 1.000000 0.000000
vn -0.000000 1.000000 0.000000
vn -0.000000 1.000000 0.000000
vn -0.000000 0.000000 1.000000
vn -0.000000 0.000000 1.000000
vn -0.000000 0.000000 1.000000
vn -0.000000 0.000000 1.000000
vn -1.000000 0.000000 -0.000001
vn -1.000000 0.000000 -0.000001
vn -1.000000 0.000000 0.000000
vn -1.000000 0.000000 0.000000
vn -1.000000 0.000000 0.000000
vn -1.000000 0.000000 0.000000
vn -1.000000 0.000000 0.000000
vn -1.000000 0.000000 0.000000
vn -1.000000 0.000000 -0.000002
vn -1.000000 0.000000 -0.000002
vn -1.000000 0.000000 -0.000002
vn -1.000000 0.000000 -0.000002
vn -1.000000 0.000000 0.000000
vn -1.000000 0.000000 0.000000
vn -1.000000 0.000000 0.000000
vn -1.000000 0.000000 0.000000
vn -1.000000 0.000000 0.000002
vn -1.000000 0.000000 0.000002
vn -1.000000 0.000000 0.000004
vn -1.000000 0.000000 0.000004
vn -1.000000 0.000000 0.000002
vn -1.000000 0.000000 0.000002
vn -1.000000 0.000000 0.000000
vn -1.000000 0.000000 0.000000
vn -1.000000 0.000000 0.000000
vn -1.000000 0.000000 0.000000
vn -1.000000 0.000000 0.000000
vn -1.000000 0.000000 0.000000
vn -1.000000 0.000000 0.000000
vn -1.000000 0.000000 0.000000
vn -1.000000 0.000000 0.000000
vn -1.000000 0.000000 0.000000
vn 0.000000 0.000000 1.000000
vn 0.000000 0.000000 1.000000
vn -1.000000 0.000000 0.000000
vn -1.000000 0.000000 0.000000
vn -1.000000 0.000000 0.000000
vn -1.000000 0.000000 0.000000
vn -1.000000 0.000000 0.000000
vn -1.000000 0.000000 0.000000
vn -1.000000 0.000000 0.000000
vn -1.000000 0.000000 0.000000
vn -1.000000 0.000000 0.000000
vn -1.000000 0.000000 0.000000
vn -1.000000 0.000000 0.000000
vn -1.000000 0.000000 0.000000
vn -1.000000 0.000000 0.000000
vn -1.000000 0.000000 0.000000
vn -1.000000 0.000000 0.000000
vn -1.000000 0.000000 0.000000
vn -1.000000 0.000000 0.000000
vn -1.000000 0.000000 0.000000
vn -1.000000 0.000000 0.000000
vn -1.000000 0.000000 0.000000
vn -1.000000 0.000000 0.000000
vn -1.000000 0.000000 0.000000
vn -1.000000 0.000000 0.000000
vn -1.000000 0.000000 0.000000
vn 0.000000 0.000000 1.000000
vn 0.000000 0.000000 1.000000
vn 0.000000 0.000000 1.000000
vn 0.000000 0.000000 1.000000
vn 0.000000 0.000000 1.000000
vn 0.000000 0.000000 1.000000
vn -0.000000 1.000000 0.000000
vn -0.000000 1.000000 0.000000
vn 0.000000 0.667439 0.744664
vn 0.000000 0.667440 0.744664
vn 0.000000 0.667440 0.744664
vn 0.000000 0.667439 0.744664
vn -0.590569 0.685164 0.426356
vn -0.608196 0.686827 0.397953
vn -0.609375 0.686912 0.395998
vn -0.590569 0.685164 0.426356
vn -0.653260 0.689703 0.312349
vn -0.654094 0.689757 0.310479
vn -0.680855 0.691248 0.242102
vn -0.681240 0.691275 0.240939
vn -0.699220 0.692509 0.177545
vn -0.699435 0.692524 0.176639
vn -0.715261 0.694995 0.073380
vn -0.715342 0.695001 0.072523
vn -0.715261 0.694995 -0.073381
vn -0.715342 0.695001 -0.072524
vn -0.699220 0.692509 -0.177544
vn -0.699435 0.692524 -0.176639
vn -0.680855 0.691248 -0.242102
vn -0.681240 0.691275 -0.240938
vn -0.653260 0.689703 -0.312349
vn -0.654094 0.689757 -0.310479
vn -0.608196 0.686827 -0.397953
vn -0.609374 0.686913 -0.395998
vn 0.000000 0.667440 0.744664
vn 0.000000 0.667440 0.744664
vn 0.000000 0.667440 0.744664
vn 0.000000 0.667440 0.744664
vn -0.590568 0.685165 -0.426356
vn -0.590568 0.685164 -0.426356
vn 0.000000 0.667440 -0.744663
vn 0.000000 0.667441 -0.744662
vn 0.000000 0.667441 -0.744662
vn 0.000000 0.667440 -0.744663
vn 0.000000 0.661254 0.750163
vn 0.000000 0.661253 0.750163
vn 0.000000 0.661253 0.750163
vn 0.000000 0.661254 0.750162
vn -0.588759 0.683061 0.432193
vn -0.606438 0.684978 0.403780
vn -0.607903 0.685104 0.401355
vn -0.588759 0.683061 0.432193
vn -0.652089 0.688556 0.317286
vn -0.653128 0.688639 0.314961
vn -0.680134 0.690557 0.246069
vn -0.680616 0.690598 0.244616
vn -0.698823 0.692137 0.180537
vn -0.699092 0.692160 0.179404
vn -0.715183 0.694931 0.074737
vn -0.715285 0.694940 0.073664
vn -0.715204 0.694920 -0.074632
vn -0.715309 0.694930 -0.073529
vn -0.698851 0.692118 -0.180497
vn -0.699129 0.692142 -0.179327
vn 0.000000 0.667442 -0.744662
vn 0.000000 0.667442 -0.744662
vn -0.680175 0.690551 -0.245972
vn -0.680658 0.690592 -0.244517
vn -0.652089 0.688556 -0.317287
vn -0.653130 0.688638 -0.314958
vn 0.000000 0.667440 0.744664
vn 0.000000 0.667440 0.744664
vn 0.590565 0.685168 0.426354
vn 0.609374 0.686913 0.395997
vn 0.608195 0.686828 0.397953
vn 0.590565 0.685168 0.426354
vn -0.606440 0.684978 -0.403777
vn -0.607904 0.685105 -0.401352
vn 0.000000 0.661253 0.750163
vn 0.000000 0.661252 0.750163
vn 0.000000 0.661252 0.750163
vn 0.000000 0.661253 0.750163
vn -0.588758 0.683062 -0.432191
vn -0.588758 0.683062 -0.432191
vn 0.000000 0.661254 -0.750162
vn 0.000000 0.661255 -0.750161
vn 0.000000 0.661255 -0.750161
vn 0.000000 0.661254 -0.750162
vn 0.654096 0.689754 0.310479
vn 0.653262 0.689701 0.312349
vn 0.681239 0.691276 0.240938
vn 0.680854 0.691249 0.242102
vn 0.000000 0.667441 -0.744663
vn 0.000000 0.667441 -0.744663
vn 0.000000 0.667440 -0.744663
vn 0.000000 0.667440 -0.744663
vn 0.699435 0.692524 0.176639
vn 0.699220 0.692509 0.177545
vn 0.000000 0.661255 -0.750162
vn 0.000000 0.661255 -0.750162
vn 0.715346 0.694997 0.072524
vn 0.715264 0.694991 0.073381
vn 0.715344 0.694999 -0.072525
vn 0.715262 0.694993 -0.073382
vn 0.000000 0.661253 0.750163
vn 0.000000 0.661253 0.750163
vn 0.588755 0.683066 0.432191
vn 0.607903 0.685107 0.401351
vn 0.606438 0.684980 0.403776
vn 0.588755 0.683066 0.432191
vn 0.699432 0.692527 -0.176639
vn 0.699217 0.692512 -0.177545
vn 0.681239 0.691276 -0.240938
vn 0.680854 0.691249 -0.242102
vn 0.654095 0.689755 -0.310479
vn 0.653261 0.689701 -0.312349
vn 0.609374 0.686913 -0.395998
vn 0.608195 0.686827 -0.397953
vn 0.590566 0.685166 -0.426356
vn 0.590566 0.685166 -0.426356
vn 0.653129 0.688639 0.314958
vn 0.652089 0.688556 0.317286
vn 0.680614 0.690603 0.244607
vn 0.680133 0.690561 0.246059
vn 0.000000 0.661254 -0.750162
vn 0.000000 0.661254 -0.750162
vn 0.000000 0.661254 -0.750162
vn 0.000000 0.661254 -0.750162
vn 0.699088 0.692164 0.179402
vn 0.698819 0.692141 0.180535
vn 0.715288 0.694940 0.073631
vn 0.715186 0.694931 0.074704
vn 0.715290 0.694938 -0.073630
vn 0.715187 0.694929 -0.074704
vn 0.699088 0.692162 -0.179409
vn 0.698819 0.692139 -0.180541
vn 0.680322 0.690400 -0.245989
vn 0.679831 0.690348 -0.247486
vn 0.653166 0.688414 -0.315374
vn 0.652395 0.688362 -0.317079
vn 0.607579 0.685076 -0.401894
vn 0.606124 0.684949 -0.404299
vn 0.588756 0.683063 -0.432193
vn 0.588756 0.683063 -0.432193
vn -0.000000 1.000000 -0.000000
vn -0.000000 1.000000 -0.000000
vn -0.000000 1.000000 0.000000
vn -0.000000 1.000000 0.000000
vn 0.000000 1.000000 0.000000
vn -0.000000 1.000000 0.000000
vn 0.000000 1.000000 0.000000
vn 0.000000 1.000000 0.000000
vn -0.000000 1.000000 0.000000
vn 0.000000 1.000000 0.000000
vn 0.000000 1.000000 0.000000
vn 0.000000 1.000000 0.000000
vn -0.000000 1.000000 -0.000000
vn -0.000000 1.000000 0.000000
vn -0.000000 1.000000 0.000000
vn -0.000000 1.000000 0.000000
vn -0.000000 1.000000 -0.000000
vn -0.000000 1.000000 -0.000000
vn -0.000000 1.000000 -0.000001
vn -0.000000 1.000000 0.000000
vn -0.000000 1.000000 0.000000
vn -0.000000 1.000000 -0.000000
vn -0.000000 1.000000 0.000000
vn -0.000000 1.000000 0.000000
vn -0.000000 1.000000 0.000000
vn -0.000000 1.000000 0.000000
vn -0.000000 1.000000 0.000000
vn -0.000000 1.000000 0.000000
vn -0.000000 1.000000 0.000000
vn -0.000000 1.000000 0.000000
vn -0.000000 1.000000 0.000000
vn -0.000000 1.000000 0.000000
vn -0.000000 1.000000 0.000000
vn -0.000000 1.000000 0.000000
vn 0.000000 1.000000 0.000000
vn 0.000000 1.000000 0.000000
vn 0.000000 1.000000 0.000000
vn 0.000000 1.000000 0.000000
vn 0.000000 1.000000 0.000000
vn 0.000000 1.000000 0.000000
vn 0.000000 1.000000 0.000000
vn 0.000000 1.000000 0.000000
vn 0.000000 1.000000 0.000000
vn 0.000000 1.000000 0.000000
vn 0.000000 1.000000 0.000000
vn 0.000000 1.000000 0.000000
vn 0.000000 1.000000 0.000000
vn 0.000000 1.000000 0.000000
vn 0.000000 1.000000 0.000000
vn 0.000000 1.000000 0.000000
vn 0.000000 1.000000 0.000000
vn 0.000000 1.000000 0.000000
vn 0.000000 1.000000 0.000000
vn 0.000000 1.000000 0.000000
vn 0.000000 1.000000 0.000000
vn 0.000000 1.000000 0.000000
vn 0.000000 1.000000 -0.000000
vn 0.000000 1.000000 0.000000
vn 0.000000 1.000000 0.000000
vn 0.000000 1.000000 -0.000000
vn -0.000000 1.000000 0.000000
vn 0.000000 1.000000 0.000000
vn 0.000000 1.000000 0.000000
vn 0.000000 1.000000 0.000000
vn 0.000000 1.000000 0.000000
vn -0.707107 0.707106 0.000000
vn -0.707107 0.707106 0.000000
vn -0.707107 0.707106 0.000000
vn -0.707107 0.707106 0.000000
vn -0.000000 0.707107 -0.707107
vn -0.000000 0.707107 -0.707107
vn -0.000000 0.707107 -0.707107
vn -0.000000 0.707107 -0.707107
vn 0.000000 0.707107 -0.707106
vn 0.000000 0.707107 -0.707106
vn -0.707103 0.707110 0.000001
vn -0.707103 0.707110 0.000001
vn 0.000000 0.707107 -0.707106
vn 0.000000 0.707107 -0.707106
vn 0.000000 0.707107 -0.707107
vn 0.000000 0.707107 -0.707107
vn -0.707108 0.707106 -0.000000
vn -0.707108 0.707106 -0.000000
vn -0.707108 0.707105 0.000001
vn -0.707108 0.707105 0.000001
vn -0.707107 0.707107 0.000000
vn -0.707107 0.707106 0.000000
vn -0.707106 0.707107 0.000002
vn -0.707106 0.707107 0.000002
vn -0.707104 0.707109 0.000000
vn -0.707104 0.707109 0.000000
vn -0.707105 0.707108 0.000000
vn -0.707105 0.707108 0.000000
vn -0.707107 0.707107 -0.000001
vn -0.707107 0.707107 -0.000001
vn -0.707105 0.707108 -0.000003
vn -0.707105 0.707108 -0.000003
vn -0.707103 0.707110 -0.000001
vn -0.707103 0.707110 -0.000001
vn -0.707105 0.707108 0.000000
vn -0.707105 0.707108 0.000000
vn -0.707107 0.707107 0.000000
vn -0.707107 0.707107 0.000000
vn -0.707133 0.707081 -0.000000
vn -0.707133 0.707081 -0.000000
vn -0.707172 0.707042 -0.000000
vn -0.707172 0.707041 -0.000000
vn 0.000000 0.707107 -0.707107
vn 0.000000 0.707107 -0.707107
vn -0.707198 0.707016 0.000000
vn -0.707198 0.707015 0.000000
vn -0.707147 0.707067 0.000000
vn -0.707147 0.707067 0.000000
vn -0.707106 0.707108 0.000000
vn -0.707106 0.707108 0.000000
vn -0.707107 0.707107 0.000000
vn -0.707107 0.707107 0.000000
vn -0.707107 0.707107 0.000000
vn -0.707107 0.707107 0.000000
vn -0.707107 0.707107 0.000000
vn -0.707107 0.707107 0.000000
vn -0.707107 0.707107 0.000000
vn -0.707107 0.707107 0.000000
vn -0.707107 0.707107 0.000000
vn -0.707107 0.707107 0.000000
vn -0.707107 0.707107 0.000000
vn -0.707107 0.707107 0.000000
vn -0.707106 0.707108 0.000000
vn -0.707106 0.707108 0.000000
vn -0.707105 0.707109 0.000000
vn -0.707105 0.707109 0.000000
vn 0.000000 1.000000 -0.000000
vn 0.000000 1.000000 -0.000000
vn -0.000000 1.000000 -0.000000
vn -0.000000 1.000000 0.000000
vn 0.000000 1.000000 -0.000000
vn 0.000000 1.000000 -0.000000
vn 0.000000 1.000000 0.000000
vn 0.000000 1.000000 -0.000000
vn -0.000000 1.000000 -0.000000
vn -0.000000 1.000000 -0.000000
vn 0.000000 1.000000 -0.000000
vn -0.000000 0.000000 -1.000000
vn -0.000000 0.000000 -1.000000
vn -0.000000 0.000000 -1.000000
vn -0.000000 0.000000 -1.000000
vn -1.000000 0.000000 0.000001
vn -1.000000 0.000000 0.000001
vn -1.000000 0.000000 0.000000
vn -1.000000 0.000000 0.000000
vn -1.000000 0.000000 0.000000
vn -1.000000 0.000000 0.000000
vn -1.000000 0.000000 0.000002
vn -1.000000 0.000000 0.000002
vn -1.000000 0.000000 0.000002
vn -1.000000 0.000000 0.000002
vn -1.000000 0.000000 0.000000
vn -1.000000 0.000000 0.000000
vn -1.000000 0.000000 0.000000
vn -1.000000 0.000000 0.000000
vn -1.000000 0.000000 -0.000002
vn -1.000000 0.000000 -0.000002
vn -1.000000 0.000000 -0.000004
vn -1.000000 0.000000 -0.000004
vn -1.000000 0.000000 -0.000002
vn -1.000000 0.000000 -0.000002
vn -1.000000 0.000000 0.000000
vn -1.000000 0.000000 0.000000
vn -1.000000 0.000000 0.000000
vn -1.000000 0.000000 0.000000
vn -1.000000 0.000000 0.000000
vn -1.000000 0.000000 0.000000
vn -1.000000 0.000000 0.000000
vn -1.000000 0.000000 0.000000
vn -1.000000 0.000000 0.000000
vn -1.000000 0.000000 0.000000
vn 0.000000 0.000000 -1.000000
vn 0.000000 0.000000 -1.000000
vn -1.000000 0.000000 0.000000
vn -1.000000 0.000000 0.000000
vn -1.000000 0.000000 0.000000
vn -1.000000 0.000000 0.000000
vn -1.000000 0.000000 0.000000
vn -1.000000 0.000000 0.000000
vn -1.000000 0.000000 0.000000
vn -1.000000 0.000000 0.000000
vn -1.000000 0.000000 0.000000
vn -1.000000 0.000000 0.000000
vn -1.000000 0.000000 0.000000
vn -1.000000 0.000000 0.000000
vn -1.000000 0.000000 0.000000
vn -1.000000 0.000000 0.000000
vn -1.000000 0.000000 0.000000
vn -1.000000 0.000000 0.000000
vn -1.000000 0.000000 0.000000
vn -1.000000 0.000000 0.000000
vn -1.000000 0.000000 0.000000
vn -1.000000 0.000000 0.000000
vn -1.000000 0.000000 0.000000
vn -1.000000 0.000000 0.000000
vn -1.000000 0.000000 0.000000
vn -1.000000 0.000000 0.000000
vn 0.000000 0.000000 -1.000000
vn 0.000000 0.000000 -1.000000
vn 0.000000 0.000000 -1.000000
vn 0.000000 0.000000 -1.000000
vn 0.000000 0.000000 -1.000000
vn 0.000000 0.000000 -1.000000
vn -0.000000 1.000000 -0.000000
vn -0.000000 1.000000 -0.000000
vn 0.000000 0.658109 -0.752923
vn 0.000000 0.658109 -0.752923
vn 0.000000 0.658110 -0.752922
vn 0.000000 0.658110 -0.752922
vn -0.587825 0.681979 -0.435163
vn -0.587825 0.681979 -0.435163
vn -0.607144 0.684175 -0.404080
vn -0.605533 0.684024 -0.406744
vn -0.652628 0.688064 -0.317245
vn -0.651481 0.687964 -0.319809
vn -0.680294 0.690250 -0.246484
vn -0.679762 0.690200 -0.248086
vn -0.698913 0.691972 -0.180819
vn -0.698616 0.691944 -0.182070
vn -0.715261 0.694908 -0.074196
vn -0.715148 0.694897 -0.075382
vn -0.715261 0.694908 0.074196
vn -0.715147 0.694897 0.075382
vn -0.698913 0.691972 0.180819
vn -0.698616 0.691944 0.182069
vn -0.680295 0.690250 0.246484
vn -0.679763 0.690200 0.248085
vn -0.652628 0.688064 0.317245
vn -0.651481 0.687964 0.319809
vn -0.607144 0.684175 0.404080
vn -0.605532 0.684024 0.406745
vn 0.000000 0.658110 -0.752922
vn 0.000000 0.658110 -0.752922
vn 0.000000 0.658109 -0.752923
vn 0.000000 0.658109 -0.752923
vn -0.587823 0.681979 0.435165
vn -0.587823 0.681979 0.435165
vn 0.000000 0.658110 0.752922
vn 0.000000 0.658110 0.752922
vn 0.000000 0.658111 0.752921
vn 0.000000 0.658111 0.752921
vn -0.000000 0.654930 -0.755690
vn -0.000000 0.654930 -0.755690
vn -0.000000 0.654929 -0.755690
vn -0.000000 0.654929 -0.755690
vn -0.586871 0.680873 -0.438172
vn -0.586871 0.680873 -0.438172
vn -0.606366 0.683225 -0.406846
vn -0.604606 0.683048 -0.409753
vn -0.652116 0.687474 -0.319568
vn -0.650862 0.687355 -0.322368
vn -0.679962 0.689892 -0.248397
vn -0.679379 0.689833 -0.250151
vn -0.698730 0.691779 -0.182256
vn -0.698404 0.691746 -0.183627
vn -0.715229 0.694876 -0.074806
vn -0.715104 0.694863 -0.076106
vn -0.715252 0.694866 0.074670
vn -0.715125 0.694853 0.076000
vn -0.698768 0.691761 0.182179
vn -0.698433 0.691727 0.183587
vn 0.000000 0.658111 0.752921
vn 0.000000 0.658111 0.752921
vn -0.680005 0.689886 0.248296
vn -0.679420 0.689827 0.250053
vn -0.652117 0.687474 0.319566
vn -0.650862 0.687355 0.322369
vn 0.000000 0.658109 -0.752923
vn 0.000000 0.658109 -0.752923
vn 0.587822 0.681982 -0.435162
vn 0.587822 0.681982 -0.435162
vn 0.605531 0.684026 -0.406744
vn 0.607143 0.684177 -0.404079
vn -0.606368 0.683225 0.406843
vn -0.604608 0.683047 0.409751
vn 0.000000 0.654929 -0.755691
vn 0.000000 0.654929 -0.755691
vn 0.000000 0.654928 -0.755691
vn 0.000000 0.654928 -0.755691
vn -0.586872 0.680873 0.438170
vn -0.586872 0.680873 0.438170
vn 0.000000 0.654930 0.755689
vn 0.000000 0.654930 0.755689
vn 0.000000 0.654931 0.755689
vn 0.000000 0.654931 0.755689
vn 0.651482 0.687964 -0.319809
vn 0.652628 0.688064 -0.317245
vn 0.679762 0.690201 -0.248085
vn 0.680294 0.690251 -0.246484
vn -0.000000 0.658110 0.752922
vn -0.000000 0.658110 0.752922
vn 0.000000 0.658110 0.752922
vn 0.000000 0.658110 0.752922
vn 0.698616 0.691944 -0.182070
vn 0.698914 0.691971 -0.180819
vn 0.000000 0.654931 0.755689
vn 0.000000 0.654931 0.755689
vn 0.715150 0.694895 -0.075383
vn 0.715263 0.694906 -0.074197
vn 0.715148 0.694896 0.075383
vn 0.715261 0.694907 0.074197
vn 0.000000 0.654928 -0.755691
vn 0.000000 0.654928 -0.755691
vn 0.586869 0.680875 -0.438171
vn 0.586869 0.680875 -0.438171
vn 0.604608 0.683048 -0.409750
vn 0.606369 0.683225 -0.406842
vn 0.698615 0.691945 0.182070
vn 0.698912 0.691973 0.180819
vn 0.679763 0.690200 0.248087
vn 0.680295 0.690250 0.246485
vn 0.651484 0.687961 0.319811
vn 0.652631 0.688060 0.317247
vn 0.605532 0.684025 0.406745
vn 0.607144 0.684175 0.404080
vn 0.587821 0.681982 0.435163
vn 0.587821 0.681982 0.435163
vn 0.650862 0.687355 -0.322368
vn 0.652118 0.687474 -0.319565
vn 0.679380 0.689835 -0.250142
vn 0.679963 0.689894 -0.248388
vn 0.000000 0.654930 0.755689
vn 0.000000 0.654930 0.755689
vn 0.000000 0.654930 0.755689
vn 0.000000 0.654930 0.755689
vn 0.698401 0.691749 -0.183626
vn 0.698727 0.691783 -0.182255
vn 0.715108 0.694862 -0.076073
vn 0.715233 0.694875 -0.074773
vn 0.715108 0.694862 0.076072
vn 0.715233 0.694875 0.074772
vn 0.698399 0.691750 0.183632
vn 0.698725 0.691783 0.182261
vn 0.679067 0.689615 0.251592
vn 0.679662 0.689687 0.249783
vn 0.651166 0.687166 0.322158
vn 0.652151 0.687246 0.319987
vn 0.604290 0.683015 0.410274
vn 0.606037 0.683192 0.407391
vn 0.586869 0.680875 0.438171
vn 0.586869 0.680875 0.438171
vn -0.000000 1.000000 0.000000
vn -0.000000 1.000000 0.000000
vn -0.000000 1.000000 0.000000
vn -0.000000 1.000000 0.000000
vn 0.000000 1.000000 0.000000
vn 0.000000 1.000000 0.000000
vn 0.000000 1.000000 0.000000
vn -0.000000 1.000000 0.000000
vn 0.000000 1.000000 0.000000
vn -0.000000 1.000000 0.000000
vn 0.000000 1.000000 0.000000
vn 0.000000 1.000000 0.000000
vn -0.000000 1.000000 0.000000
vn -0.000000 1.000000 -0.000000
vn -0.000000 1.000000 -0.000000
vn -0.000000 1.000000 -0.000000
vn -0.000000 1.000000 0.000000
vn -0.000000 1.000000 0.000000
vn -0.000000 1.000000 0.000000
vn -0.000000 1.000000 0.000000
vn -0.000000 1.000000 -0.000000
vn -0.000000 1.000000 -0.000000
vn -0.000000 1.000000 -0.000000
vn -0.000000 1.000000 -0.000000
vn -0.000000 1.000000 0.000000
vn -0.000000 1.000000 0.000000
vn -0.000000 1.000000 0.000000
vn -0.000000 1.000000 0.000000
vn -0.000000 1.000000 -0.000000
vn -0.000000 1.000000 -0.000000
vn -0.000000 1.000000 -0.000000
vn -0.000000 1.000000 -0.000000
vn -0.000000 1.000000 0.000000
vn -0.000000 1.000000 0.000000
vn 0.000000 1.000000 0.000000
vn 0.000000 1.000000 0.000000
vn 0.000000 1.000000 0.000000
vn 0.000000 1.000000 0.000000
vn 0.000000 1.000000 0.000000
vn 0.000000 1.000000 0.000000
vn 0.000000 1.000000 0.000000
vn 0.000000 1.000000 0.000000
vn 0.000000 1.000000 -0.000000
vn 0.000000 1.000000 -0.000000
vn 0.000000 1.000000 -0.000000
vn 0.000000 1.000000 -0.000000
vn 0.000000 1.000000 0.000000
vn 0.000000 1.000000 0.000000
vn 0.000000 1.000000 0.000000
vn 0.000000 1.000000 0.000000
vn 0.000000 1.000000 -0.000000
vn 0.000000 1.000000 -0.000000
vn 0.000000 1.000000 -0.000000
vn 0.000000 1.000000 -0.000000
vn 0.000000 1.000000 0.000000
vn 0.000000 1.000000 0.000000
vn 0.000000 1.000000 0.000000
vn 0.000000 1.000000 -0.000000
vn 0.000000 1.000000 -0.000000
vn 0.000000 1.000000 0.000000
vn -0.000000 1.000000 0.000000
vn -0.000000 1.000000 0.000000
vn 0.000000 1.000000 0.000000
vn -0.000000 1.000000 0.000000
vn 0.000000 1.000000 0.000000
vn -0.000000 1.000000 0.000000
vn -0.000000 1.000000 0.000000
vn -0.000000 1.000000 0.000000
vn 0.000000 1.000000 0.000000
vn 0.000000 1.000000 0.000000
vn 0.000000 1.000000 0.000000
vn 0.000000 1.000000 0.000000
vn 0.000000 1.000000 -0.000000
vn -0.000000 1.000000 -0.000000
vn -0.000000 1.000000 0.000000
vn -0.000000 1.000000 0.000000
vn -0.000000 1.000000 -0.000000
vn 0.000000 1.000000 0.000000
vn -0.000000 1.000000 0.000000
vn -0.000000 1.000000 -0.000000
vn 0.000000 1.000000 -0.000000
vn 0.000000 1.000000 -0.000000
vn 0.000000 1.000000 0.000000
vn -0.000000 1.000000 -0.000000
vn -0.000000 1.000000 -0.000000
vn -0.000000 1.000000 0.000000
vn -0.000000 1.000000 -0.000000
vn -0.000000 1.000000 -0.000000
vn -0.000000 1.000000 0.000000
vn -0.000000 1.000000 -0.000000
vn -0.000000 1.000000 0.000000
vn -0.000000 1.000000 0.000000
vn -0.000000 1.000000 0.000000
vn 0.000000 1.000000 -0.000000
vn 0.000000 1.000000 0.000000
vn 0.000000 1.000000 0.000000
vn -0.000000 1.000000 -0.000000
vn -0.000000 1.000000 -0.000000
vn 0.000000 1.000000 -0.000001
vn -0.000000 1.000000 -0.000000
vn -0.000000 1.000000 -0.000000
vn -0.000000 1.000000 -0.000000
vn -0.000000 1.000000 0.000000
vn 0.000000 1.000000 0.000000
vn 0.000000 1.000000 -0.000000
vn 0.000000 1.000000 -0.000000
vn 0.000000 1.000000 -0.000000
vn 0.000000 1.000000 -0.000000
vn 0.591693 -0.707711 0.386065
vn 0.591693 -0.707711 0.386064
vn 0.573313 -0.707107 0.413899
vn 0.573313 -0.707107 0.413899
vn 0.637763 -0.707756 0.303874
vn 0.637763 -0.707756 0.303874
vn 0.000000 -0.707107 0.707107
vn 0.000000 -0.707107 0.707107
vn 0.000000 -0.707107 0.707107
vn 0.000000 -0.707107 0.707107
vn 0.666092 -0.707471 0.236234
vn 0.666092 -0.707471 0.236234
vn 0.000000 -0.707107 0.707107
vn 0.000000 -0.707107 0.707107
vn 0.685123 -0.707476 0.173446
vn 0.685123 -0.707476 0.173446
vn 0.701663 -0.708918 0.071451
vn 0.701663 -0.708918 0.071451
vn 0.701662 -0.708918 -0.071451
vn 0.701662 -0.708918 -0.071451
vn 0.685123 -0.707476 -0.173446
vn 0.685123 -0.707476 -0.173446
vn 0.666092 -0.707471 -0.236234
vn 0.666092 -0.707471 -0.236234
vn 0.637762 -0.707757 -0.303874
vn 0.637762 -0.707757 -0.303874
vn 0.000000 -0.707107 0.707107
vn 0.000000 -0.707107 0.707107
vn 0.000000 -0.707107 0.707107
vn 0.000000 -0.707107 0.707107
vn 0.591693 -0.707711 -0.386064
vn 0.591693 -0.707711 -0.386064
vn 0.573313 -0.707107 -0.413899
vn 0.573313 -0.707107 -0.413899
vn 0.000000 -0.707107 -0.707107
vn 0.000000 -0.707107 -0.707107
vn 0.000000 -0.707107 -0.707107
vn 0.000000 -0.707107 -0.707107
vn 0.000000 -0.707106 -0.707107
vn 0.000000 -0.707106 -0.707107
vn 0.588717 -0.707718 0.390573
vn 0.588717 -0.707718 0.390573
vn 0.570012 -0.707106 0.418434
vn 0.570012 -0.707106 0.418434
vn 0.635760 -0.707770 0.308012
vn 0.635761 -0.707770 0.308011
vn 0.000000 -0.707106 0.707107
vn 0.000000 -0.707107 0.707107
vn 0.000000 -0.707106 0.707107
vn 0.000000 -0.707106 0.707107
vn 0.664825 -0.707480 0.239748
vn 0.664825 -0.707480 0.239748
vn 0.000000 -0.707106 0.707107
vn 0.000000 -0.707106 0.707107
vn 0.684416 -0.707488 0.176171
vn 0.684416 -0.707488 0.176171
vn 0.000000 -0.707106 -0.707107
vn 0.000000 -0.707106 -0.707107
vn 0.701482 -0.708978 0.072622
vn 0.701481 -0.708978 0.072622
vn 0.701479 -0.708983 -0.072597
vn 0.701478 -0.708983 -0.072607
vn 0.684410 -0.707498 -0.176154
vn 0.684407 -0.707498 -0.176165
vn 0.664823 -0.707487 -0.239736
vn 0.664822 -0.707487 -0.239737
vn 0.635758 -0.707771 -0.308013
vn 0.635758 -0.707771 -0.308013
vn -0.573310 -0.707110 0.413897
vn -0.573310 -0.707110 0.413897
vn -0.591691 -0.707713 0.386063
vn -0.591691 -0.707713 0.386063
vn -0.637764 -0.707756 0.303874
vn -0.637764 -0.707756 0.303874
vn -0.666093 -0.707470 0.236234
vn -0.666093 -0.707470 0.236234
vn 0.000000 -0.707106 0.707107
vn 0.000000 -0.707106 0.707107
vn 0.000000 -0.707106 0.707108
vn 0.000000 -0.707106 0.707108
vn 0.588717 -0.707719 -0.390571
vn 0.588717 -0.707719 -0.390571
vn -0.685122 -0.707477 0.173447
vn -0.685122 -0.707477 0.173447
vn 0.570011 -0.707108 -0.418432
vn 0.570011 -0.707108 -0.418432
vn -0.701662 -0.708919 0.071452
vn -0.701662 -0.708919 0.071452
vn 0.000000 -0.707108 -0.707106
vn 0.000000 -0.707108 -0.707106
vn 0.000000 -0.707108 -0.707106
vn 0.000000 -0.707108 -0.707106
vn -0.701659 -0.708921 -0.071452
vn -0.701659 -0.708921 -0.071452
vn 0.000000 -0.707108 -0.707106
vn 0.000000 -0.707108 -0.707106
vn -0.685120 -0.707480 -0.173446
vn -0.685120 -0.707480 -0.173446
vn -0.666091 -0.707472 -0.236234
vn -0.666091 -0.707472 -0.236234
vn -0.637761 -0.707758 -0.303873
vn -0.637761 -0.707758 -0.303873
vn -0.591691 -0.707713 -0.386063
vn -0.591691 -0.707713 -0.386063
vn -0.573311 -0.707109 -0.413898
vn -0.573311 -0.707109 -0.413898
vn 0.000000 -0.707106 -0.707107
vn 0.000000 -0.707106 -0.707107
vn 0.000000 -0.707108 -0.707106
vn 0.000000 -0.707108 -0.707106
vn -0.570010 -0.707109 0.418432
vn -0.570010 -0.707109 0.418432
vn -0.588716 -0.707721 0.390570
vn -0.588716 -0.707721 0.390570
vn -0.635761 -0.707770 0.308009
vn -0.635761 -0.707770 0.308009
vn -0.664825 -0.707481 0.239747
vn -0.664825 -0.707481 0.239747
vn -0.684413 -0.707490 0.176172
vn -0.684413 -0.707490 0.176172
vn -0.701479 -0.708981 0.072618
vn -0.701479 -0.708981 0.072618
vn -0.701480 -0.708980 -0.072618
vn -0.701480 -0.708980 -0.072618
vn -0.684413 -0.707500 -0.176133
vn -0.684412 -0.707500 -0.176134
vn -0.664676 -0.707581 -0.239865
vn -0.664675 -0.707581 -0.239868
vn -0.635705 -0.707861 -0.307915
vn -0.635621 -0.707861 -0.308089
vn -0.588656 -0.707729 -0.390646
vn -0.588656 -0.707729 -0.390645
vn -0.570010 -0.707109 -0.418432
vn -0.570010 -0.707109 -0.418432
vn 0.000000 -0.707107 -0.707106
vn 0.000000 -0.707107 -0.707106
vn 0.587191 -0.707723 -0.392856
vn 0.587191 -0.707723 -0.392856
vn 0.634728 -0.707777 -0.310116
vn 0.634728 -0.707777 -0.310116
vn 0.568322 -0.707107 -0.420726
vn 0.568322 -0.707107 -0.420726
vn 0.664171 -0.707485 -0.241541
vn 0.664171 -0.707485 -0.241541
vn 0.000000 -0.707107 -0.707107
vn 0.000000 -0.707107 -0.707107
vn 0.000000 -0.707107 -0.707107
vn 0.000000 -0.707107 -0.707107
vn 0.000000 -0.707107 -0.707107
vn 0.000000 -0.707107 -0.707107
vn 0.000000 -0.707107 -0.707107
vn 0.000000 -0.707107 -0.707107
vn 0.684050 -0.707493 -0.177566
vn 0.684050 -0.707493 -0.177566
vn 0.701389 -0.709008 -0.073214
vn 0.701389 -0.709008 -0.073214
vn 0.701389 -0.709008 0.073214
vn 0.701390 -0.709008 0.073214
vn 0.684050 -0.707493 0.177565
vn 0.684050 -0.707493 0.177565
vn 0.664171 -0.707485 0.241541
vn 0.664171 -0.707485 0.241541
vn 0.634728 -0.707777 0.310116
vn 0.634728 -0.707777 0.310116
vn 0.587191 -0.707723 0.392856
vn 0.587191 -0.707723 0.392856
vn 0.568321 -0.707107 0.420727
vn 0.568321 -0.707107 0.420727
vn 0.000000 -0.707107 0.707107
vn 0.000000 -0.707106 0.707107
vn 0.000000 -0.707106 0.707107
vn 0.000000 -0.707106 0.707107
vn 0.000000 -0.707106 0.707107
vn 0.000000 -0.707106 0.707107
vn 0.000000 -0.707106 0.707107
vn 0.000000 -0.707106 0.707107
vn 0.000000 -0.707106 -0.707107
vn 0.000000 -0.707106 -0.707107
vn -0.568322 -0.707106 -0.420727
vn -0.568322 -0.707106 -0.420727
vn -0.587192 -0.707722 -0.392856
vn -0.587192 -0.707722 -0.392856
vn -0.634730 -0.707775 -0.310117
vn -0.634730 -0.707775 -0.310117
vn -0.664173 -0.707483 -0.241541
vn -0.664173 -0.707483 -0.241541
vn 0.585637 -0.707727 -0.395161
vn 0.585637 -0.707727 -0.395161
vn 0.633674 -0.707785 -0.312246
vn 0.633674 -0.707785 -0.312247
vn 0.566602 -0.707107 -0.423039
vn 0.566602 -0.707107 -0.423038
vn 0.663501 -0.707491 -0.243360
vn 0.663501 -0.707491 -0.243360
vn 0.000000 -0.707107 -0.707107
vn 0.000000 -0.707107 -0.707107
vn 0.000000 -0.707106 -0.707107
vn 0.000000 -0.707106 -0.707107
vn 0.000000 -0.707106 -0.707107
vn 0.000000 -0.707106 -0.707107
vn 0.000000 -0.707106 -0.707107
vn 0.000000 -0.707106 -0.707107
vn 0.683675 -0.707499 -0.178980
vn 0.683675 -0.707498 -0.178980
vn -0.684050 -0.707493 -0.177567
vn -0.684050 -0.707493 -0.177567
vn 0.701293 -0.709041 -0.073822
vn 0.701293 -0.709041 -0.073822
vn 0.701290 -0.709044 0.073816
vn 0.701291 -0.709044 0.073807
vn -0.701388 -0.709010 -0.073215
vn -0.701388 -0.709009 -0.073215
vn 0.683667 -0.707509 0.178970
vn 0.683670 -0.707509 0.178958
vn -0.701388 -0.709009 0.073215
vn -0.701388 -0.709009 0.073215
vn 0.663500 -0.707497 0.243343
vn 0.663500 -0.707497 0.243343
vn -0.684049 -0.707494 0.177566
vn -0.684049 -0.707494 0.177566
vn 0.633673 -0.707784 0.312249
vn 0.633673 -0.707785 0.312249
vn -0.664170 -0.707486 0.241540
vn -0.664170 -0.707486 0.241540
vn 0.585636 -0.707728 0.395161
vn 0.585636 -0.707728 0.395161
vn -0.634728 -0.707777 0.310116
vn -0.634728 -0.707777 0.310116
vn 0.566601 -0.707108 0.423039
vn 0.566601 -0.707108 0.423039
vn -0.587191 -0.707722 0.392856
vn -0.587191 -0.707723 0.392856
vn -0.568322 -0.707106 0.420727
vn -0.568322 -0.707106 0.420727
vn 0.000000 -0.707108 0.707106
vn 0.000000 -0.707108 0.707106
vn 0.000000 -0.707108 0.707106
vn 0.000000 -0.707108 0.707106
vn 0.000000 -0.707106 0.707108
vn 0.000000 -0.707106 0.707108
vn 0.000000 -0.707108 0.707106
vn 0.000000 -0.707108 0.707106
vn 0.000000 -0.707108 0.707106
vn 0.000000 -0.707108 0.707106
vn 0.000000 -0.707106 -0.707108
vn 0.000000 -0.707106 -0.707108
vn -0.566603 -0.707106 -0.423038
vn -0.566603 -0.707106 -0.423038
vn -0.585637 -0.707727 -0.395160
vn -0.585637 -0.707727 -0.395160
vn -0.633673 -0.707785 -0.312247
vn -0.633673 -0.707785 -0.312247
vn -0.663500 -0.707491 -0.243359
vn -0.663500 -0.707491 -0.243359
vn -0.683673 -0.707500 -0.178981
vn -0.683673 -0.707500 -0.178982
vn -0.701292 -0.709042 -0.073822
vn -0.701292 -0.709042 -0.073822
vn -0.701293 -0.709041 0.073822
vn -0.701293 -0.709041 0.073822
vn -0.683670 -0.707513 0.178943
vn -0.683671 -0.707513 0.178942
vn -0.663313 -0.707595 0.243567
vn -0.663313 -0.707595 0.243567
vn -0.633538 -0.707871 0.312326
vn -0.633623 -0.707872 0.312153
vn -0.585611 -0.707740 0.395175
vn -0.585612 -0.707740 0.395174
vn -0.566602 -0.707107 0.423039
vn -0.566602 -0.707107 0.423039
vn 0.000000 -0.707107 0.707106
vn 0.000000 -0.707107 0.707106
vn -0.591693 -0.707711 0.386064
vn -0.591693 -0.707711 0.386064
vn -0.637763 -0.707757 0.303874
vn -0.637763 -0.707757 0.303874
vn -0.573313 -0.707107 0.413899
vn -0.573313 -0.707107 0.413899
vn 0.000000 -0.707107 0.707106
vn 0.000000 -0.707107 0.707106
vn 0.000000 -0.707107 0.707107
vn 0.000000 -0.707107 0.707107
vn -0.666092 -0.707471 0.236234
vn -0.666092 -0.707471 0.236234
vn 0.000000 -0.707107 0.707107
vn 0.000000 -0.707107 0.707107
vn -0.685123 -0.707476 0.173446
vn -0.685123 -0.707476 0.173446
vn -0.701663 -0.708918 0.071451
vn -0.701663 -0.708918 0.071451
vn -0.701662 -0.708918 -0.071451
vn -0.701662 -0.708918 -0.071451
vn -0.685124 -0.707476 -0.173446
vn -0.685123 -0.707476 -0.173446
vn -0.666092 -0.707471 -0.236234
vn -0.666092 -0.707471 -0.236234
vn -0.637762 -0.707757 -0.303874
vn -0.637762 -0.707757 -0.303874
vn 0.000000 -0.707107 0.707107
vn 0.000000 -0.707107 0.707107
vn 0.000000 -0.707107 0.707107
vn 0.000000 -0.707107 0.707107
vn -0.591693 -0.707711 -0.386064
vn -0.591693 -0.707711 -0.386064
vn -0.573313 -0.707107 -0.413899
vn -0.573313 -0.707107 -0.413899
vn 0.000000 -0.707107 -0.707107
vn 0.000000 -0.707107 -0.707107
vn 0.000000 -0.707106 -0.707107
vn 0.000000 -0.707106 -0.707107
vn 0.000000 -0.707106 -0.707107
vn 0.000000 -0.707106 -0.707107
vn -0.588717 -0.707719 0.390573
vn -0.588717 -0.707719 0.390573
vn -0.635760 -0.707770 0.308011
vn -0.635760 -0.707770 0.308011
vn -0.570012 -0.707106 0.418434
vn -0.570012 -0.707106 0.418434
vn 0.000000 -0.707107 0.707107
vn 0.000000 -0.707106 0.707107
vn 0.000000 -0.707106 0.707107
vn 0.000000 -0.707106 0.707107
vn -0.664826 -0.707480 0.239748
vn -0.664826 -0.707480 0.239748
vn 0.000000 -0.707106 0.707107
vn 0.000000 -0.707106 0.707107
vn -0.684416 -0.707487 0.176171
vn -0.684416 -0.707487 0.176171
vn 0.000000 -0.707106 -0.707107
vn 0.000000 -0.707106 -0.707107
vn -0.701481 -0.708979 0.072621
vn -0.701481 -0.708979 0.072620
vn -0.701478 -0.708983 -0.072609
vn -0.701479 -0.708983 -0.072600
vn -0.684408 -0.707497 -0.176163
vn -0.684411 -0.707498 -0.176152
vn -0.664823 -0.707487 -0.239734
vn -0.664823 -0.707487 -0.239734
vn -0.635758 -0.707771 -0.308012
vn -0.635759 -0.707771 -0.308012
vn 0.573312 -0.707107 0.413899
vn 0.573312 -0.707107 0.413899
vn 0.591692 -0.707712 0.386064
vn 0.591692 -0.707712 0.386064
vn 0.637761 -0.707758 0.303873
vn 0.637761 -0.707758 0.303873
vn 0.666092 -0.707471 0.236234
vn 0.666092 -0.707471 0.236234
vn 0.000000 -0.707106 0.707107
vn 0.000000 -0.707106 0.707107
vn 0.000000 -0.707106 0.707108
vn 0.000000 -0.707106 0.707108
vn -0.588717 -0.707719 -0.390571
vn -0.588717 -0.707719 -0.390571
vn 0.685122 -0.707477 0.173447
vn 0.685122 -0.707477 0.173447
vn -0.570011 -0.707108 -0.418432
vn -0.570011 -0.707108 -0.418432
vn 0.701662 -0.708919 0.071452
vn 0.701662 -0.708919 0.071452
vn 0.000000 -0.707108 -0.707106
vn 0.000000 -0.707108 -0.707106
vn 0.000000 -0.707108 -0.707106
vn 0.000000 -0.707108 -0.707106
vn 0.701659 -0.708921 -0.071452
vn 0.701659 -0.708921 -0.071452
vn 0.000000 -0.707108 -0.707106
vn 0.000000 -0.707108 -0.707106
vn 0.685120 -0.707480 -0.173446
vn 0.685120 -0.707480 -0.173446
vn 0.666093 -0.707470 -0.236234
vn 0.666092 -0.707470 -0.236234
vn 0.637762 -0.707757 -0.303873
vn 0.637762 -0.707757 -0.303873
vn 0.591692 -0.707712 -0.386063
vn 0.591692 -0.707712 -0.386063
vn 0.573312 -0.707107 -0.413899
vn 0.573312 -0.707107 -0.413899
vn 0.000000 -0.707106 -0.707107
vn 0.000000 -0.707106 -0.707107
vn 0.000000 -0.707108 -0.707106
vn 0.000000 -0.707108 -0.707106
vn 0.570009 -0.707111 0.418431
vn 0.570009 -0.707110 0.418431
vn 0.588715 -0.707721 0.390570
vn 0.588715 -0.707721 0.390570
vn 0.635759 -0.707771 0.308009
vn 0.635759 -0.707771 0.308009
vn 0.664824 -0.707482 0.239746
vn 0.664824 -0.707482 0.239746
vn 0.684413 -0.707490 0.176172
vn 0.684413 -0.707491 0.176172
vn 0.701479 -0.708981 0.072618
vn 0.701479 -0.708981 0.072618
vn 0.701480 -0.708980 -0.072618
vn 0.701480 -0.708980 -0.072618
vn 0.684412 -0.707500 -0.176134
vn 0.684413 -0.707500 -0.176133
vn 0.664661 -0.707582 -0.239905
vn 0.664662 -0.707582 -0.239903
vn 0.635623 -0.707859 -0.308090
vn 0.635708 -0.707859 -0.307915
vn 0.588672 -0.707730 -0.390619
vn 0.588671 -0.707730 -0.390620
vn 0.570010 -0.707109 -0.418432
vn 0.570010 -0.707109 -0.418432
vn 0.000000 -0.707107 -0.707106
vn 0.000000 -0.707107 -0.707106
vn -0.587191 -0.707723 -0.392856
vn -0.587191 -0.707723 -0.392856
vn -0.568322 -0.707107 -0.420726
vn -0.568322 -0.707107 -0.420726
vn -0.634728 -0.707777 -0.310116
vn -0.634728 -0.707777 -0.310116
vn -0.664171 -0.707485 -0.241541
vn -0.664171 -0.707485 -0.241541
vn 0.000000 -0.707107 -0.707107
vn 0.000000 -0.707107 -0.707107
vn 0.000000 -0.707107 -0.707107
vn 0.000000 -0.707107 -0.707107
vn 0.000000 -0.707107 -0.707107
vn 0.000000 -0.707107 -0.707107
vn 0.000000 -0.707107 -0.707107
vn 0.000000 -0.707107 -0.707107
vn -0.684050 -0.707493 -0.177566
vn -0.684050 -0.707493 -0.177566
vn -0.701389 -0.709008 -0.073214
vn -0.701389 -0.709008 -0.073214
vn -0.701390 -0.709008 0.073214
vn -0.701389 -0.709008 0.073214
vn -0.684050 -0.707493 0.177565
vn -0.684050 -0.707493 0.177565
vn -0.664171 -0.707485 0.241541
vn -0.664171 -0.707485 0.241541
vn -0.634728 -0.707777 0.310116
vn -0.634728 -0.707777 0.310116
vn -0.587191 -0.707723 0.392855
vn -0.587191 -0.707723 0.392855
vn -0.568321 -0.707107 0.420727
vn -0.568321 -0.707107 0.420727
vn 0.000000 -0.707106 0.707107
vn 0.000000 -0.707107 0.707107
vn 0.000000 -0.707106 0.707107
vn 0.000000 -0.707106 0.707107
vn 0.000000 -0.707106 0.707107
vn 0.000000 -0.707106 0.707107
vn 0.000000 -0.707106 0.707107
vn 0.000000 -0.707106 0.707107
vn 0.568321 -0.707107 -0.420726
vn 0.568321 -0.707107 -0.420726
vn 0.587191 -0.707723 -0.392855
vn 0.587191 -0.707723 -0.392855
vn 0.000000 -0.707106 -0.707107
vn 0.000000 -0.707106 -0.707107
vn 0.634730 -0.707775 -0.310117
vn 0.634730 -0.707775 -0.310117
vn 0.664173 -0.707483 -0.241541
vn 0.664173 -0.707483 -0.241541
vn -0.585637 -0.707727 -0.395161
vn -0.585637 -0.707727 -0.395161
vn -0.566602 -0.707107 -0.423038
vn -0.566602 -0.707107 -0.423038
vn -0.633674 -0.707784 -0.312248
vn -0.633674 -0.707784 -0.312247
vn -0.663500 -0.707491 -0.243360
vn -0.663500 -0.707491 -0.243360
vn 0.000000 -0.707107 -0.707107
vn 0.000000 -0.707107 -0.707107
vn 0.000000 -0.707106 -0.707107
vn 0.000000 -0.707106 -0.707107
vn 0.000000 -0.707106 -0.707107
vn 0.000000 -0.707106 -0.707107
vn 0.000000 -0.707106 -0.707107
vn 0.000000 -0.707106 -0.707107
vn -0.683675 -0.707499 -0.178981
vn -0.683675 -0.707499 -0.178981
vn 0.684049 -0.707493 -0.177567
vn 0.684050 -0.707493 -0.177567
vn -0.701292 -0.709041 -0.073823
vn -0.701292 -0.709041 -0.073824
vn -0.701291 -0.709045 0.073804
vn -0.701290 -0.709045 0.073814
vn 0.701388 -0.709009 -0.073215
vn 0.701388 -0.709010 -0.073215
vn -0.683671 -0.707508 0.178961
vn -0.683668 -0.707508 0.178972
vn 0.701388 -0.709009 0.073215
vn 0.701388 -0.709009 0.073215
vn -0.663500 -0.707496 0.243346
vn -0.663500 -0.707496 0.243346
vn 0.684049 -0.707494 0.177566
vn 0.684049 -0.707494 0.177566
vn -0.633673 -0.707784 0.312249
vn -0.633673 -0.707784 0.312249
vn 0.664170 -0.707486 0.241540
vn 0.664170 -0.707486 0.241540
vn -0.585636 -0.707728 0.395161
vn -0.585636 -0.707728 0.395161
vn 0.634729 -0.707776 0.310116
vn 0.634729 -0.707776 0.310116
vn -0.566601 -0.707108 0.423038
vn -0.566601 -0.707108 0.423038
vn 0.587191 -0.707723 0.392856
vn 0.587191 -0.707723 0.392856
vn 0.568321 -0.707108 0.420726
vn 0.568321 -0.707108 0.420726
vn 0.000000 -0.707108 0.707106
vn 0.000000 -0.707108 0.707106
vn 0.000000 -0.707108 0.707106
vn 0.000000 -0.707108 0.707106
vn 0.000000 -0.707106 0.707108
vn 0.000000 -0.707106 0.707108
vn 0.000000 -0.707108 0.707106
vn 0.000000 -0.707108 0.707106
vn 0.000000 -0.707108 0.707106
vn 0.000000 -0.707108 0.707106
vn 0.566603 -0.707106 -0.423038
vn 0.566603 -0.707106 -0.423038
vn 0.585637 -0.707727 -0.395160
vn 0.585637 -0.707727 -0.395160
vn 0.000000 -0.707106 -0.707108
vn 0.000000 -0.707106 -0.707108
vn 0.633673 -0.707785 -0.312247
vn 0.633673 -0.707785 -0.312247
vn 0.663500 -0.707491 -0.243359
vn 0.663500 -0.707491 -0.243359
vn 0.683673 -0.707500 -0.178981
vn 0.683673 -0.707500 -0.178981
vn 0.701292 -0.709042 -0.073822
vn 0.701292 -0.709042 -0.073822
vn 0.701293 -0.709040 0.073822
vn 0.701293 -0.709040 0.073822
vn 0.683672 -0.707512 0.178943
vn 0.683671 -0.707512 0.178944
vn 0.663329 -0.707594 0.243528
vn 0.663328 -0.707594 0.243529
vn 0.633621 -0.707874 0.312151
vn 0.633536 -0.707874 0.312325
vn 0.585597 -0.707738 0.395200
vn 0.585596 -0.707738 0.395201
vn 0.566602 -0.707107 0.423039
vn 0.566602 -0.707107 0.423039
vn 0.000000 -0.707107 0.707106
vn 0.000000 -0.707107 0.707106
vn 0.810787 0.000000 0.585341
vn 0.838340 0.000000 0.545148
vn 0.838340 0.000000 0.545148
vn 0.810787 0.000000 0.585341
vn 0.902807 0.000000 0.430047
vn 0.902807 0.000000 0.430047
vn 0.942494 0.000000 0.334223
vn 0.942494 0.000000 0.334223
vn 0.969349 0.000000 0.245688
vn 0.969349 0.000000 0.245688
vn 0.994790 0.000000 0.101945
vn 0.994790 0.000000 0.101945
vn 0.994790 0.000000 -0.101945
vn 0.994790 0.000000 -0.101945
vn 0.969349 0.000000 -0.245687
vn 0.969349 0.000000 -0.245688
vn 0.942494 0.000000 -0.334223
vn 0.942494 0.000000 -0.334223
vn 0.902807 0.000000 -0.430047
vn 0.902807 0.000000 -0.430047
vn 0.000000 0.000000 1.000000
vn 0.000000 0.000000 1.000000
vn 0.000000 0.000000 1.000000
vn 0.000000 0.000000 1.000000
vn 0.838340 0.000000 -0.545148
vn 0.838340 0.000000 -0.545148
vn 0.810787 0.000000 -0.585342
vn 0.810787 0.000000 -0.585342
vn 0.806119 0.000000 0.591753
vn 0.834148 -0.000000 0.551541
vn 0.834148 -0.000000 0.551541
vn 0.806119 0.000000 0.591753
vn 0.899990 -0.000001 0.435911
vn 0.899991 -0.000001 0.435909
vn 0.940713 -0.000001 0.339203
vn 0.940713 -0.000001 0.339203
vn 0.968359 0.000000 0.249561
vn 0.968359 0.000000 0.249561
vn 0.994613 0.000000 0.103662
vn 0.994613 0.000000 0.103662
vn 0.994622 -0.000007 -0.103570
vn 0.994620 -0.000007 -0.103589
vn 0.000000 0.000000 -1.000000
vn 0.000000 0.000000 -1.000000
vn 0.000000 0.000000 -1.000000
vn 0.000000 0.000000 -1.000000
vn 0.968375 -0.000017 -0.249500
vn 0.968369 -0.000017 -0.249522
vn 0.940741 -0.000009 -0.339126
vn 0.940741 -0.000009 -0.339126
vn 0.000000 0.000000 1.000000
vn 0.000000 0.000000 1.000000
vn 0.000000 0.000000 1.000000
vn 0.000000 0.000000 1.000000
vn 0.899990 0.000000 -0.435911
vn 0.899990 0.000000 -0.435911
vn 0.000000 0.000000 1.000000
vn 0.000000 0.000000 1.000000
vn 0.000000 0.000000 1.000000
vn 0.000000 0.000000 1.000000
vn 0.834149 0.000000 -0.551539
vn 0.834149 0.000000 -0.551539
vn 0.806120 0.000000 -0.591752
vn 0.806120 0.000000 -0.591752
vn -0.838340 0.000000 0.545148
vn -0.810787 0.000000 0.585341
vn -0.810787 0.000000 0.585341
vn -0.838340 0.000000 0.545148
vn -0.902807 0.000000 0.430046
vn -0.902807 0.000000 0.430046
vn 0.000000 0.000000 -1.000000
vn 0.000000 0.000000 -1.000000
vn 0.000000 0.000000 -1.000000
vn 0.000000 0.000000 -1.000000
vn -0.942494 0.000000 0.334222
vn -0.942494 0.000000 0.334222
vn 0.000000 0.000000 -1.000000
vn 0.000000 0.000000 -1.000000
vn 0.000000 0.000000 -1.000000
vn 0.000000 0.000000 -1.000000
vn -0.969349 0.000000 0.245689
vn -0.969349 0.000000 0.245689
vn -0.994790 0.000000 0.101947
vn -0.994790 0.000000 0.101947
vn 0.000000 0.000000 1.000000
vn 0.000000 0.000000 1.000000
vn 0.000000 0.000000 1.000000
vn 0.000000 0.000000 1.000000
vn -0.994790 0.000000 -0.101946
vn -0.994790 0.000000 -0.101946
vn -0.969349 0.000000 -0.245689
vn -0.969349 0.000000 -0.245689
vn -0.942494 0.000000 -0.334222
vn -0.942494 0.000000 -0.334222
vn -0.902807 0.000000 -0.430046
vn -0.902807 0.000000 -0.430046
vn -0.838340 0.000000 -0.545148
vn -0.838340 0.000000 -0.545148
vn -0.810787 0.000000 -0.585342
vn -0.810787 0.000000 -0.585342
vn -0.834149 0.000000 0.551539
vn -0.806120 0.000000 0.591753
vn -0.806120 0.000000 0.591753
vn -0.834149 0.000000 0.551539
vn -0.899990 0.000000 0.435910
vn -0.899990 0.000000 0.435910
vn 0.000000 0.000000 -1.000000
vn 0.000000 0.000000 -1.000000
vn 0.000000 0.000000 -1.000000
vn 0.000000 0.000000 -1.000000
vn -0.940715 0.000000 0.339198
vn -0.940715 0.000000 0.339198
vn -0.968359 0.000000 0.249563
vn -0.968359 0.000000 0.249563
vn -0.994615 0.000000 0.103642
vn -0.994615 0.000000 0.103642
vn -0.994615 0.000000 -0.103642
vn -0.994615 0.000000 -0.103642
vn -0.968359 0.000000 -0.249562
vn -0.968359 0.000000 -0.249561
vn -0.940330 -0.000157 -0.340263
vn -0.940329 -0.000157 -0.340267
vn -0.899907 -0.000153 -0.436082
vn -0.900073 -0.000154 -0.435739
vn -0.833925 0.000000 -0.551877
vn -0.833928 0.000000 -0.551873
vn -0.806120 0.000000 -0.591752
vn -0.806120 0.000000 -0.591752
vn 0.000000 0.000000 -1.000000
vn 0.000000 0.000000 -1.000000
vn 0.000000 0.000000 1.000000
vn 0.000000 0.000000 1.000000
vn 0.000000 0.000000 -1.000000
vn 0.000000 0.000000 -1.000000
vn 0.000000 0.000000 1.000000
vn 0.000000 0.000000 1.000000
vn 0.803728 0.000000 -0.594997
vn 0.803728 0.000000 -0.594997
vn 0.831998 0.000000 -0.554779
vn 0.831998 0.000000 -0.554779
vn 0.898538 0.000000 -0.438895
vn 0.898538 0.000000 -0.438895
vn 0.939795 0.000000 -0.341738
vn 0.939795 0.000000 -0.341738
vn 0.967846 0.000000 -0.251544
vn 0.967846 0.000000 -0.251544
vn 0.994524 0.000000 -0.104509
vn 0.994524 0.000000 -0.104509
vn 0.994524 0.000000 0.104509
vn 0.994524 0.000000 0.104509
vn 0.967846 0.000000 0.251543
vn 0.967846 0.000000 0.251543
vn 0.939795 0.000000 0.341739
vn 0.939795 0.000000 0.341739
vn 0.898538 0.000000 0.438896
vn 0.898538 0.000000 0.438896
vn 0.000000 0.000000 -1.000000
vn 0.000000 0.000000 -1.000000
vn 0.000000 0.000000 -1.000000
vn 0.000000 0.000000 -1.000000
vn 0.831998 0.000000 0.554779
vn 0.831998 0.000000 0.554779
vn 0.803728 0.000000 0.594997
vn 0.803728 0.000000 0.594997
vn 0.801297 0.000000 -0.598267
vn 0.801297 0.000000 -0.598267
vn 0.829808 -0.000000 -0.558050
vn 0.829808 -0.000000 -0.558050
vn 0.897056 -0.000001 -0.441916
vn 0.897056 -0.000001 -0.441918
vn 0.938852 -0.000001 -0.344320
vn 0.938852 -0.000001 -0.344320
vn 0.967321 0.000000 -0.253555
vn 0.967321 0.000000 -0.253555
vn 0.994429 0.000000 -0.105414
vn 0.994428 0.000000 -0.105415
vn 0.994436 -0.000007 0.105341
vn 0.994438 -0.000007 0.105322
vn 0.000000 0.000000 1.000000
vn 0.000000 0.000000 1.000000
vn 0.000000 0.000000 1.000000
vn 0.000000 0.000000 1.000000
vn 0.967331 -0.000017 0.253515
vn 0.967337 -0.000017 0.253493
vn 0.938882 -0.000009 0.344241
vn 0.938881 -0.000009 0.344241
vn 0.000000 0.000000 -1.000000
vn 0.000000 0.000000 -1.000000
vn 0.000000 0.000000 -1.000000
vn 0.000000 0.000000 -1.000000
vn 0.897056 0.000000 0.441916
vn 0.897056 0.000000 0.441916
vn 0.000000 0.000000 -1.000000
vn 0.000000 0.000000 -1.000000
vn 0.000000 0.000000 -1.000000
vn 0.000000 0.000000 -1.000000
vn 0.829808 0.000000 0.558049
vn 0.829808 0.000000 0.558049
vn 0.801296 0.000000 0.598268
vn 0.801296 0.000000 0.598268
vn -0.831998 0.000000 -0.554778
vn -0.831998 0.000000 -0.554778
vn -0.803728 0.000000 -0.594997
vn -0.803728 0.000000 -0.594997
vn -0.898539 0.000000 -0.438894
vn -0.898539 0.000000 -0.438894
vn 0.000000 0.000000 1.000000
vn 0.000000 0.000000 1.000000
vn 0.000000 0.000000 1.000000
vn 0.000000 0.000000 1.000000
vn -0.939795 0.000000 -0.341738
vn -0.939795 0.000000 -0.341738
vn 0.000000 0.000000 1.000000
vn 0.000000 0.000000 1.000000
vn 0.000000 0.000000 1.000000
vn 0.000000 0.000000 1.000000
vn -0.967846 0.000000 -0.251545
vn -0.967846 0.000000 -0.251545
vn -0.994524 0.000000 -0.104510
vn -0.994524 0.000000 -0.104510
vn 0.000000 0.000000 -1.000000
vn 0.000000 0.000000 -1.000000
vn 0.000000 0.000000 -1.000000
vn 0.000000 0.000000 -1.000000
vn -0.994524 0.000000 0.104510
vn -0.994524 0.000000 0.104510
vn -0.967846 0.000000 0.251544
vn -0.967846 0.000000 0.251544
vn -0.939795 0.000000 0.341738
vn -0.939795 0.000000 0.341738
vn -0.898539 0.000000 0.438895
vn -0.898539 0.000000 0.438895
vn -0.831998 0.000000 0.554778
vn -0.831998 0.000000 0.554778
vn -0.803728 0.000000 0.594997
vn -0.803728 0.000000 0.594997
vn -0.829809 0.000000 -0.558048
vn -0.829809 0.000000 -0.558048
vn -0.801297 0.000000 -0.598267
vn -0.801297 0.000000 -0.598267
vn -0.897057 0.000000 -0.441916
vn -0.897057 0.000000 -0.441916
vn 0.000000 0.000000 1.000000
vn 0.000000 0.000000 1.000000
vn 0.000000 0.000000 1.000000
vn 0.000000 0.000000 1.000000
vn -0.938855 0.000000 -0.344314
vn -0.938855 0.000000 -0.344314
vn -0.967321 0.000000 -0.253556
vn -0.967321 0.000000 -0.253556
vn -0.994431 0.000000 -0.105394
vn -0.994431 0.000000 -0.105394
vn -0.994431 0.000000 0.105394
vn -0.994431 0.000000 0.105394
vn -0.967321 0.000000 0.253557
vn -0.967321 0.000000 0.253556
vn -0.938458 -0.000156 0.345392
vn -0.938456 -0.000156 0.345400
vn -0.896972 -0.000152 0.442087
vn -0.897140 -0.000153 0.441746
vn -0.829581 0.000000 0.558386
vn -0.829587 0.000000 0.558377
vn -0.801297 0.000000 0.598267
vn -0.801297 0.000000 0.598267
vn 0.000000 0.000000 1.000000
vn 0.000000 0.000000 1.000000
vn 0.000000 0.000000 -1.000000
vn 0.000000 0.000000 -1.000000
vn 0.000000 0.000000 1.000000
vn 0.000000 0.000000 1.000000
vn 0.000000 0.000000 -1.000000
vn 0.000000 0.000000 -1.000000
vn -0.810787 0.000000 0.585341
vn -0.810787 0.000000 0.585341
vn -0.838340 0.000000 0.545148
vn -0.838340 0.000000 0.545148
vn -0.902807 0.000000 0.430047
vn -0.902807 0.000000 0.430047
vn -0.942494 0.000000 0.334223
vn -0.942494 0.000000 0.334223
vn -0.969349 0.000000 0.245688
vn -0.969349 0.000000 0.245688
vn -0.994790 0.000000 0.101945
vn -0.994790 0.000000 0.101945
vn -0.994790 0.000000 -0.101945
vn -0.994790 0.000000 -0.101945
vn -0.969349 0.000000 -0.245687
vn -0.969349 0.000000 -0.245687
vn -0.942494 0.000000 -0.334223
vn -0.942494 0.000000 -0.334223
vn -0.902807 0.000000 -0.430047
vn -0.902807 0.000000 -0.430047
vn 0.000000 0.000000 1.000000
vn 0.000000 0.000000 1.000000
vn 0.000000 0.000000 1.000000
vn 0.000000 0.000000 1.000000
vn -0.838340 0.000000 -0.545148
vn -0.838340 0.000000 -0.545148
vn -0.810787 0.000000 -0.585342
vn -0.810787 0.000000 -0.585342
vn -0.806119 0.000000 0.591753
vn -0.806119 0.000000 0.591753
vn -0.834148 -0.000000 0.551541
vn -0.834148 -0.000000 0.551541
vn -0.899990 -0.000001 0.435910
vn -0.899990 -0.000001 0.435911
vn -0.940713 -0.000001 0.339203
vn -0.940713 -0.000001 0.339203
vn -0.968359 0.000000 0.249561
vn -0.968359 0.000000 0.249561
vn -0.994613 0.000000 0.103661
vn -0.994613 0.000000 0.103662
vn -0.994620 -0.000007 -0.103590
vn -0.994622 -0.000007 -0.103571
vn 0.000000 0.000000 -1.000000
vn 0.000000 0.000000 -1.000000
vn 0.000000 0.000000 -1.000000
vn 0.000000 0.000000 -1.000000
vn -0.968369 -0.000017 -0.249523
vn -0.968375 -0.000017 -0.249500
vn -0.940741 -0.000009 -0.339125
vn -0.940741 -0.000009 -0.339126
vn 0.000000 0.000000 1.000000
vn 0.000000 0.000000 1.000000
vn 0.000000 0.000000 1.000000
vn 0.000000 0.000000 1.000000
vn -0.899990 0.000000 -0.435911
vn -0.899990 0.000000 -0.435911
vn -0.000000 0.000000 1.000000
vn -0.000000 0.000000 1.000000
vn -0.000000 0.000000 1.000000
vn -0.000000 0.000000 1.000000
vn -0.834149 0.000000 -0.551539
vn -0.834149 0.000000 -0.551539
vn -0.806120 0.000000 -0.591752
vn -0.806120 0.000000 -0.591752
vn 0.838340 0.000000 0.545148
vn 0.838340 0.000000 0.545148
vn 0.810787 0.000000 0.585341
vn 0.810787 0.000000 0.585341
vn 0.902807 0.000000 0.430046
vn 0.902807 0.000000 0.430046
vn -0.000000 0.000000 -1.000000
vn 0.000000 0.000000 -1.000000
vn 0.000000 0.000000 -1.000000
vn -0.000000 0.000000 -1.000000
vn 0.942494 0.000000 0.334222
vn 0.942494 0.000000 0.334222
vn 0.000000 0.000000 -1.000000
vn 0.000000 0.000000 -1.000000
vn 0.000000 0.000000 -1.000000
vn 0.000000 0.000000 -1.000000
vn 0.969349 0.000000 0.245689
vn 0.969349 0.000000 0.245689
vn 0.994790 0.000000 0.101947
vn 0.994790 0.000000 0.101947
vn 0.000000 0.000000 1.000000
vn 0.000000 0.000000 1.000000
vn 0.000000 0.000000 1.000000
vn 0.000000 0.000000 1.000000
vn 0.994790 0.000000 -0.101946
vn 0.994790 0.000000 -0.101946
vn 0.969349 0.000000 -0.245689
vn 0.969349 0.000000 -0.245689
vn 0.942494 0.000000 -0.334222
vn 0.942494 0.000000 -0.334222
vn 0.902807 0.000000 -0.430046
vn 0.902807 0.000000 -0.430046
vn 0.838340 0.000000 -0.545148
vn 0.838340 0.000000 -0.545148
vn 0.810787 0.000000 -0.585342
vn 0.810787 0.000000 -0.585342
vn 0.834149 0.000000 0.551539
vn 0.834149 0.000000 0.551539
vn 0.806120 0.000000 0.591753
vn 0.806120 0.000000 0.591753
vn 0.899990 0.000000 0.435910
vn 0.899990 0.000000 0.435910
vn 0.000000 0.000000 -1.000000
vn 0.000000 0.000000 -1.000000
vn 0.000000 0.000000 -1.000000
vn 0.000000 0.000000 -1.000000
vn 0.940715 0.000000 0.339198
vn 0.940715 0.000000 0.339198
vn 0.968359 0.000000 0.249563
vn 0.968359 0.000000 0.249563
vn 0.994615 0.000000 0.103642
vn 0.994615 0.000000 0.103642
vn 0.994615 0.000000 -0.103642
vn 0.994615 0.000000 -0.103642
vn 0.968359 0.000000 -0.249562
vn 0.968359 0.000000 -0.249561
vn 0.940330 -0.000157 -0.340263
vn 0.940328 -0.000157 -0.340269
vn 0.899907 -0.000153 -0.436082
vn 0.900073 -0.000154 -0.435739
vn 0.833926 0.000000 -0.551877
vn 0.833930 0.000000 -0.551870
vn 0.806120 0.000000 -0.591752
vn 0.806120 0.000000 -0.591752
vn 0.000000 0.000000 -1.000000
vn 0.000000 0.000000 -1.000000
vn 0.000000 0.000000 1.000000
vn 0.000000 0.000000 1.000000
vn -0.000000 0.000000 -1.000000
vn -0.000000 0.000000 -1.000000
vn 0.000000 0.000000 1.000000
vn 0.000000 0.000000 1.000000
vn -0.803728 0.000000 -0.594997
vn -0.831998 0.000000 -0.554779
vn -0.831998 0.000000 -0.554779
vn -0.803728 0.000000 -0.594997
vn -0.898538 0.000000 -0.438895
vn -0.898538 0.000000 -0.438895
vn -0.939795 0.000000 -0.341738
vn -0.939795 0.000000 -0.341738
vn -0.967846 0.000000 -0.251544
vn -0.967846 0.000000 -0.251544
vn -0.994524 0.000000 -0.104509
vn -0.994524 0.000000 -0.104509
vn -0.994524 0.000000 0.104509
vn -0.994524 0.000000 0.104509
vn -0.967846 0.000000 0.251543
vn -0.967846 0.000000 0.251543
vn -0.939795 0.000000 0.341739
vn -0.939795 0.000000 0.341739
vn -0.898538 0.000000 0.438896
vn -0.898538 0.000000 0.438896
vn 0.000000 0.000000 -1.000000
vn 0.000000 0.000000 -1.000000
vn 0.000000 0.000000 -1.000000
vn 0.000000 0.000000 -1.000000
vn -0.831998 0.000000 0.554779
vn -0.831998 0.000000 0.554779
vn -0.803728 0.000000 0.594997
vn -0.803728 0.000000 0.594997
vn -0.801297 0.000000 -0.598267
vn -0.829808 -0.000000 -0.558050
vn -0.829808 -0.000000 -0.558050
vn -0.801297 0.000000 -0.598267
vn -0.897056 -0.000001 -0.441918
vn -0.897057 -0.000001 -0.441916
vn -0.938853 -0.000001 -0.344320
vn -0.938853 -0.000001 -0.344320
vn -0.967321 0.000000 -0.253555
vn -0.967321 0.000000 -0.253555
vn -0.994428 0.000000 -0.105415
vn -0.994428 0.000000 -0.105414
vn -0.994438 -0.000007 0.105322
vn -0.994436 -0.000007 0.105341
vn 0.000000 0.000000 1.000000
vn 0.000000 0.000000 1.000000
vn 0.000000 0.000000 1.000000
vn 0.000000 0.000000 1.000000
vn -0.967337 -0.000017 0.253494
vn -0.967331 -0.000017 0.253516
vn -0.938881 -0.000009 0.344241
vn -0.938881 -0.000009 0.344241
vn 0.000000 0.000000 -1.000000
vn 0.000000 0.000000 -1.000000
vn 0.000000 0.000000 -1.000000
vn 0.000000 0.000000 -1.000000
vn -0.897056 0.000000 0.441916
vn -0.897056 0.000000 0.441916
vn -0.000000 0.000000 -1.000000
vn -0.000000 0.000000 -1.000000
vn -0.000000 0.000000 -1.000000
vn -0.000000 0.000000 -1.000000
vn -0.829808 0.000000 0.558048
vn -0.829808 0.000000 0.558048
vn -0.801296 0.000000 0.598268
vn -0.801296 0.000000 0.598268
vn 0.831998 0.000000 -0.554778
vn 0.803728 0.000000 -0.594997
vn 0.803728 0.000000 -0.594997
vn 0.831998 0.000000 -0.554778
vn 0.898539 0.000000 -0.438894
vn 0.898539 0.000000 -0.438894
vn 0.000000 0.000000 1.000000
vn 0.000000 0.000000 1.000000
vn 0.000000 0.000000 1.000000
vn 0.000000 0.000000 1.000000
vn 0.939795 0.000000 -0.341738
vn 0.939795 0.000000 -0.341738
vn 0.000000 0.000000 1.000000
vn 0.000000 0.000000 1.000000
vn 0.000000 0.000000 1.000000
vn 0.000000 0.000000 1.000000
vn 0.967846 0.000000 -0.251545
vn 0.967846 0.000000 -0.251545
vn 0.994524 0.000000 -0.104510
vn 0.994524 0.000000 -0.104510
vn 0.000000 0.000000 -1.000000
vn 0.000000 0.000000 -1.000000
vn 0.000000 0.000000 -1.000000
vn 0.000000 0.000000 -1.000000
vn 0.994524 0.000000 0.104510
vn 0.994524 0.000000 0.104510
vn 0.967846 0.000000 0.251544
vn 0.967846 0.000000 0.251544
vn 0.939795 0.000000 0.341738
vn 0.939795 0.000000 0.341738
vn 0.898539 0.000000 0.438895
vn 0.898539 0.000000 0.438895
vn 0.831998 0.000000 0.554778
vn 0.831998 0.000000 0.554778
vn 0.803728 0.000000 0.594997
vn 0.803728 0.000000 0.594997
vn 0.829809 0.000000 -0.558048
vn 0.801297 0.000000 -0.598267
vn 0.801297 0.000000 -0.598267
vn 0.829809 0.000000 -0.558048
vn 0.897057 0.000000 -0.441916
vn 0.897057 0.000000 -0.441916
vn 0.000000 0.000000 1.000000
vn 0.000000 0.000000 1.000000
vn 0.000000 0.000000 1.000000
vn 0.000000 0.000000 1.000000
vn 0.938855 0.000000 -0.344314
vn 0.938855 0.000000 -0.344314
vn 0.967321 0.000000 -0.253557
vn 0.967321 0.000000 -0.253556
vn 0.994431 0.000000 -0.105394
vn 0.994431 0.000000 -0.105394
vn 0.994431 0.000000 0.105394
vn 0.994431 0.000000 0.105394
vn 0.967321 0.000000 0.253557
vn 0.967321 0.000000 0.253556
vn 0.938459 -0.000156 0.345391
vn 0.938457 -0.000156 0.345397
vn 0.896972 -0.000152 0.442086
vn 0.897141 -0.000153 0.441745
vn 0.829581 0.000000 0.558387
vn 0.829586 0.000000 0.558380
vn 0.801297 0.000000 0.598267
vn 0.801297 0.000000 0.598267
vn 0.000000 0.000000 1.000000
vn 0.000000 0.000000 1.000000
vn 0.000000 0.000000 -1.000000
vn 0.000000 0.000000 -1.000000
vn 0.000000 0.000000 1.000000
vn 0.000000 0.000000 1.000000
vn 0.000000 0.000000 -1.000000
vn 0.000000 0.000000 -1.000000
vn 0.000000 -1.000000 0.000000
vn 0.000000 -1.000000 0.000000
vn 0.000000 -1.000000 0.000000
vn 0.000000 -1.000000 0.000000
vn 0.000000 -1.000000 -0.000000
vn 0.000000 -1.000000 -0.000000
vn 0.000000 -1.000000 0.000000
vn 0.000000 -1.000000 0.000000
vn 0.000000 -1.000000 -0.000000
vn 0.000000 -1.000000 0.000000
vn 0.000000 -1.000000 -0.000000
vn 0.000000 -1.000000 0.000000
vn 0.000000 -1.000000 -0.000000
vn 0.000000 -1.000000 -0.000000
vn 0.000000 -1.000000 0.000000
vn 0.000000 -1.000000 0.000000
vn 0.000000 -1.000000 0.000000
vn 0.000000 -1.000000 0.000000
vn 0.000000 -1.000000 0.000000
vn 0.000000 -1.000000 0.000000
vn 0.000000 -1.000000 0.000000
vn 0.000000 -1.000000 0.000000
vn 0.000000 -1.000000 0.000000
vn 0.000000 -1.000000 0.000000
vn 0.000000 -1.000000 0.000000
vn 0.000000 -1.000000 0.000000
vn 0.000000 -1.000000 -0.000000
vn 0.000000 -1.000000 -0.000000
vn 0.000000 -1.000000 -0.000000
vn 0.000000 -1.000000 -0.000000
vn 0.000000 -1.000000 -0.000000
vn 0.000000 -1.000000 -0.000000
vn -0.000000 -1.000000 0.000000
vn -0.000001 -1.000000 0.000000
vn -0.000001 -1.000000 0.000000
vn -0.000000 -1.000000 0.000000
vn -0.000001 -1.000000 -0.000000
vn -0.000001 -1.000000 -0.000000
vn 0.000000 -1.000000 0.000000
vn 0.000000 -1.000000 0.000000
vn -0.000000 -1.000000 -0.000001
vn -0.000000 -1.000000 -0.000001
vn 0.000000 -1.000000 0.000000
vn 0.000000 -1.000000 0.000000
vn -0.000000 -1.000000 -0.000001
vn -0.000000 -1.000000 -0.000001
vn -0.000002 -1.000000 0.000005
vn -0.000002 -1.000000 0.000005
vn -0.000007 -1.000000 0.000012
vn -0.000007 -1.000000 0.000012
vn -0.000013 -1.000000 0.000004
vn -0.000013 -1.000000 0.000004
vn -0.000012 -1.000000 -0.000007
vn -0.000012 -1.000000 -0.000007
vn 0.000000 -1.000000 -0.000000
vn 0.000000 -1.000000 0.000000
vn 0.000000 -1.000000 0.000000
vn 0.000000 -1.000000 -0.000000
vn 0.000000 -1.000000 0.000000
vn 0.000000 -1.000000 0.000000
vn 0.000000 -1.000000 -0.000000
vn 0.000000 -1.000000 0.000000
vn 0.000000 -1.000000 0.000000
vn 0.000000 -1.000000 -0.000000
vn -0.000004 -1.000000 -0.000005
vn -0.000004 -1.000000 -0.000005
vn 0.000000 -1.000000 0.000000
vn 0.000000 -1.000000 0.000000
vn 0.000000 -1.000000 0.000000
vn 0.000000 -1.000000 0.000000
vn 0.000000 -1.000000 0.000000
vn 0.000000 -1.000000 0.000000
vn 0.000000 -1.000000 -0.000000
vn 0.000000 -1.000000 -0.000000
vn 0.000000 -1.000000 0.000000
vn 0.000000 -1.000000 0.000000
vn 0.000000 -1.000000 -0.000000
vn 0.000000 -1.000000 -0.000000
vn 0.000000 -1.000000 0.000000
vn 0.000000 -1.000000 0.000000
vn 0.000000 -1.000000 0.000000
vn 0.000000 -1.000000 0.000000
vn 0.000000 -1.000000 0.000000
vn 0.000000 -1.000000 0.000000
vn 0.000000 -1.000000 -0.000000
vn 0.000000 -1.000000 -0.000000
vn 0.000000 -1.000000 -0.000000
vn 0.000000 -1.000000 -0.000000
vn 0.000000 -1.000000 0.000000
vn 0.000000 -1.000000 0.000000
vn 0.000000 -1.000000 0.000000
vn 0.000000 -1.000000 0.000000
vn 0.000000 -1.000000 0.000000
vn 0.000000 -1.000000 0.000000
vn 0.000000 -1.000000 0.000000
vn 0.000000 -1.000000 -0.000000
vn 0.000000 -1.000000 -0.000000
vn 0.000000 -1.000000 0.000000
vn 0.000000 -1.000000 0.000000
vn 0.000000 -1.000000 0.000000
vn 0.000000 -1.000000 0.000000
vn 0.000000 -1.000000 0.000000
vn 0.000000 -1.000000 0.000000
vn 0.000000 -1.000000 0.000000
vn 0.000000 -1.000000 0.000000
vn 0.000000 -1.000000 0.000000
vn 0.000000 -1.000000 0.000000
vn 0.000000 -1.000000 0.000000
vn 0.000004 -1.000000 0.000111
vn 0.000004 -1.000000 0.000111
vn 0.000077 -1.000000 0.000139
vn 0.000077 -1.000000 0.000139
vn 0.000152 -1.000000 -0.000038
vn 0.000152 -1.000000 -0.000039
vn 0.000060 -1.000000 -0.000050
vn 0.000062 -1.000000 -0.000052
vn 0.000000 -1.000000 -0.000000
vn 0.000000 -1.000000 -0.000000
vn 0.000000 -1.000000 0.000000
vn 0.000000 -1.000000 0.000000
vn 0.000000 -1.000000 0.000000
vn 0.000000 -1.000000 0.000000
vn 0.000000 -1.000000 0.000000
vn 0.000000 -1.000000 0.000000
vn 0.000000 -1.000000 -0.000000
vn 0.000000 -1.000000 -0.000000
vn 0.000000 -1.000000 -0.000000
vn 0.000000 -1.000000 -0.000000
vn 0.000000 -1.000000 0.000000
vn 0.000000 -1.000000 0.000000
vn 0.000000 -1.000000 0.000000
vn 0.000000 -1.000000 0.000000
vn 0.000000 -1.000000 -0.000000
vn 0.000000 -1.000000 -0.000000
vn 0.000000 -1.000000 -0.000000
vn 0.000000 -1.000000 -0.000000
vn 0.000000 -1.000000 0.000000
vn 0.000000 -1.000000 0.000000
vn 0.000000 -1.000000 -0.000000
vn 0.000000 -1.000000 -0.000000
vn 0.000000 -1.000000 -0.000000
vn 0.000000 -1.000000 -0.000000
vn 0.000000 -1.000000 -0.000000
vn 0.000000 -1.000000 -0.000000
vn 0.000000 -1.000000 -0.000000
vn 0.000000 -1.000000 -0.000000
vn 0.000000 -1.000000 -0.000000
vn 0.000000 -1.000000 -0.000000
vn 0.000000 -1.000000 -0.000000
vn 0.000000 -1.000000 -0.000000
vn 0.000000 -1.000000 0.000000
vn 0.000000 -1.000000 0.000000
vn 0.000000 -1.000000 0.000000
vn 0.000000 -1.000000 -0.000000
vn 0.000000 -1.000000 -0.000000
vn 0.000000 -1.000000 0.000000
vn 0.000000 -1.000000 0.000000
vn 0.000000 -1.000000 0.000000
vn 0.000000 -1.000000 0.000000
vn 0.000000 -1.000000 -0.000000
vn -0.000001 -1.000000 -0.000000
vn -0.000000 -1.000000 -0.000000
vn -0.000000 -1.000000 -0.000000
vn -0.000001 -1.000000 -0.000000
vn -0.000000 -1.000000 0.000000
vn -0.000000 -1.000000 0.000000
vn 0.000000 -1.000000 0.000000
vn 0.000000 -1.000000 0.000000
vn 0.000000 -1.000000 0.000000
vn 0.000000 -1.000000 0.000000
vn -0.000001 -1.000000 0.000001
vn -0.000001 -1.000000 0.000001
vn 0.000000 -1.000000 -0.000000
vn 0.000000 -1.000000 -0.000000
vn -0.000000 -1.000000 0.000000
vn -0.000000 -1.000000 0.000000
vn -0.000002 -1.000000 -0.000002
vn -0.000002 -1.000000 -0.000002
vn 0.000000 -1.000000 -0.000000
vn 0.000000 -1.000000 -0.000000
vn -0.000007 -1.000000 -0.000008
vn -0.000007 -1.000000 -0.000008
vn 0.000000 -1.000000 0.000000
vn 0.000000 -1.000000 0.000000
vn -0.000011 -1.000000 -0.000008
vn -0.000011 -1.000000 -0.000008
vn 0.000000 -1.000000 0.000000
vn 0.000000 -1.000000 0.000000
vn -0.000011 -1.000000 0.000004
vn -0.000011 -1.000000 0.000004
vn 0.000000 -1.000000 0.000000
vn 0.000000 -1.000000 0.000000
vn -0.000004 -1.000000 0.000005
vn -0.000004 -1.000000 0.000005
vn 0.000000 -1.000000 0.000000
vn 0.000000 -1.000000 0.000000
vn 0.000000 -1.000000 -0.000000
vn 0.000000 -1.000000 -0.000000
vn 0.000000 -1.000000 0.000000
vn 0.000000 -1.000000 0.000000
vn 0.000000 -1.000000 -0.000000
vn 0.000000 -1.000000 -0.000000
vn 0.000000 -1.000000 -0.000000
vn 0.000000 -1.000000 -0.000000
vn 0.000000 -1.000000 -0.000000
vn 0.000000 -1.000000 -0.000000
vn 0.000000 -1.000000 -0.000000
vn 0.000000 -1.000000 -0.000000
vn 0.000000 -1.000000 0.000000
vn 0.000000 -1.000000 0.000000
vn 0.000000 -1.000000 0.000000
vn 0.000000 -1.000000 0.000000
vn 0.000000 -1.000000 0.000000
vn -0.000000 -1.000000 -0.000000
vn -0.000000 -1.000000 -0.000000
vn 0.000000 -1.000000 0.000000
vn -0.000000 -1.000000 -0.000000
vn -0.000000 -1.000000 -0.000000
vn -0.000000 -1.000000 -0.000000
vn -0.000000 -1.000000 -0.000000
vn -0.000000 -1.000000 0.000000
vn -0.000000 -1.000000 0.000000
vn 0.000000 -1.000000 0.000000
vn 0.000000 -1.000000 0.000000
vn 0.000000 -1.000000 0.000000
vn 0.000000 -1.000000 0.000000
vn 0.000000 -1.000000 0.000000
vn 0.000000 -1.000000 0.000000
vn 0.000003 -1.000000 -0.000111
vn 0.000003 -1.000000 -0.000111
vn 0.000103 -1.000000 -0.000078
vn 0.000103 -1.000000 -0.000078
vn 0.000145 -1.000000 0.000042
vn 0.000145 -1.000000 0.000042
vn 0.000037 -1.000000 0.000008
vn 0.000038 -1.000000 0.000008
vn 0.000000 -1.000000 0.000000
vn 0.000000 -1.000000 0.000000
vn 0.000000 -1.000000 -0.000000
vn 0.000000 -1.000000 -0.000000
vn 0.000000 -1.000000 0.000000
vn 0.000000 -1.000000 -0.000000
vn 0.000000 -1.000000 -0.000000
vn 0.000000 -1.000000 0.000000
vn 0.000000 -1.000000 -0.000000
vn 0.000000 -1.000000 -0.000000
vn 0.000000 -1.000000 -0.000000
vn 0.000000 -1.000000 -0.000000
vn 0.000000 -1.000000 0.000000
vn 0.000000 -1.000000 0.000000
vn 0.000000 -1.000000 0.000000
vn 0.000000 -1.000000 0.000000
vn 0.000000 -1.000000 -0.000000
vn 0.000000 -1.000000 -0.000000
vn 0.000000 -1.000000 0.000000
vn 0.000000 -1.000000 0.000000
vn 0.000000 -1.000000 0.000000
vn 0.000000 -1.000000 0.000000
vn 0.000000 -1.000000 0.000000
vn 0.000000 -1.000000 0.000000
vn 0.000000 -1.000000 0.000000
vn 0.000000 -1.000000 0.000000
vn 0.000000 -1.000000 0.000000
vn 0.000000 -1.000000 0.000000
vn 0.000000 -1.000000 -0.000000
vn 0.000000 -1.000000 -0.000000
vn 0.000000 -1.000000 -0.000000
vn 0.000000 -1.000000 -0.000000
vn 0.000000 -1.000000 -0.000000
vn 0.000000 -1.000000 -0.000000
vn 0.000000 -1.000000 0.000000
vn 0.000000 -1.000000 0.000000
vn 0.000001 -1.000000 0.000000
vn 0.000000 -1.000000 0.000000
vn 0.000000 -1.000000 0.000000
vn 0.000001 -1.000000 0.000000
vn 0.000001 -1.000000 -0.000000
vn 0.000001 -1.000000 -0.000000
vn 0.000000 -1.000000 0.000000
vn 0.000000 -1.000000 0.000000
vn 0.000000 -1.000000 -0.000001
vn 0.000000 -1.000000 -0.000001
vn 0.000000 -1.000000 0.000000
vn 0.000000 -1.000000 0.000000
vn 0.000000 -1.000000 -0.000001
vn 0.000000 -1.000000 -0.000001
vn 0.000002 -1.000000 0.000005
vn 0.000002 -1.000000 0.000005
vn 0.000007 -1.000000 0.000012
vn 0.000007 -1.000000 0.000012
vn 0.000013 -1.000000 0.000004
vn 0.000013 -1.000000 0.000004
vn 0.000012 -1.000000 -0.000007
vn 0.000012 -1.000000 -0.000007
vn 0.000000 -1.000000 -0.000000
vn 0.000000 -1.000000 0.000000
vn 0.000000 -1.000000 0.000000
vn 0.000000 -1.000000 -0.000000
vn 0.000000 -1.000000 0.000000
vn 0.000000 -1.000000 0.000000
vn 0.000000 -1.000000 0.000000
vn 0.000000 -1.000000 -0.000000
vn 0.000000 -1.000000 -0.000000
vn 0.000000 -1.000000 0.000000
vn 0.000004 -1.000000 -0.000004
vn 0.000004 -1.000000 -0.000004
vn 0.000000 -1.000000 0.000000
vn 0.000000 -1.000000 0.000000
vn 0.000000 -1.000000 -0.000000
vn 0.000000 -1.000000 -0.000000
vn 0.000000 -1.000000 0.000000
vn 0.000000 -1.000000 0.000000
vn 0.000000 -1.000000 -0.000000
vn 0.000000 -1.000000 -0.000000
vn 0.000000 -1.000000 0.000000
vn 0.000000 -1.000000 0.000000
vn 0.000000 -1.000000 0.000000
vn 0.000000 -1.000000 0.000000
vn 0.000000 -1.000000 0.000000
vn 0.000000 -1.000000 0.000000
vn 0.000000 -1.000000 0.000000
vn 0.000000 -1.000000 0.000000
vn 0.000000 -1.000000 0.000000
vn 0.000000 -1.000000 0.000000
vn 0.000000 -1.000000 0.000000
vn 0.000000 -1.000000 0.000000
vn 0.000000 -1.000000 0.000000
vn 0.000000 -1.000000 0.000000
vn 0.000000 -1.000000 -0.000000
vn 0.000000 -1.000000 -0.000000
vn 0.000000 -1.000000 -0.000000
vn 0.000000 -1.000000 -0.000000
vn 0.000000 -1.000000 0.000000
vn 0.000000 -1.000000 0.000000
vn 0.000000 -1.000000 -0.000000
vn 0.000000 -1.000000 0.000000
vn 0.000000 -1.000000 0.000000
vn 0.000000 -1.000000 -0.000000
vn 0.000000 -1.000000 -0.000000
vn 0.000000 -1.000000 -0.000000
vn 0.000000 -1.000000 -0.000000
vn 0.000000 -1.000000 -0.000000
vn 0.000000 -1.000000 0.000000
vn 0.000000 -1.000000 0.000000
vn 0.000000 -1.000000 0.000000
vn 0.000000 -1.000000 0.000000
vn 0.000000 -1.000000 -0.000000
vn 0.000000 -1.000000 -0.000000
vn -0.000004 -1.000000 0.000110
vn -0.000004 -1.000000 0.000111
vn -0.000077 -1.000000 0.000139
vn -0.000077 -1.000000 0.000139
vn -0.000152 -1.000000 -0.000039
vn -0.000152 -1.000000 -0.000039
vn -0.000060 -1.000000 -0.000050
vn -0.000062 -1.000000 -0.000052
vn 0.000000 -1.000000 0.000000
vn 0.000000 -1.000000 0.000000
vn 0.000000 -1.000000 0.000000
vn 0.000000 -1.000000 0.000000
vn 0.000000 -1.000000 0.000000
vn 0.000000 -1.000000 0.000000
vn 0.000000 -1.000000 0.000000
vn 0.000000 -1.000000 0.000000
vn 0.000000 -1.000000 0.000000
vn 0.000000 -1.000000 0.000000
vn 0.000000 -1.000000 0.000000
vn 0.000000 -1.000000 0.000000
vn 0.000000 -1.000000 0.000000
vn 0.000000 -1.000000 0.000000
vn 0.000000 -1.000000 0.000000
vn 0.000000 -1.000000 0.000000
vn 0.000000 -1.000000 -0.000000
vn 0.000000 -1.000000 -0.000000
vn 0.000000 -1.000000 -0.000000
vn 0.000000 -1.000000 -0.000000
vn 0.000000 -1.000000 0.000000
vn 0.000000 -1.000000 0.000000
vn 0.000000 -1.000000 -0.000000
vn 0.000000 -1.000000 -0.000000
vn 0.000000 -1.000000 -0.000000
vn 0.000000 -1.000000 -0.000000
vn 0.000000 -1.000000 0.000000
vn 0.000000 -1.000000 0.000000
vn 0.000000 -1.000000 0.000000
vn 0.000000 -1.000000 0.000000
vn 0.000000 -1.000000 -0.000000
vn 0.000000 -1.000000 -0.000000
vn 0.000000 -1.000000 -0.000000
vn 0.000000 -1.000000 -0.000000
vn 0.000000 -1.000000 0.000000
vn 0.000000 -1.000000 0.000000
vn 0.000000 -1.000000 0.000000
vn 0.000000 -1.000000 0.000000
vn 0.000000 -1.000000 0.000000
vn 0.000000 -1.000000 0.000000
vn 0.000000 -1.000000 0.000000
vn 0.000000 -1.000000 0.000000
vn 0.000000 -1.000000 -0.000000
vn 0.000000 -1.000000 -0.000000
vn 0.000000 -1.000000 -0.000000
vn 0.000001 -1.000000 -0.000000
vn 0.000001 -1.000000 -0.000000
vn 0.000000 -1.000000 -0.000000
vn 0.000000 -1.000000 0.000000
vn 0.000000 -1.000000 0.000000
vn 0.000000 -1.000000 0.000000
vn 0.000000 -1.000000 0.000000
vn 0.000000 -1.000000 0.000000
vn 0.000000 -1.000000 0.000000
vn 0.000001 -1.000000 0.000001
vn 0.000001 -1.000000 0.000001
vn 0.000000 -1.000000 -0.000000
vn 0.000000 -1.000000 -0.000000
vn 0.000000 -1.000000 0.000001
vn 0.000000 -1.000000 0.000001
vn 0.000002 -1.000000 -0.000001
vn 0.000002 -1.000000 -0.000001
vn 0.000000 -1.000000 0.000000
vn 0.000000 -1.000000 0.000000
vn 0.000007 -1.000000 -0.000008
vn 0.000007 -1.000000 -0.000008
vn 0.000000 -1.000000 0.000000
vn 0.000000 -1.000000 0.000000
vn 0.000011 -1.000000 -0.000007
vn 0.000011 -1.000000 -0.000007
vn 0.000000 -1.000000 0.000000
vn 0.000000 -1.000000 0.000000
vn 0.000011 -1.000000 0.000004
vn 0.000011 -1.000000 0.000004
vn 0.000000 -1.000000 0.000000
vn 0.000000 -1.000000 0.000000
vn 0.000004 -1.000000 0.000004
vn 0.000004 -1.000000 0.000004
vn 0.000000 -1.000000 0.000000
vn 0.000000 -1.000000 0.000000
vn 0.000000 -1.000000 -0.000000
vn 0.000000 -1.000000 -0.000000
vn 0.000000 -1.000000 -0.000000
vn 0.000000 -1.000000 0.000000
vn 0.000000 -1.000000 -0.000000
vn 0.000000 -1.000000 -0.000000
vn 0.000000 -1.000000 0.000000
vn 0.000000 -1.000000 0.000000
vn 0.000000 -1.000000 0.000000
vn 0.000000 -1.000000 0.000000
vn 0.000000 -1.000000 0.000000
vn 0.000000 -1.000000 0.000000
vn 0.000000 -1.000000 0.000000
vn 0.000000 -1.000000 0.000000
vn 0.000000 -1.000000 0.000000
vn 0.000000 -1.000000 0.000000
vn 0.000000 -1.000000 0.000000
vn 0.000000 -1.000000 0.000000
vn 0.000000 -1.000000 0.000000
vn 0.000000 -1.000000 0.000000
vn 0.000000 -1.000000 -0.000000
vn 0.000000 -1.000000 -0.000000
vn 0.000000 -1.000000 -0.000000
vn 0.000000 -1.000000 -0.000000
vn 0.000000 -1.000000 -0.000000
vn 0.000000 -1.000000 -0.000000
vn 0.000000 -1.000000 0.000000
vn 0.000000 -1.000000 0.000000
vn 0.000000 -1.000000 0.000000
vn 0.000000 -1.000000 0.000000
vn 0.000000 -1.000000 0.000000
vn 0.000000 -1.000000 0.000000
vn -0.000003 -1.000000 -0.000111
vn -0.000003 -1.000000 -0.000111
vn -0.000102 -1.000000 -0.000078
vn -0.000103 -1.000000 -0.000078
vn -0.000145 -1.000000 0.000042
vn -0.000145 -1.000000 0.000042
vn -0.000037 -1.000000 0.000008
vn -0.000038 -1.000000 0.000008
vn -0.000000 -1.000000 -0.000000
vn -0.000000 -1.000000 -0.000000
vn 0.000000 -1.000000 0.000000
vn 0.000000 -1.000000 0.000000
s 1
g iron_plate1_low1
usemtl initialShadingGroup
f 1/1/1 22/305/2 127/306/3 23/2/4
f 60/4/5 23/2/4 127/306/3 150/307/6
f 24/171/7 61/5/8 178/309/9 176/360/10
f 28/3/11 60/4/5 150/307/6 147/308/12
f 61/5/8 28/3/11 147/308/12 178/309/9
s 3
f 63/7/13 64/6/14 248/367/15 249/369/16
s 4
f 64/6/17 63/7/18 66/48/19 65/8/20
f 65/8/20 66/48/19 98/166/21 97/9/22
s 3
f 68/10/23 67/49/24 121/359/25 122/11/26
s 4
f 69/52/27 70/12/28 71/13/29 72/50/30
f 72/50/30 71/13/29 125/14/31 126/51/32
s 3
f 73/317/33 74/15/34 78/16/35 77/319/36
f 74/15/34 73/317/33 75/361/37 76/17/38
f 77/20/36 78/71/35 80/21/39 79/22/40
f 79/23/40 80/24/39 82/25/41 81/322/42
f 81/322/42 82/25/41 84/26/43 83/324/44
f 83/324/44 84/26/43 86/27/45 85/326/46
f 85/326/46 86/27/45 88/28/47 87/328/48
f 87/328/48 88/28/47 90/29/49 89/330/50
f 89/330/50 90/29/49 92/30/51 91/332/52
f 91/332/52 92/30/51 94/31/53 93/334/54
f 93/334/54 94/31/53 96/32/55 95/336/56
f 95/336/56 96/32/55 503/754/57 504/756/58
s 4
f 97/9/22 98/166/21 124/165/59 123/33/60
s 3
f 99/337/61 100/34/62 102/35/63 101/339/64
f 101/339/64 102/35/63 104/36/65 103/341/66
f 103/341/66 104/36/65 106/37/67 105/343/68
f 105/343/68 106/37/67 108/38/69 107/345/70
f 107/345/70 108/38/69 110/39/71 109/347/72
f 109/347/72 110/39/71 112/40/73 111/349/74
f 111/349/74 112/40/73 114/41/75 113/351/76
f 113/351/76 114/41/75 116/42/77 115/353/78
f 115/353/78 116/42/77 118/43/79 117/355/80
f 117/355/80 118/43/79 120/44/81 119/357/82
f 119/357/82 120/44/81 122/11/26 121/359/25
s 4
f 123/45/60 124/46/59 126/47/32 125/162/31
s 1
f 66/48/83 63/7/84 249/370/85 250/371/86
f 98/166/87 66/48/83 250/371/86 251/372/88
f 121/359/89 67/49/90 24/171/7 176/360/10
f 255/376/91 69/52/92 72/50/93 254/375/94
f 72/50/93 126/51/95 253/374/96 254/375/94
s 10
f 64/53/97 65/54/98 30/55/99 29/56/100
s 11
f 32/170/101 31/58/102 68/57/103 122/169/104
s 10
f 70/60/105 34/61/106 520/773/107 33/62/108 71/59/109
s 11
f 74/63/110 76/64/111 36/65/112 35/66/113
f 78/67/114 74/68/110 35/69/113 37/70/115
f 80/21/116 78/71/114 37/72/115 38/73/117
f 82/74/118 80/75/116 38/76/117 39/77/119
f 84/78/120 82/79/118 39/80/119 40/81/121
f 86/82/122 84/83/120 40/84/121 41/85/123
f 88/86/124 86/87/122 41/88/123 42/89/125
f 90/90/126 88/91/124 42/92/125 43/93/127
f 92/94/128 90/95/126 43/96/127 44/97/129
f 94/98/130 92/99/128 44/100/129 45/101/131
f 96/102/132 94/103/130 45/104/131 46/105/133
f 247/366/134 248/368/135 64/106/136 29/107/137
s 10
f 65/108/98 97/109/138 62/110/139 30/111/99
s 11
f 96/112/132 46/113/133 502/753/140 503/755/141
f 102/116/142 100/117/143 48/118/144 49/119/145
f 104/120/146 102/121/142 49/122/145 50/123/147
f 106/124/148 104/125/146 50/126/147 51/127/149
f 108/128/150 106/129/148 51/130/149 52/131/151
f 110/132/152 108/133/150 52/134/151 53/135/153
f 112/136/154 110/137/152 53/138/153 54/139/155
f 114/140/156 112/141/154 54/142/155 55/143/157
f 116/144/158 114/145/156 55/146/157 56/147/159
f 118/148/160 116/149/158 56/150/159 57/151/161
f 120/152/162 118/153/160 57/154/161 58/155/163
f 122/156/104 120/157/162 58/158/163 32/159/101
s 10
f 59/163/164 125/162/165 71/160/109 33/161/108
f 123/45/166 125/162/165 59/163/164 47/164/167
s 1
f 126/51/95 124/165/168 252/373/169 253/374/96
f 124/165/168 98/166/87 251/372/88 252/373/169
s 10
f 62/110/139 97/109/138 123/167/166 47/168/167
s 14
f 127/173/170 128/1872/171 149/1963/172 150/174/173
s 15
f 128/175/174 127/176/175 130/177/176 129/1853/177
f 129/1853/177 130/177/176 132/178/178 131/1855/179
f 131/1855/179 132/178/178 134/179/180 133/1857/181
f 133/1857/181 134/179/180 136/180/182 135/1859/183
f 135/1859/183 136/180/182 138/181/184 137/1861/185
f 137/1861/185 138/181/184 140/182/186 139/1863/187
f 139/1863/187 140/182/186 142/183/188 141/1865/189
f 141/184/189 142/185/188 144/186/190 143/1867/191
f 143/1867/191 144/186/190 146/187/192 145/1869/193
f 145/1869/193 146/187/192 152/190/194 151/1873/195
s 14
f 147/189/196 148/1966/197 177/1895/198 178/188/199
f 148/1966/197 147/189/196 150/174/173 149/1963/172
s 15
f 151/1873/195 152/190/194 154/191/200 153/1875/201
s 16
f 153/1875/202 154/191/203 169/192/204 170/1889/205
s 17
f 155/193/206 156/1900/207 183/1959/208 184/194/209
s 18
f 156/195/210 155/196/211 158/197/212 157/1877/213
f 157/1877/213 158/197/212 160/198/214 159/1879/215
f 159/1879/215 160/198/214 162/199/216 161/1881/217
f 161/1881/217 162/199/216 164/200/218 163/1883/219
f 163/1883/219 164/200/218 166/201/220 165/1885/221
f 165/1885/221 166/201/220 168/202/222 167/1887/223
f 167/1887/223 168/202/222 172/203/224 171/1891/225
s 16
f 170/204/205 169/302/204 193/303/226 194/205/227
s 18
f 171/206/225 172/207/224 174/208/228 173/1893/229
f 173/1893/229 174/208/228 180/213/230 179/1897/231
s 14
f 175/209/232 176/210/233 178/188/199 177/1895/198
s 19
f 176/211/234 175/1905/235 189/1907/236 190/212/237
s 18
f 179/1897/231 180/213/230 186/217/238 185/1901/239
s 17
f 181/301/240 182/214/241 208/215/242 207/304/243
f 182/1970/241 181/216/240 184/194/209 183/1959/208
s 18
f 185/1901/239 186/217/238 188/218/244 187/1903/245
s 20
f 187/1903/246 188/218/247 200/224/248 199/1913/249
s 19
f 190/212/237 189/1907/236 191/1911/250 192/219/251
f 192/219/251 191/1911/250 197/1915/252 198/220/253
s 16
f 194/1962/227 193/221/226 196/222/254 195/1967/255
f 195/1967/255 196/222/254 220/238/256 219/1910/257
s 19
f 198/220/253 197/1915/252 201/1917/258 202/223/259
s 20
f 199/1913/249 200/224/248 225/241/260 226/1958/261
s 19
f 202/223/259 201/1917/258 203/1921/262 204/225/263
f 204/225/263 203/1921/262 209/1923/264 210/226/265
s 17
f 205/227/266 206/228/267 207/229/243 208/1919/242
s 21
f 206/230/268 205/1933/269 221/1935/270 222/231/271
s 19
f 210/226/265 209/1923/264 211/232/272 212/233/273
f 212/234/273 211/1925/272 213/1927/274 214/235/275
f 214/235/275 213/1927/274 215/1929/276 216/236/277
f 216/236/277 215/1929/276 217/1931/278 218/237/279
f 218/237/279 217/1931/278 219/1910/280 220/238/281
s 21
f 222/231/271 221/1935/270 223/1939/282 224/239/283
f 224/239/283 223/1939/282 229/1941/284 230/240/285
s 20
f 226/1958/261 225/241/260 228/242/286 227/1971/287
f 227/1971/287 228/242/286 246/254/288 245/1938/289
s 21
f 230/240/285 229/1941/284 231/1943/290 232/243/291
f 232/243/291 231/1943/290 233/1945/292 234/244/293
f 234/244/293 233/1945/292 235/1947/294 236/245/295
f 236/245/295 235/1947/294 237/246/296 238/247/297
f 238/248/297 237/1949/296 239/1951/298 240/249/299
f 240/250/299 239/1951/298 241/1953/300 242/251/301
f 242/252/301 241/1953/300 243/1955/302 244/253/303
f 244/253/303 243/1955/302 245/1938/304 246/254/305
s 1
f 15/278/306 3/280/307 138/257/308 136/255/309
f 2/279/310 14/291/311 142/268/312 140/256/313
f 3/280/307 2/279/310 140/256/313 138/257/308
f 4/281/314 6/283/315 172/260/316 168/258/317
f 5/282/318 4/281/314 168/258/317 166/259/319
f 6/283/315 7/284/320 174/261/321 172/260/316
f 7/284/320 8/285/322 180/262/323 174/261/321
f 8/285/322 9/296/324 186/274/325 180/262/323
f 10/286/326 5/282/318 166/259/319 164/263/327
f 11/287/328 10/286/326 164/263/327 162/264/329
f 12/288/330 11/287/328 162/264/329 160/265/331
f 13/289/332 12/288/330 160/265/331 158/266/333
f 17/290/334 18/297/335 152/275/336 146/267/337
f 14/291/311 16/292/338 144/269/339 142/268/312
f 16/292/338 17/290/334 146/267/337 144/269/339
f 155/277/340 184/270/341 508/760/342 509/761/343
f 510/762/344 26/299/345 155/277/340 509/761/343
f 22/305/2 21/295/346 130/273/347 127/306/3
f 19/293/348 15/278/306 136/255/309 134/271/349
f 20/294/350 19/293/348 134/271/349 132/272/351
f 21/295/346 20/294/350 132/272/351 130/273/347
f 9/296/324 27/314/352 188/313/353 186/274/325
f 18/297/335 25/298/354 154/276/355 152/275/336
f 26/299/345 13/289/332 158/266/333 155/277/340
f 207/304/356 206/315/357 505/757/358 506/758/359
f 184/270/341 181/301/360 507/759/361 508/760/342
f 181/301/360 207/304/356 506/758/359 507/759/361
f 206/315/357 95/336/362 504/756/363 505/757/358
f 246/316/364 75/361/365 73/317/366 244/318/367
f 244/318/367 73/317/366 77/319/368 242/320/369
f 240/321/370 79/23/371 81/322/372 238/323/373
f 238/323/373 81/322/372 83/324/374 236/325/375
f 236/325/375 83/324/374 85/326/376 234/327/377
f 234/327/377 85/326/376 87/328/378 232/329/379
f 232/329/379 87/328/378 89/330/380 230/331/381
f 230/331/381 89/330/380 91/332/382 224/333/383
f 224/333/383 91/332/382 93/334/384 222/335/385
f 222/335/385 93/334/384 95/336/362 206/315/357
f 220/338/386 99/337/387 101/339/388 218/340/389
f 218/340/389 101/339/388 103/341/390 216/342/391
f 216/342/391 103/341/390 105/343/392 214/344/393
f 214/344/393 105/343/392 107/345/394 212/346/395
f 212/346/395 107/345/394 109/347/396 210/348/397
f 210/348/397 109/347/396 111/349/398 204/350/399
f 204/350/399 111/349/398 113/351/400 202/352/401
f 202/352/401 113/351/400 115/353/402 198/354/403
f 198/354/403 115/353/402 117/355/404 192/356/405
f 192/356/405 117/355/404 119/357/406 190/358/407
f 190/358/407 119/357/406 121/359/89 176/360/10
f 242/362/369 77/363/368 79/364/371 240/365/370
s 11
f 76/18/111 248/368/135 247/366/134 36/172/112
s 3
f 249/369/16 248/367/15 76/18/38 75/19/37
s 1
f 250/371/86 249/370/85 75/361/365 246/316/364
f 251/372/88 250/371/86 246/316/364 228/310/408
f 252/373/169 251/372/88 228/310/408 225/311/409
f 253/374/96 252/373/169 225/311/409 200/312/410
f 254/375/94 253/374/96 200/312/410 188/313/353
f 27/314/352 255/376/91 254/375/94 188/313/353
f 276/379/411 1/378/1 23/377/4 373/380/412
f 60/381/5 396/382/413 373/380/412 23/377/4
f 24/383/7 422/386/414 424/385/415 61/384/8
f 28/387/11 393/388/416 396/382/413 60/381/5
f 61/384/8 424/385/415 393/388/416 28/387/11
s 3
f 311/389/417 495/392/418 494/391/419 312/390/420
s 29
f 312/390/421 313/394/422 314/393/423 311/389/424
f 313/394/422 343/396/425 344/395/426 314/393/423
s 3
f 68/397/23 368/400/427 367/399/428 67/398/24
s 29
f 316/402/429 315/401/430 318/404/431 317/403/432
f 318/404/431 372/406/433 371/405/434 317/403/432
s 3
f 319/407/435 323/410/436 324/409/437 320/408/438
f 320/408/438 322/412/439 321/411/440 319/407/435
f 323/413/436 325/416/441 326/415/442 324/414/437
f 325/417/441 327/420/443 328/419/444 326/418/442
f 327/420/443 329/422/445 330/421/446 328/419/444
f 329/422/445 331/424/447 332/423/448 330/421/446
f 331/424/447 333/426/449 334/425/450 332/423/448
f 333/426/449 335/428/451 336/427/452 334/425/450
f 335/428/451 337/430/453 338/429/454 336/427/452
f 337/430/453 339/432/455 340/431/456 338/429/454
f 339/432/455 341/434/457 342/433/458 340/431/456
f 341/434/457 517/769/459 518/771/460 342/433/458
s 29
f 343/396/425 369/438/461 370/437/462 344/395/426
s 3
f 345/436/463 347/440/464 348/439/465 346/435/466
f 347/440/464 349/442/467 350/441/468 348/439/465
f 349/442/467 351/444/469 352/443/470 350/441/468
f 351/444/469 353/446/471 354/445/472 352/443/470
f 353/446/471 355/448/473 356/447/474 354/445/472
f 355/448/473 357/450/475 358/449/476 356/447/474
f 357/450/475 359/452/477 360/451/478 358/449/476
f 359/452/477 361/454/479 362/453/480 360/451/478
f 361/454/479 363/456/481 364/455/482 362/453/480
f 363/456/481 365/458/483 366/457/484 364/455/482
f 365/458/483 367/399/428 368/400/427 366/457/484
s 29
f 369/459/461 371/462/434 372/461/433 370/460/462
s 1
f 314/393/485 496/464/486 495/463/487 311/389/488
f 344/395/489 497/465/490 496/464/486 314/393/485
f 367/399/491 422/386/414 24/383/7 67/398/90
f 315/401/492 501/467/493 500/466/494 318/404/495
f 318/404/495 500/466/494 499/468/496 372/406/497
s 35
f 312/469/498 280/472/499 281/471/500 313/470/501
s 11
f 282/473/502 368/476/503 68/475/103 31/474/102
s 35
f 521/774/504 284/479/505 316/478/506 317/477/507 283/480/508
s 11
f 320/481/509 285/484/510 286/483/511 322/482/512
f 324/485/513 287/488/514 285/487/510 320/486/509
f 326/415/515 288/490/516 287/489/514 324/414/513
f 328/491/517 289/494/518 288/493/516 326/492/515
f 330/495/519 290/498/520 289/497/518 328/496/517
f 332/499/521 291/502/522 290/501/520 330/500/519
f 334/503/523 292/506/524 291/505/522 332/504/521
f 336/507/525 293/510/526 292/509/524 334/508/523
f 338/511/527 294/514/528 293/513/526 336/512/525
f 340/515/529 295/518/530 294/517/528 338/516/527
f 342/519/531 296/522/532 295/521/530 340/520/529
f 493/523/533 280/526/534 312/525/535 494/524/536
s 35
f 313/527/501 281/530/500 310/529/537 343/528/538
s 11
f 342/531/531 518/770/539 519/772/540 296/532/532
f 348/535/541 299/538/542 298/537/543 346/536/544
f 350/539/545 300/542/546 299/541/542 348/540/541
f 352/543/547 301/546/548 300/545/546 350/544/545
f 354/547/549 302/550/550 301/549/548 352/548/547
f 356/551/551 303/554/552 302/553/550 354/552/549
f 358/555/553 304/558/554 303/557/552 356/556/551
f 360/559/555 305/562/556 304/561/554 358/560/553
f 362/563/557 306/566/558 305/565/556 360/564/555
f 364/567/559 307/570/560 306/569/558 362/568/557
f 366/571/561 308/574/562 307/573/560 364/572/559
f 368/575/503 282/578/502 308/577/562 366/576/561
s 35
f 309/579/563 283/581/508 317/580/507 371/462/564
f 369/459/565 297/582/566 309/579/563 371/462/564
s 1
f 372/406/497 499/468/496 498/583/567 370/437/568
f 370/437/568 498/583/567 497/465/490 344/395/489
s 35
f 310/529/537 297/585/566 369/584/565 343/528/538
s 39
f 373/586/569 396/588/570 395/1992/571 374/587/572
s 40
f 374/1973/573 375/1975/574 376/590/575 373/589/576
f 375/1975/574 377/1977/577 378/591/578 376/590/575
f 377/1977/577 379/1979/579 380/592/580 378/591/578
f 379/1979/579 381/1981/581 382/593/582 380/592/580
f 381/1981/581 383/1983/583 384/594/584 382/593/582
f 383/1983/583 385/1985/585 386/595/586 384/594/584
f 385/1985/585 387/597/587 388/596/588 386/595/586
f 387/1987/587 389/1989/589 390/599/590 388/598/588
f 389/1989/589 391/1993/591 392/600/592 390/599/590
f 391/1993/591 397/1995/593 398/601/594 392/600/592
s 39
f 393/602/595 424/603/596 423/2086/597 394/2083/598
f 394/2083/598 395/1992/571 396/588/570 393/602/595
s 40
f 397/1995/593 399/2009/599 400/604/600 398/601/594
s 42
f 399/2009/601 416/2082/602 415/605/603 400/604/604
s 43
f 401/606/605 430/608/606 429/2020/607 402/607/608
s 44
f 402/1997/609 403/1999/610 404/610/611 401/609/612
f 403/1999/610 405/2001/613 406/611/614 404/610/611
f 405/2001/613 407/2003/615 408/612/616 406/611/614
f 407/2003/615 409/2005/617 410/613/618 408/612/616
f 409/2005/617 411/2007/619 412/614/620 410/613/618
f 411/2007/619 413/2011/621 414/615/622 412/614/620
f 413/2011/621 417/617/623 418/616/624 414/615/622
s 42
f 416/618/602 440/621/625 439/620/626 415/619/603
s 44
f 417/2013/623 419/2017/627 420/623/628 418/622/624
f 419/2017/627 425/2021/629 426/624/630 420/623/628
s 39
f 421/2015/631 423/2086/597 424/603/596 422/625/632
s 45
f 422/626/633 436/628/634 435/2025/635 421/627/636
s 44
f 425/2021/629 431/2023/637 432/629/638 426/624/630
s 43
f 427/630/639 453/633/640 454/632/641 428/631/642
f 428/2079/642 429/2020/607 430/608/606 427/634/639
s 44
f 431/2023/637 433/2033/643 434/635/644 432/629/638
s 47
f 433/2033/645 445/2078/646 446/636/647 434/635/648
s 45
f 436/628/634 438/637/649 437/2027/650 435/2025/635
f 438/637/649 444/638/651 443/2031/652 437/2027/650
s 42
f 440/2087/625 441/2030/653 442/640/654 439/639/626
f 441/2030/653 465/2051/655 466/641/656 442/640/654
s 45
f 444/638/651 448/642/657 447/2035/658 443/2031/652
s 47
f 445/2078/646 472/2091/659 471/643/660 446/636/647
s 45
f 448/642/657 450/644/661 449/2037/662 447/2035/658
f 450/644/661 456/645/663 455/2041/664 449/2037/662
s 43
f 451/2039/665 454/2090/641 453/647/640 452/646/666
s 48
f 452/648/667 468/650/668 467/2053/669 451/649/670
s 45
f 456/645/663 458/651/671 457/2043/672 455/2041/664
f 458/652/671 460/654/673 459/2045/674 457/653/672
f 460/654/673 462/655/675 461/2047/676 459/2045/674
f 462/655/675 464/656/677 463/2049/678 461/2047/676
f 464/656/677 466/641/679 465/2051/680 463/2049/678
s 48
f 468/650/668 470/657/681 469/2055/682 467/2053/669
f 470/657/681 476/658/683 475/2059/684 469/2055/682
s 47
f 472/2091/659 473/2058/685 474/659/686 471/643/660
f 473/2058/685 491/2075/687 492/660/688 474/659/686
s 48
f 476/658/683 478/661/689 477/2061/690 475/2059/684
f 478/661/689 480/662/691 479/2063/692 477/2061/690
f 480/662/691 482/663/693 481/2065/694 479/2063/692
f 482/663/693 484/664/695 483/2067/696 481/2065/694
f 484/665/695 486/667/697 485/2069/698 483/666/696
f 486/668/697 488/669/699 487/2071/700 485/2069/698
f 488/670/699 490/671/701 489/2073/702 487/2071/700
f 490/671/701 492/660/703 491/2075/704 489/2073/702
s 1
f 257/674/705 269/673/706 382/672/707 384/675/708
f 268/676/709 256/679/710 386/678/711 388/677/712
f 256/679/710 257/674/705 384/675/708 386/678/711
f 260/682/713 258/681/714 414/680/715 418/683/716
f 258/681/714 259/685/717 412/684/718 414/680/715
f 261/686/719 260/682/713 418/683/716 420/687/720
f 262/688/721 261/686/719 420/687/720 426/689/722
f 263/690/723 262/688/721 426/689/722 432/691/724
f 259/685/717 264/693/725 410/692/726 412/684/718
f 264/693/725 265/695/727 408/694/728 410/692/726
f 265/695/727 266/697/729 406/696/730 408/694/728
f 266/697/729 267/699/731 404/698/732 406/696/730
f 272/700/733 271/703/734 392/702/735 398/701/736
f 270/704/737 268/676/709 388/677/712 390/705/738
f 271/703/734 270/704/737 390/705/738 392/702/735
f 401/706/739 512/764/740 513/765/741 430/707/742
f 278/709/743 511/763/744 512/764/740 401/706/739
f 275/711/745 276/379/411 373/380/412 376/712/746
f 269/673/706 273/714/747 380/713/748 382/672/707
f 273/714/747 274/716/749 378/715/750 380/713/748
f 274/716/749 275/711/745 376/712/746 378/715/750
f 279/717/751 263/690/723 432/691/724 434/718/752
f 277/710/753 272/700/733 398/701/736 400/708/754
f 267/699/731 278/709/743 401/706/739 404/698/732
f 453/633/755 515/767/756 516/768/757 452/719/758
f 430/707/742 513/765/741 514/766/759 427/630/760
f 427/630/760 514/766/759 515/767/756 453/633/755
f 452/719/758 516/768/757 517/769/761 341/434/762
f 492/722/763 490/723/764 319/407/765 321/411/766
f 490/723/764 488/724/767 323/410/768 319/407/765
f 486/725/769 484/726/770 327/420/771 325/417/772
f 484/726/770 482/727/773 329/422/774 327/420/771
f 482/727/773 480/728/775 331/424/776 329/422/774
f 480/728/775 478/729/777 333/426/778 331/424/776
f 478/729/777 476/730/779 335/428/780 333/426/778
f 476/730/779 470/731/781 337/430/782 335/428/780
f 470/731/781 468/732/783 339/432/784 337/430/782
f 468/732/783 452/719/758 341/434/762 339/432/784
f 466/720/785 464/733/786 347/440/787 345/436/788
f 464/733/786 462/734/789 349/442/790 347/440/787
f 462/734/789 460/735/791 351/444/792 349/442/790
f 460/735/791 458/736/793 353/446/794 351/444/792
f 458/736/793 456/737/795 355/448/796 353/446/794
f 456/737/795 450/738/797 357/450/798 355/448/796
f 450/738/797 448/739/799 359/452/800 357/450/798
f 448/739/799 444/740/801 361/454/802 359/452/800
f 444/740/801 438/741/803 363/456/804 361/454/802
f 438/741/803 436/742/805 365/458/806 363/456/804
f 436/742/805 422/386/414 367/399/491 365/458/806
f 488/743/767 486/746/769 325/745/772 323/744/768
s 11
f 322/747/512 286/748/511 493/523/533 494/524/536
s 3
f 495/392/418 321/749/440 322/747/439 494/391/419
s 1
f 496/464/486 492/722/763 321/411/766 495/463/487
f 497/465/490 474/750/807 492/722/763 496/464/486
f 498/583/567 471/751/808 474/750/807 497/465/490
f 499/468/496 446/752/809 471/751/808 498/583/567
f 500/466/494 434/718/752 446/752/809 499/468/496
f 501/467/493 279/717/751 434/718/752 500/466/494
s 11
f 503/755/141 502/753/140 48/115/144 100/114/143
s 3
f 504/756/58 503/754/57 100/34/62 99/337/61
s 1
f 505/757/358 504/756/363 99/337/387 220/338/386
f 506/758/359 505/757/358 220/338/386 196/300/810
f 507/759/361 506/758/359 196/300/810 193/303/811
f 508/760/342 507/759/361 193/303/811 169/302/812
f 509/761/343 508/760/342 169/302/812 154/276/355
f 25/298/354 510/762/344 509/761/343 154/276/355
f 511/763/744 277/710/753 400/708/754 512/764/740
f 513/765/741 512/764/740 400/708/754 415/619/813
f 514/766/759 513/765/741 415/619/813 439/620/814
f 515/767/756 514/766/759 439/620/814 442/721/815
f 516/768/757 515/767/756 442/721/815 466/720/785
f 517/769/761 516/768/757 466/720/785 345/436/788
s 3
f 518/771/460 517/769/459 345/436/463 346/435/466
s 11
f 519/772/540 518/770/539 346/534/544 298/533/543
s 1
f 555/777/816 643/780/817 620/779/818 522/778/819
f 523/781/820 669/784/821 671/783/822 556/782/823
f 524/785/824 640/786/825 643/780/817 555/777/816
f 556/782/823 671/783/822 640/786/825 524/785/824
s 60
f 558/787/826 742/790/827 741/789/828 559/788/829
s 4
f 559/788/830 560/792/831 561/791/832 558/787/833
f 560/792/831 590/794/834 591/793/835 561/791/832
s 60
f 563/795/836 615/798/837 614/797/838 562/796/839
s 4
f 565/801/840 619/804/841 618/803/842 564/802/843
s 60
f 566/805/844 570/808/845 571/807/846 567/806/847
f 567/806/847 569/810/848 568/809/849 566/805/844
f 570/811/845 572/814/850 573/813/851 571/812/846
f 572/815/850 574/818/852 575/817/853 573/816/851
f 574/818/852 576/820/854 577/819/855 575/817/853
f 576/820/854 578/822/856 579/821/857 577/819/855
f 578/822/856 580/824/858 581/823/859 579/821/857
f 580/824/858 582/826/860 583/825/861 581/823/859
f 582/826/860 584/828/862 585/827/863 583/825/861
f 584/828/862 586/830/864 587/829/865 585/827/863
f 586/830/864 588/832/866 589/831/867 587/829/865
f 588/832/866 968/834/868 967/833/869 589/831/867
s 4
f 590/794/834 616/836/870 617/835/871 591/793/835
s 60
f 592/837/872 594/840/873 595/839/874 593/838/875
f 594/840/873 596/842/876 597/841/877 595/839/874
f 596/842/876 598/844/878 599/843/879 597/841/877
f 598/844/878 600/846/880 601/845/881 599/843/879
f 600/846/880 602/848/882 603/847/883 601/845/881
f 602/848/882 604/850/884 605/849/885 603/847/883
f 604/850/884 606/852/886 607/851/887 605/849/885
f 606/852/886 608/854/888 609/853/889 607/851/887
f 608/854/888 610/856/890 611/855/891 609/853/889
f 610/856/890 612/858/892 613/857/893 611/855/891
f 612/858/892 614/797/838 615/798/837 613/857/893
s 4
f 616/859/870 618/862/842 619/861/841 617/860/871
s 1
f 561/791/894 743/864/895 742/863/896 558/787/897
f 591/793/898 744/865/899 743/864/895 561/791/894
f 614/797/900 669/784/821 523/781/820 562/796/901
f 565/801/902 747/868/903 746/867/904 619/804/905
s 10
f 559/869/906 525/872/907 526/871/908 560/870/909
s 68
f 528/873/910 615/876/911 563/875/912 527/874/913
f 567/880/914 530/883/915 531/882/916 569/881/917
f 571/884/918 532/887/919 530/886/915 567/885/914
f 573/813/920 533/889/921 532/888/919 571/812/918
f 575/890/922 534/893/923 533/892/921 573/891/920
f 577/894/924 535/897/925 534/896/923 575/895/922
f 579/898/926 536/901/927 535/900/925 577/899/924
f 581/902/928 537/905/929 536/904/927 579/903/926
f 583/906/930 538/909/931 537/908/929 581/907/928
f 585/910/932 539/913/933 538/912/931 583/911/930
f 587/914/934 540/917/935 539/916/933 585/915/932
f 589/918/936 541/921/937 540/920/935 587/919/934
f 740/922/938 525/925/939 559/924/940 741/923/941
s 10
f 560/926/909 526/929/908 557/928/942 590/927/943
s 68
f 589/930/936 967/933/944 966/932/945 541/931/937
f 595/934/946 544/937/947 543/936/948 593/935/949
f 597/938/950 545/941/951 544/940/947 595/939/946
f 599/942/952 546/945/953 545/944/951 597/943/950
f 601/946/954 547/949/955 546/948/953 599/947/952
f 603/950/956 548/953/957 547/952/955 601/951/954
f 605/954/958 549/957/959 548/956/957 603/955/956
f 607/958/960 550/961/961 549/960/959 605/959/958
f 609/962/962 551/965/963 550/964/961 607/963/960
f 611/966/964 552/969/965 551/968/963 609/967/962
f 613/970/966 553/973/967 552/972/965 611/971/964
f 615/974/911 528/977/910 553/976/967 613/975/966
s 10
f 554/978/968 529/980/969 564/979/970 618/862/971
f 616/859/972 542/981/973 554/978/968 618/862/971
s 1
f 619/804/905 746/867/904 745/982/974 617/835/975
f 617/835/975 745/982/974 744/865/899 591/793/898
s 10
f 557/928/942 542/984/973 616/983/972 590/927/943
s 71
f 620/985/976 643/987/977 642/2112/978 621/986/979
s 72
f 621/2093/980 622/2095/981 623/989/982 620/988/983
f 622/2095/981 624/2097/984 625/990/985 623/989/982
f 624/2097/984 626/2099/986 627/991/987 625/990/985
f 626/2099/986 628/2101/988 629/992/989 627/991/987
f 628/2101/988 630/2103/990 631/993/991 629/992/989
f 630/2103/990 632/2105/992 633/994/993 631/993/991
f 632/2105/992 634/996/994 635/995/995 633/994/993
f 634/2107/994 636/2109/996 637/998/997 635/997/995
f 636/2109/996 638/2113/998 639/999/999 637/998/997
f 638/2113/998 644/2115/1000 645/1000/1001 639/999/999
s 71
f 640/1001/1002 671/1002/1003 670/2206/1004 641/2203/1005
f 641/2203/1005 642/2112/978 643/987/977 640/1001/1002
s 72
f 644/2115/1000 646/2129/1006 647/1003/1007 645/1000/1001
s 74
f 646/2129/1008 663/2202/1009 662/1004/1010 647/1003/1011
s 75
f 648/1005/1012 677/1007/1013 676/2140/1014 649/1006/1015
s 76
f 649/2117/1016 650/2119/1017 651/1009/1018 648/1008/1019
f 650/2119/1017 652/2121/1020 653/1010/1021 651/1009/1018
f 652/2121/1020 654/2123/1022 655/1011/1023 653/1010/1021
f 654/2123/1022 656/2125/1024 657/1012/1025 655/1011/1023
f 656/2125/1024 658/2127/1026 659/1013/1027 657/1012/1025
f 658/2127/1026 660/2131/1028 661/1014/1029 659/1013/1027
f 660/2131/1028 664/1016/1030 665/1015/1031 661/1014/1029
s 74
f 663/1017/1009 687/1020/1032 686/1019/1033 662/1018/1010
s 76
f 664/2133/1030 666/2137/1034 667/1022/1035 665/1021/1031
f 666/2137/1034 672/2141/1036 673/1023/1037 667/1022/1035
s 71
f 668/2135/1038 670/2206/1004 671/1002/1003 669/1024/1039
s 77
f 669/1025/1040 683/1027/1041 682/2145/1042 668/1026/1043
s 76
f 672/2141/1036 678/2143/1044 679/1028/1045 673/1023/1037
s 75
f 674/1029/1046 700/1032/1047 701/1031/1048 675/1030/1049
f 675/2199/1049 676/2140/1014 677/1007/1013 674/1033/1046
s 76
f 678/2143/1044 680/2153/1050 681/1034/1051 679/1028/1045
s 79
f 680/2153/1052 692/2198/1053 693/1035/1054 681/1034/1055
s 77
f 683/1027/1041 685/1036/1056 684/2147/1057 682/2145/1042
f 685/1036/1056 691/1037/1058 690/2151/1059 684/2147/1057
s 74
f 687/2207/1032 688/2150/1060 689/1039/1061 686/1038/1033
f 688/2150/1060 712/2171/1062 713/1040/1063 689/1039/1061
s 77
f 691/1037/1058 695/1041/1064 694/2155/1065 690/2151/1059
s 79
f 692/2198/1053 719/2211/1066 718/1042/1067 693/1035/1054
s 77
f 695/1041/1064 697/1043/1068 696/2157/1069 694/2155/1065
f 697/1043/1068 703/1044/1070 702/2161/1071 696/2157/1069
s 75
f 698/2159/1072 701/2210/1048 700/1046/1047 699/1045/1073
s 80
f 699/1047/1074 715/1049/1075 714/2173/1076 698/1048/1077
s 77
f 703/1044/1070 705/1050/1078 704/2163/1079 702/2161/1071
f 705/1051/1078 707/1053/1080 706/2165/1081 704/1052/1079
f 707/1053/1080 709/1054/1082 708/2167/1083 706/2165/1081
f 709/1054/1082 711/1055/1084 710/2169/1085 708/2167/1083
f 711/1055/1084 713/1040/1086 712/2171/1087 710/2169/1085
s 80
f 715/1049/1075 717/1056/1088 716/2175/1089 714/2173/1076
f 717/1056/1088 723/1057/1090 722/2179/1091 716/2175/1089
s 79
f 719/2211/1066 720/2178/1092 721/1058/1093 718/1042/1067
f 720/2178/1092 738/2195/1094 739/1059/1095 721/1058/1093
s 80
f 723/1057/1090 725/1060/1096 724/2181/1097 722/2179/1091
f 725/1060/1096 727/1061/1098 726/2183/1099 724/2181/1097
f 727/1061/1098 729/1062/1100 728/2185/1101 726/2183/1099
f 729/1062/1100 731/1063/1102 730/2187/1103 728/2185/1101
f 731/1064/1102 733/1066/1104 732/2189/1105 730/1065/1103
f 733/1067/1104 735/1068/1106 734/2191/1107 732/2189/1105
f 735/1069/1106 737/1070/1108 736/2193/1109 734/2191/1107
f 737/1070/1108 739/1059/1110 738/2195/1111 736/2193/1109
s 1
f 648/1088/1112 973/1091/1113 972/1090/1114 677/1089/1115
f 700/1032/1116 970/1101/1117 969/1100/1118 699/1099/1119
f 677/1089/1115 972/1090/1114 971/1102/1120 674/1029/1121
f 674/1029/1121 971/1102/1120 970/1101/1117 700/1032/1116
f 699/1099/1119 969/1100/1118 968/834/1122 588/832/1123
f 739/1103/1124 737/1104/1125 566/805/1126 568/809/1127
f 737/1104/1125 735/1105/1128 570/808/1129 566/805/1126
f 733/1106/1130 731/1107/1131 574/818/1132 572/815/1133
f 731/1107/1131 729/1108/1134 576/820/1135 574/818/1132
f 729/1108/1134 727/1109/1136 578/822/1137 576/820/1135
f 727/1109/1136 725/1110/1138 580/824/1139 578/822/1137
f 725/1110/1138 723/1111/1140 582/826/1141 580/824/1139
f 723/1111/1140 717/1112/1142 584/828/1143 582/826/1141
f 717/1112/1142 715/1113/1144 586/830/1145 584/828/1143
f 715/1113/1144 699/1099/1119 588/832/1123 586/830/1145
f 713/1114/1146 711/1115/1147 594/840/1148 592/837/1149
f 711/1115/1147 709/1116/1150 596/842/1151 594/840/1148
f 709/1116/1150 707/1117/1152 598/844/1153 596/842/1151
f 707/1117/1152 705/1118/1154 600/846/1155 598/844/1153
f 705/1118/1154 703/1119/1156 602/848/1157 600/846/1155
f 703/1119/1156 697/1120/1158 604/850/1159 602/848/1157
f 697/1120/1158 695/1121/1160 606/852/1161 604/850/1159
f 695/1121/1160 691/1122/1162 608/854/1163 606/852/1161
f 691/1122/1162 685/1123/1164 610/856/1165 608/854/1163
f 685/1123/1164 683/1124/1166 612/858/1167 610/856/1165
f 683/1124/1166 669/784/821 614/797/900 612/858/1167
f 735/1125/1128 733/1128/1130 572/1127/1133 570/1126/1129
s 68
f 569/1129/917 531/1130/916 740/922/938 741/923/941
s 60
f 742/790/827 568/1131/849 569/1129/848 741/789/828
s 1
f 743/864/895 739/1103/1124 568/809/1127 742/863/896
f 744/865/899 721/1132/1168 739/1103/1124 743/864/895
f 745/982/974 718/1133/1169 721/1132/1168 744/865/899
f 746/867/904 693/1134/1170 718/1133/1169 745/982/974
f 747/868/903 681/1135/1171 693/1134/1170 746/867/904
f 555/1138/816 522/1141/819 838/1140/1172 861/1139/1173
f 523/1142/820 556/1145/823 889/1144/1174 887/1143/1175
f 524/1146/824 555/1138/816 861/1139/1173 858/1147/1176
f 556/1145/823 524/1146/824 858/1147/1176 889/1144/1174
s 60
f 778/1148/1177 779/1151/1178 959/1150/1179 960/1149/1180
s 29
f 779/1151/1181 778/1148/1182 781/1153/1183 780/1152/1184
f 780/1152/1184 781/1153/1183 809/1155/1185 808/1154/1186
s 60
f 563/1156/836 562/1159/839 832/1158/1187 833/1157/1188
s 29
f 783/1162/1189 782/1165/1190 836/1164/1191 837/1163/1192
s 60
f 784/1166/1193 785/1169/1194 789/1168/1195 788/1167/1196
f 785/1169/1194 784/1166/1193 786/1171/1197 787/1170/1198
f 788/1172/1196 789/1175/1195 791/1174/1199 790/1173/1200
f 790/1176/1200 791/1179/1199 793/1178/1201 792/1177/1202
f 792/1177/1202 793/1178/1201 795/1181/1203 794/1180/1204
f 794/1180/1204 795/1181/1203 797/1183/1205 796/1182/1206
f 796/1182/1206 797/1183/1205 799/1185/1207 798/1184/1208
f 798/1184/1208 799/1185/1207 801/1187/1209 800/1186/1210
f 800/1186/1210 801/1187/1209 803/1189/1211 802/1188/1212
f 802/1188/1212 803/1189/1211 805/1191/1213 804/1190/1214
f 804/1190/1214 805/1191/1213 807/1193/1215 806/1192/1216
f 806/1192/1216 807/1193/1215 980/1195/1217 979/1194/1218
s 29
f 808/1154/1186 809/1155/1185 835/1197/1219 834/1196/1220
s 60
f 810/1198/1221 811/1201/1222 813/1200/1223 812/1199/1224
f 812/1199/1224 813/1200/1223 815/1203/1225 814/1202/1226
f 814/1202/1226 815/1203/1225 817/1205/1227 816/1204/1228
f 816/1204/1228 817/1205/1227 819/1207/1229 818/1206/1230
f 818/1206/1230 819/1207/1229 821/1209/1231 820/1208/1232
f 820/1208/1232 821/1209/1231 823/1211/1233 822/1210/1234
f 822/1210/1234 823/1211/1233 825/1213/1235 824/1212/1236
f 824/1212/1236 825/1213/1235 827/1215/1237 826/1214/1238
f 826/1214/1238 827/1215/1237 829/1217/1239 828/1216/1240
f 828/1216/1240 829/1217/1239 831/1219/1241 830/1218/1242
f 830/1218/1242 831/1219/1241 833/1157/1188 832/1158/1187
s 29
f 834/1220/1220 835/1223/1219 837/1222/1192 836/1221/1191
s 1
f 781/1153/1243 778/1148/1244 960/1225/1245 961/1224/1246
f 809/1155/1247 781/1153/1243 961/1224/1246 962/1226/1248
f 832/1158/1249 562/1159/901 523/1142/820 887/1143/1175
f 783/1162/1250 837/1163/1251 964/1229/1252 965/1228/1253
s 35
f 779/1230/1254 780/1233/1255 749/1232/1256 748/1231/1257
s 68
f 750/1234/1258 527/1237/913 563/1236/912 833/1235/1259
f 785/1241/1260 787/1244/1261 753/1243/1262 752/1242/1263
f 789/1245/1264 785/1248/1260 752/1247/1263 754/1246/1265
f 791/1174/1266 789/1175/1264 754/1250/1265 755/1249/1267
f 793/1251/1268 791/1254/1266 755/1253/1267 756/1252/1269
f 795/1255/1270 793/1258/1268 756/1257/1269 757/1256/1271
f 797/1259/1272 795/1262/1270 757/1261/1271 758/1260/1273
f 799/1263/1274 797/1266/1272 758/1265/1273 759/1264/1275
f 801/1267/1276 799/1270/1274 759/1269/1275 760/1268/1277
f 803/1271/1278 801/1274/1276 760/1273/1277 761/1272/1279
f 805/1275/1280 803/1278/1278 761/1277/1279 762/1276/1281
f 807/1279/1282 805/1282/1280 762/1281/1281 763/1280/1283
f 958/1283/1284 959/1286/1285 779/1285/1286 748/1284/1287
s 35
f 780/1287/1255 808/1290/1288 777/1289/1289 749/1288/1256
s 68
f 807/1291/1282 763/1294/1283 981/1293/1290 980/1292/1291
f 813/1295/1292 811/1298/1293 765/1297/1294 766/1296/1295
f 815/1299/1296 813/1302/1292 766/1301/1295 767/1300/1297
f 817/1303/1298 815/1306/1296 767/1305/1297 768/1304/1299
f 819/1307/1300 817/1310/1298 768/1309/1299 769/1308/1301
f 821/1311/1302 819/1314/1300 769/1313/1301 770/1312/1303
f 823/1315/1304 821/1318/1302 770/1317/1303 771/1316/1305
f 825/1319/1306 823/1322/1304 771/1321/1305 772/1320/1307
f 827/1323/1308 825/1326/1306 772/1325/1307 773/1324/1309
f 829/1327/1310 827/1330/1308 773/1329/1309 774/1328/1311
f 831/1331/1312 829/1334/1310 774/1333/1311 775/1332/1313
f 833/1335/1259 831/1338/1312 775/1337/1313 750/1336/1258
s 35
f 776/1339/1314 836/1221/1315 782/1341/1316 751/1340/1317
f 834/1220/1318 836/1221/1315 776/1339/1314 764/1342/1319
s 1
f 837/1163/1251 835/1197/1320 963/1343/1321 964/1229/1252
f 835/1197/1320 809/1155/1247 962/1226/1248 963/1343/1321
s 35
f 777/1289/1289 808/1290/1288 834/1345/1318 764/1344/1319
s 93
f 838/1346/1322 839/2232/1323 860/2323/1324 861/1347/1325
s 94
f 839/1348/1326 838/1350/1327 841/1349/1328 840/2213/1329
f 840/2213/1329 841/1349/1328 843/1351/1330 842/2215/1331
f 842/2215/1331 843/1351/1330 845/1352/1332 844/2217/1333
f 844/2217/1333 845/1352/1332 847/1353/1334 846/2219/1335
f 846/2219/1335 847/1353/1334 849/1354/1336 848/2221/1337
f 848/2221/1337 849/1354/1336 851/1355/1338 850/2223/1339
f 850/2223/1339 851/1355/1338 853/1356/1340 852/2225/1341
f 852/1357/1341 853/1359/1340 855/1358/1342 854/2227/1343
f 854/2227/1343 855/1358/1342 857/1360/1344 856/2229/1345
f 856/2229/1345 857/1360/1344 863/1361/1346 862/2233/1347
s 93
f 858/1362/1348 859/2326/1349 888/2255/1350 889/1363/1351
f 859/2326/1349 858/1362/1348 861/1347/1325 860/2323/1324
s 94
f 862/2233/1347 863/1361/1346 865/1364/1352 864/2235/1353
s 95
f 864/2235/1354 865/1364/1355 880/1365/1356 881/2249/1357
s 96
f 866/1366/1358 867/2260/1359 894/2319/1360 895/1367/1361
s 97
f 867/1368/1362 866/1370/1363 869/1369/1364 868/2237/1365
f 868/2237/1365 869/1369/1364 871/1371/1366 870/2239/1367
f 870/2239/1367 871/1371/1366 873/1372/1368 872/2241/1369
f 872/2241/1369 873/1372/1368 875/1373/1370 874/2243/1371
f 874/2243/1371 875/1373/1370 877/1374/1372 876/2245/1373
f 876/2245/1373 877/1374/1372 879/1375/1374 878/2247/1375
f 878/2247/1375 879/1375/1374 883/1376/1376 882/2251/1377
s 95
f 881/1377/1357 880/1380/1356 904/1379/1378 905/1378/1379
s 97
f 882/1381/1377 883/1383/1376 885/1382/1380 884/2253/1381
f 884/2253/1381 885/1382/1380 891/1384/1382 890/2257/1383
s 93
f 886/1385/1384 887/1386/1385 889/1363/1351 888/2255/1350
s 98
f 887/1387/1386 886/2265/1387 900/2267/1388 901/1388/1389
s 97
f 890/2257/1383 891/1384/1382 897/1389/1390 896/2261/1391
s 96
f 892/1390/1392 893/1393/1393 919/1392/1394 918/1391/1395
f 893/2330/1393 892/1394/1392 895/1367/1361 894/2319/1360
s 97
f 896/2261/1391 897/1389/1390 899/1395/1396 898/2263/1397
s 99
f 898/2263/1398 899/1395/1399 911/1396/1400 910/2273/1401
s 98
f 901/1388/1389 900/2267/1388 902/2271/1402 903/1397/1403
f 903/1397/1403 902/2271/1402 908/2275/1404 909/1398/1405
s 95
f 905/2322/1379 904/1400/1378 907/1399/1406 906/2327/1407
f 906/2327/1407 907/1399/1406 931/1401/1408 930/2270/1409
s 98
f 909/1398/1405 908/2275/1404 912/2277/1410 913/1402/1411
s 99
f 910/2273/1401 911/1396/1400 936/1403/1412 937/2318/1413
s 98
f 913/1402/1411 912/2277/1410 914/2281/1414 915/1404/1415
f 915/1404/1415 914/2281/1414 920/2283/1416 921/1405/1417
s 96
f 916/1406/1418 917/1408/1419 918/1407/1395 919/2279/1394
s 100
f 917/1409/1420 916/2293/1421 932/2295/1422 933/1410/1423
s 98
f 921/1405/1417 920/2283/1416 922/1412/1424 923/1411/1425
f 923/1413/1425 922/2285/1424 924/2287/1426 925/1414/1427
f 925/1414/1427 924/2287/1426 926/2289/1428 927/1415/1429
f 927/1415/1429 926/2289/1428 928/2291/1430 929/1416/1431
f 929/1416/1431 928/2291/1430 930/2270/1432 931/1401/1433
s 100
f 933/1410/1423 932/2295/1422 934/2299/1434 935/1417/1435
f 935/1417/1435 934/2299/1434 940/2301/1436 941/1418/1437
s 99
f 937/2318/1413 936/1403/1412 939/1419/1438 938/2331/1439
f 938/2331/1439 939/1419/1438 957/1420/1440 956/2298/1441
s 100
f 941/1418/1437 940/2301/1436 942/2303/1442 943/1421/1443
f 943/1421/1443 942/2303/1442 944/2305/1444 945/1422/1445
f 945/1422/1445 944/2305/1444 946/2307/1446 947/1423/1447
f 947/1423/1447 946/2307/1446 948/1425/1448 949/1424/1449
f 949/1426/1449 948/2309/1448 950/2311/1450 951/1427/1451
f 951/1428/1451 950/2311/1450 952/2313/1452 953/1429/1453
f 953/1430/1453 952/2313/1452 954/2315/1454 955/1431/1455
f 955/1431/1455 954/2315/1454 956/2298/1456 957/1420/1457
s 1
f 866/1449/1458 895/1452/1459 975/1451/1460 974/1450/1461
f 918/1391/1462 917/1462/1463 978/1461/1464 977/1460/1465
f 895/1452/1459 892/1390/1466 976/1463/1467 975/1451/1460
f 892/1390/1466 918/1391/1462 977/1460/1465 976/1463/1467
f 917/1462/1463 806/1192/1468 979/1194/1469 978/1461/1464
f 957/1464/1470 786/1171/1471 784/1166/1472 955/1465/1473
f 955/1465/1473 784/1166/1472 788/1167/1474 953/1466/1475
f 951/1467/1476 790/1176/1477 792/1177/1478 949/1468/1479
f 949/1468/1479 792/1177/1478 794/1180/1480 947/1469/1481
f 947/1469/1481 794/1180/1480 796/1182/1482 945/1470/1483
f 945/1470/1483 796/1182/1482 798/1184/1484 943/1471/1485
f 943/1471/1485 798/1184/1484 800/1186/1486 941/1472/1487
f 941/1472/1487 800/1186/1486 802/1188/1488 935/1473/1489
f 935/1473/1489 802/1188/1488 804/1190/1490 933/1474/1491
f 933/1474/1491 804/1190/1490 806/1192/1468 917/1462/1463
f 931/1475/1492 810/1198/1493 812/1199/1494 929/1476/1495
f 929/1476/1495 812/1199/1494 814/1202/1496 927/1477/1497
f 927/1477/1497 814/1202/1496 816/1204/1498 925/1478/1499
f 925/1478/1499 816/1204/1498 818/1206/1500 923/1479/1501
f 923/1479/1501 818/1206/1500 820/1208/1502 921/1480/1503
f 921/1480/1503 820/1208/1502 822/1210/1504 915/1481/1505
f 915/1481/1505 822/1210/1504 824/1212/1506 913/1482/1507
f 913/1482/1507 824/1212/1506 826/1214/1508 909/1483/1509
f 909/1483/1509 826/1214/1508 828/1216/1510 903/1484/1511
f 903/1484/1511 828/1216/1510 830/1218/1512 901/1485/1513
f 901/1485/1513 830/1218/1512 832/1158/1249 887/1143/1175
f 953/1486/1475 788/1489/1474 790/1488/1477 951/1487/1476
s 68
f 787/1490/1261 959/1286/1285 958/1283/1284 753/1491/1262
s 60
f 960/1149/1180 959/1150/1179 787/1490/1198 786/1492/1197
s 1
f 961/1224/1246 960/1225/1245 786/1171/1471 957/1464/1470
f 962/1226/1248 961/1224/1246 957/1464/1470 939/1493/1514
f 963/1343/1321 962/1226/1248 939/1493/1514 936/1494/1515
f 964/1229/1252 963/1343/1321 936/1494/1515 911/1495/1516
f 965/1228/1253 964/1229/1252 911/1495/1516 899/1496/1517
s 68
f 967/933/944 593/1498/949 543/1497/948 966/932/945
s 60
f 968/834/868 592/837/872 593/838/875 967/833/869
s 1
f 969/1100/1118 713/1114/1146 592/837/1149 968/834/1122
f 970/1101/1117 689/1499/1518 713/1114/1146 969/1100/1118
f 971/1102/1120 686/1019/1519 689/1499/1518 970/1101/1117
f 972/1090/1114 662/1018/1520 686/1019/1519 971/1102/1120
f 973/1091/1113 647/1500/1521 662/1018/1520 972/1090/1114
f 975/1451/1460 880/1380/1522 865/1501/1523 974/1450/1461
f 976/1463/1467 904/1379/1524 880/1380/1522 975/1451/1460
f 977/1460/1465 907/1502/1525 904/1379/1524 976/1463/1467
f 978/1461/1464 931/1475/1492 907/1502/1525 977/1460/1465
f 979/1194/1469 810/1198/1493 931/1475/1492 978/1461/1464
s 60
f 980/1195/1217 811/1201/1222 810/1198/1221 979/1194/1218
s 68
f 981/1293/1290 765/1504/1294 811/1503/1293 980/1292/1291
s 10
f 70/878/105 564/1505/970 529/1506/969 520/877/107 34/879/106
s 4
f 69/799/27 565/801/840 564/802/843 70/800/28
s 1
f 255/866/91 747/868/903 565/801/902 69/799/92
f 27/1097/352 681/1135/1171 747/868/903 255/866/91
f 9/1080/324 679/1507/1526 681/1135/1171 27/1097/352
f 8/1079/322 673/1508/1527 679/1507/1526 9/1080/324
f 7/1078/320 667/1509/1528 673/1508/1527 8/1079/322
f 6/1076/315 665/1510/1529 667/1509/1528 7/1078/320
f 4/1075/314 661/1511/1530 665/1510/1529 6/1076/315
f 5/1077/318 659/1512/1531 661/1511/1530 4/1075/314
f 10/1081/326 657/1513/1532 659/1512/1531 5/1077/318
f 11/1082/328 655/1514/1533 657/1513/1532 10/1081/326
f 12/1083/330 653/1515/1534 655/1514/1533 11/1082/328
f 13/1084/332 651/1516/1535 653/1515/1534 12/1083/330
f 26/1092/345 648/1088/1112 651/1516/1535 13/1084/332
f 510/1093/344 973/1091/1113 648/1088/1112 26/1092/345
f 25/1098/354 647/1500/1521 973/1091/1113 510/1093/344
f 18/1085/335 645/1517/1536 647/1500/1521 25/1098/354
f 17/1086/334 639/1518/1537 645/1517/1536 18/1085/335
f 16/1087/338 637/1519/1538 639/1518/1537 17/1086/334
f 14/1073/311 635/1520/1539 637/1519/1538 16/1087/338
f 2/1074/310 633/1521/1540 635/1520/1539 14/1073/311
f 3/1072/307 631/1522/1541 633/1521/1540 2/1074/310
f 15/1071/306 629/1523/1542 631/1522/1541 3/1072/307
f 19/1095/348 627/1524/1543 629/1523/1542 15/1071/306
f 20/1096/350 625/1525/1544 627/1524/1543 19/1095/348
f 21/1094/346 623/1526/1545 625/1525/1544 20/1096/350
f 22/776/2 620/779/818 623/1526/1545 21/1094/346
f 1/775/1 522/778/819 620/779/818 22/776/2
f 276/1136/411 838/1140/1172 522/1141/819 1/1137/1
f 275/1455/745 841/1527/1546 838/1140/1172 276/1136/411
f 274/1457/749 843/1528/1547 841/1527/1546 275/1455/745
f 273/1456/747 845/1529/1548 843/1528/1547 274/1457/749
f 269/1433/706 847/1530/1549 845/1529/1548 273/1456/747
f 257/1432/705 849/1531/1550 847/1530/1549 269/1433/706
f 256/1435/710 851/1532/1551 849/1531/1550 257/1432/705
f 268/1434/709 853/1533/1552 851/1532/1551 256/1435/710
f 270/1448/737 855/1534/1553 853/1533/1552 268/1434/709
f 271/1447/734 857/1535/1554 855/1534/1553 270/1448/737
f 272/1446/733 863/1536/1555 857/1535/1554 271/1447/734
f 277/1459/753 865/1501/1523 863/1536/1555 272/1446/733
f 511/1454/744 974/1450/1461 865/1501/1523 277/1459/753
f 278/1453/743 866/1449/1458 974/1450/1461 511/1454/744
f 267/1445/731 869/1537/1556 866/1449/1458 278/1453/743
f 266/1444/729 871/1538/1557 869/1537/1556 267/1445/731
f 265/1443/727 873/1539/1558 871/1538/1557 266/1444/729
f 264/1442/725 875/1540/1559 873/1539/1558 265/1443/727
f 259/1438/717 877/1541/1560 875/1540/1559 264/1442/725
f 258/1437/714 879/1542/1561 877/1541/1560 259/1438/717
f 260/1436/713 883/1543/1562 879/1542/1561 258/1437/714
f 261/1439/719 885/1544/1563 883/1543/1562 260/1436/713
f 262/1440/721 891/1545/1564 885/1544/1563 261/1439/719
f 263/1441/723 897/1546/1565 891/1545/1564 262/1440/721
f 279/1458/751 899/1496/1517 897/1546/1565 263/1441/723
f 501/1227/493 965/1228/1253 899/1496/1517 279/1458/751
f 315/1160/492 783/1162/1250 965/1228/1253 501/1227/493
s 29
f 316/1161/429 782/1165/1190 783/1162/1189 315/1160/430
s 35
f 521/1238/504 751/1548/1317 782/1547/1316 316/1240/506 284/1239/505
s 103
f 1222/1856/1566 1223/1549/1567 1225/1550/1568 1224/1854/1569
f 1223/1549/1567 1222/1856/1566 1226/1858/1570 1227/1551/1571
s 104
f 1224/1552/1572 1225/1553/1573 1229/1555/1574 1228/1871/1575
s 103
f 1227/1551/1571 1226/1858/1570 1230/1860/1576 1231/1554/1577
s 104
f 1228/1871/1575 1229/1555/1574 1243/1564/1578 1242/1964/1579
s 103
f 1231/1554/1577 1230/1860/1576 1232/1862/1580 1233/1556/1581
f 1233/1556/1581 1232/1862/1580 1234/1864/1582 1235/1557/1583
f 1235/1557/1583 1234/1864/1582 1236/1866/1584 1237/1558/1585
f 1237/1558/1585 1236/1866/1584 1238/1559/1586 1239/1560/1587
f 1239/1561/1587 1238/1868/1586 1240/1870/1588 1241/1562/1589
f 1241/1562/1589 1240/1870/1588 1246/1874/1590 1247/1563/1591
s 104
f 1242/1964/1579 1243/1564/1578 1245/1565/1592 1244/1965/1593
f 1244/1965/1593 1245/1565/1592 1277/1566/1594 1276/1896/1595
s 103
f 1247/1563/1591 1246/1874/1590 1248/1876/1596 1249/1567/1597
f 1249/1567/1597 1248/1876/1596 1250/1890/1598 1251/1568/1599
s 105
f 1251/1568/1600 1250/1890/1601 1252/1961/1602 1253/1569/1603
f 1253/1569/1603 1252/1961/1602 1264/1968/1604 1265/1570/1605
s 106
f 1254/1880/1606 1255/1571/1607 1257/1572/1608 1256/1878/1609
f 1255/1571/1607 1254/1880/1606 1258/1882/1610 1259/1573/1611
s 107
f 1256/1574/1612 1257/1575/1613 1261/1577/1614 1260/1899/1615
s 106
f 1259/1573/1611 1258/1882/1610 1262/1884/1616 1263/1576/1617
s 107
f 1260/1899/1615 1261/1577/1614 1283/1591/1618 1282/1960/1619
s 106
f 1263/1576/1617 1262/1884/1616 1266/1886/1620 1267/1578/1621
s 105
f 1265/1570/1605 1264/1968/1604 1312/1909/1622 1313/1579/1623
s 106
f 1267/1578/1621 1266/1886/1620 1268/1888/1624 1269/1580/1625
f 1269/1580/1625 1268/1888/1624 1270/1892/1626 1271/1581/1627
f 1271/1581/1627 1270/1892/1626 1272/1582/1628 1273/1583/1629
f 1273/1584/1629 1272/1894/1628 1274/1898/1630 1275/1585/1631
f 1275/1585/1631 1274/1898/1630 1286/1902/1632 1287/1586/1633
s 108
f 1276/1587/1634 1277/1588/1635 1279/1589/1636 1278/1906/1637
f 1278/1906/1637 1279/1589/1636 1281/1590/1638 1280/1908/1639
f 1280/1908/1639 1281/1590/1638 1289/1595/1640 1288/1912/1641
s 107
f 1282/1960/1619 1283/1591/1618 1285/1592/1642 1284/1969/1643
f 1284/1969/1643 1285/1592/1642 1317/1593/1644 1316/1920/1645
s 106
f 1287/1586/1633 1286/1902/1632 1290/1904/1646 1291/1594/1647
s 108
f 1288/1912/1641 1289/1595/1640 1293/1597/1648 1292/1916/1649
s 106
f 1291/1594/1647 1290/1904/1646 1294/1914/1650 1295/1596/1651
s 108
f 1292/1916/1649 1293/1597/1648 1297/1599/1652 1296/1918/1653
s 109
f 1295/1596/1654 1294/1914/1655 1298/1957/1656 1299/1598/1657
s 108
f 1296/1918/1653 1297/1599/1652 1301/1601/1658 1300/1922/1659
s 109
f 1299/1598/1657 1298/1957/1656 1314/1972/1660 1315/1600/1661
s 108
f 1300/1922/1659 1301/1601/1658 1303/1602/1662 1302/1924/1663
f 1302/1603/1663 1303/1604/1662 1305/1605/1664 1304/1926/1665
f 1304/1926/1665 1305/1605/1664 1307/1606/1666 1306/1928/1667
f 1306/1928/1667 1307/1606/1666 1309/1607/1668 1308/1930/1669
f 1308/1930/1669 1309/1607/1668 1311/1608/1670 1310/1932/1671
s 105
f 1310/1932/1672 1311/1608/1673 1313/1579/1623 1312/1909/1622
s 109
f 1315/1600/1661 1314/1972/1660 1340/1937/1674 1341/1609/1675
s 110
f 1316/1610/1676 1317/1611/1677 1319/1612/1678 1318/1934/1679
f 1318/1934/1679 1319/1612/1678 1321/1613/1680 1320/1936/1681
f 1320/1936/1681 1321/1613/1680 1323/1614/1682 1322/1940/1683
f 1322/1940/1683 1323/1614/1682 1325/1615/1684 1324/1942/1685
f 1324/1942/1685 1325/1615/1684 1327/1616/1686 1326/1944/1687
f 1326/1944/1687 1327/1616/1686 1329/1617/1688 1328/1946/1689
f 1328/1946/1689 1329/1617/1688 1331/1618/1690 1330/1948/1691
f 1330/1619/1691 1331/1620/1690 1333/1621/1692 1332/1950/1693
f 1332/1950/1693 1333/1621/1692 1335/1622/1694 1334/1952/1695
f 1334/1952/1695 1335/1622/1694 1337/1623/1696 1336/1954/1697
f 1336/1954/1697 1337/1623/1696 1339/1624/1698 1338/1956/1699
s 109
f 1338/1956/1700 1339/1624/1701 1341/1609/1675 1340/1937/1674
s 111
f 1342/1974/1702 1343/1625/1703 1345/1628/1704 1344/1976/1705
f 1343/1625/1703 1342/1974/1702 1346/1626/1706 1347/1627/1707
f 1344/1976/1705 1345/1628/1704 1353/1633/1708 1352/1978/1709
s 112
f 1347/1629/1710 1346/1991/1711 1348/2084/1712 1349/1630/1713
f 1349/1630/1713 1348/2084/1712 1350/2085/1714 1351/1631/1715
f 1351/1631/1715 1350/2085/1714 1376/2016/1716 1377/1632/1717
s 111
f 1352/1978/1709 1353/1633/1708 1355/1634/1718 1354/1980/1719
f 1354/1980/1719 1355/1634/1718 1357/1635/1720 1356/1982/1721
f 1356/1982/1721 1357/1635/1720 1359/1636/1722 1358/1984/1723
f 1358/1984/1723 1359/1636/1722 1361/1637/1724 1360/1986/1725
f 1360/1638/1725 1361/1639/1724 1363/1640/1726 1362/1988/1727
f 1362/1988/1727 1363/1640/1726 1365/1641/1728 1364/1990/1729
f 1364/1990/1729 1365/1641/1728 1367/1642/1730 1366/1994/1731
f 1366/1994/1731 1367/1642/1730 1369/1643/1732 1368/1996/1733
s 113
f 1368/1996/1734 1369/1643/1735 1371/1644/1736 1370/2010/1737
f 1370/2010/1737 1371/1644/1736 1373/1645/1738 1372/2081/1739
f 1372/2081/1739 1373/1645/1738 1429/1681/1740 1428/2088/1741
s 112
f 1374/1646/1742 1375/1647/1743 1377/1632/1717 1376/2016/1716
s 114
f 1375/1648/1744 1374/2026/1745 1378/2028/1746 1379/1649/1747
f 1379/1649/1747 1378/2028/1746 1380/2032/1748 1381/1650/1749
f 1381/1650/1749 1380/2032/1748 1394/2036/1750 1395/1651/1751
s 115
f 1382/1998/1752 1383/1652/1753 1385/1655/1754 1384/2000/1755
f 1383/1652/1753 1382/1998/1752 1386/1653/1756 1387/1654/1757
f 1384/2000/1755 1385/1655/1754 1393/1660/1758 1392/2002/1759
s 116
f 1387/1656/1760 1386/2019/1761 1388/2080/1762 1389/1657/1763
f 1389/1657/1763 1388/2080/1762 1390/2089/1764 1391/1658/1765
f 1391/1658/1765 1390/2089/1764 1436/2040/1766 1437/1659/1767
s 115
f 1392/2002/1759 1393/1660/1758 1397/1662/1768 1396/2004/1769
s 114
f 1395/1651/1751 1394/2036/1750 1400/2038/1770 1401/1661/1771
s 115
f 1396/2004/1769 1397/1662/1768 1399/1663/1772 1398/2006/1773
f 1398/2006/1773 1399/1663/1772 1403/1665/1774 1402/2008/1775
s 114
f 1401/1661/1771 1400/2038/1770 1404/2042/1776 1405/1664/1777
s 115
f 1402/2008/1775 1403/1665/1774 1407/1666/1778 1406/2012/1779
s 114
f 1405/1664/1777 1404/2042/1776 1408/2044/1780 1409/1667/1781
s 115
f 1406/1668/1779 1407/1669/1778 1411/1672/1782 1410/2014/1783
s 114
f 1409/1667/1781 1408/2044/1780 1412/1670/1784 1413/1671/1785
s 115
f 1410/2014/1783 1411/1672/1782 1415/1675/1786 1414/2018/1787
s 114
f 1413/1673/1785 1412/2046/1784 1416/2048/1788 1417/1674/1789
s 115
f 1414/2018/1787 1415/1675/1786 1419/1677/1790 1418/2022/1791
s 114
f 1417/1674/1789 1416/2048/1788 1420/2050/1792 1421/1676/1793
s 115
f 1418/2022/1791 1419/1677/1790 1425/1680/1794 1424/2024/1795
s 114
f 1421/1676/1793 1420/2050/1792 1422/2052/1796 1423/1678/1797
f 1423/1678/1797 1422/2052/1796 1426/2029/1798 1427/1679/1799
s 117
f 1424/2024/1800 1425/1680/1801 1431/1682/1802 1430/2034/1803
s 113
f 1427/1679/1804 1426/2029/1805 1428/2088/1741 1429/1681/1740
s 117
f 1430/2034/1803 1431/1682/1802 1433/1683/1806 1432/2077/1807
f 1432/2077/1807 1433/1683/1806 1461/1700/1808 1460/2092/1809
s 116
f 1434/1684/1810 1435/1685/1811 1437/1659/1767 1436/2040/1766
s 118
f 1435/1686/1812 1434/2054/1813 1438/2056/1814 1439/1687/1815
f 1439/1687/1815 1438/2056/1814 1440/2060/1816 1441/1688/1817
f 1441/1688/1817 1440/2060/1816 1442/2062/1818 1443/1689/1819
f 1443/1689/1819 1442/2062/1818 1444/2064/1820 1445/1690/1821
f 1445/1690/1821 1444/2064/1820 1446/2066/1822 1447/1691/1823
f 1447/1691/1823 1446/2066/1822 1448/2068/1824 1449/1692/1825
f 1449/1692/1825 1448/2068/1824 1450/1693/1826 1451/1694/1827
f 1451/1695/1827 1450/2070/1826 1452/2072/1828 1453/1696/1829
f 1453/1696/1829 1452/2072/1828 1454/2074/1830 1455/1697/1831
f 1455/1697/1831 1454/2074/1830 1456/2076/1832 1457/1698/1833
f 1457/1698/1833 1456/2076/1832 1458/2057/1834 1459/1699/1835
s 117
f 1459/1699/1836 1458/2057/1837 1460/2092/1809 1461/1700/1808
s 119
f 1462/2094/1838 1463/1701/1839 1467/1706/1840 1466/2096/1841
f 1463/1701/1839 1462/2094/1838 1464/1702/1842 1465/1703/1843
s 120
f 1465/1704/1844 1464/2111/1845 1468/2204/1846 1469/1705/1847
s 119
f 1466/2096/1841 1467/1706/1840 1471/1708/1848 1470/2098/1849
s 120
f 1469/1705/1847 1468/2204/1846 1482/2205/1850 1483/1707/1851
s 119
f 1470/2098/1849 1471/1708/1848 1473/1709/1852 1472/2100/1853
f 1472/2100/1853 1473/1709/1852 1475/1710/1854 1474/2102/1855
f 1474/2102/1855 1475/1710/1854 1477/1711/1856 1476/2104/1857
f 1476/2104/1857 1477/1711/1856 1479/1712/1858 1478/2106/1859
f 1478/1713/1859 1479/1714/1858 1481/1715/1860 1480/2108/1861
f 1480/2108/1861 1481/1715/1860 1487/1719/1862 1486/2110/1863
s 120
f 1483/1707/1851 1482/2205/1850 1484/2136/1864 1485/1716/1865
f 1485/1716/1865 1484/2136/1864 1516/1717/1866 1517/1718/1867
s 119
f 1486/2110/1863 1487/1719/1862 1489/1720/1868 1488/2114/1869
f 1488/2114/1869 1489/1720/1868 1491/1721/1870 1490/2116/1871
s 121
f 1490/2116/1872 1491/1721/1873 1493/1722/1874 1492/2130/1875
f 1492/2130/1875 1493/1722/1874 1505/1731/1876 1504/2201/1877
s 122
f 1494/2118/1878 1495/1723/1879 1499/1728/1880 1498/2120/1881
f 1495/1723/1879 1494/2118/1878 1496/1724/1882 1497/1725/1883
s 123
f 1497/1726/1884 1496/2139/1885 1500/2200/1886 1501/1727/1887
s 122
f 1498/2120/1881 1499/1728/1880 1503/1730/1888 1502/2122/1889
s 123
f 1501/1727/1887 1500/2200/1886 1522/2209/1890 1523/1729/1891
s 122
f 1502/2122/1889 1503/1730/1888 1507/1732/1892 1506/2124/1893
s 121
f 1504/2201/1877 1505/1731/1876 1553/1760/1894 1552/2208/1895
s 122
f 1506/2124/1893 1507/1732/1892 1509/1733/1896 1508/2126/1897
f 1508/2126/1897 1509/1733/1896 1511/1734/1898 1510/2128/1899
f 1510/2128/1899 1511/1734/1898 1513/1735/1900 1512/2132/1901
f 1512/1736/1901 1513/1737/1900 1515/1738/1902 1514/2134/1903
f 1514/2134/1903 1515/1738/1902 1527/1746/1904 1526/2138/1905
s 124
f 1517/1739/1906 1516/2146/1907 1518/2148/1908 1519/1740/1909
f 1519/1740/1909 1518/2148/1908 1520/2152/1910 1521/1741/1911
f 1521/1741/1911 1520/2152/1910 1528/2156/1912 1529/1742/1913
s 123
f 1523/1729/1891 1522/2209/1890 1524/2160/1914 1525/1743/1915
f 1525/1743/1915 1524/2160/1914 1556/1744/1916 1557/1745/1917
s 122
f 1526/2138/1905 1527/1746/1904 1531/1748/1918 1530/2142/1919
s 124
f 1529/1742/1913 1528/2156/1912 1532/2158/1920 1533/1747/1921
s 122
f 1530/2142/1919 1531/1748/1918 1535/1750/1922 1534/2144/1923
s 124
f 1533/1747/1921 1532/2158/1920 1536/2162/1924 1537/1749/1925
s 125
f 1534/2144/1926 1535/1750/1927 1539/1752/1928 1538/2154/1929
s 124
f 1537/1749/1925 1536/2162/1924 1540/2164/1930 1541/1751/1931
s 125
f 1538/2154/1929 1539/1752/1928 1555/1761/1932 1554/2197/1933
s 124
f 1541/1751/1931 1540/2164/1930 1542/1753/1934 1543/1754/1935
f 1543/1755/1935 1542/2166/1934 1544/2168/1936 1545/1756/1937
f 1545/1756/1937 1544/2168/1936 1546/2170/1938 1547/1757/1939
f 1547/1757/1939 1546/2170/1938 1548/2172/1940 1549/1758/1941
f 1549/1758/1941 1548/2172/1940 1550/2149/1942 1551/1759/1943
s 121
f 1551/1759/1944 1550/2149/1945 1552/2208/1895 1553/1760/1894
s 125
f 1554/2197/1933 1555/1761/1932 1581/1776/1946 1580/2212/1947
s 126
f 1557/1762/1948 1556/2174/1949 1558/2176/1950 1559/1763/1951
f 1559/1763/1951 1558/2176/1950 1560/2180/1952 1561/1764/1953
f 1561/1764/1953 1560/2180/1952 1562/2182/1954 1563/1765/1955
f 1563/1765/1955 1562/2182/1954 1564/2184/1956 1565/1766/1957
f 1565/1766/1957 1564/2184/1956 1566/2186/1958 1567/1767/1959
f 1567/1767/1959 1566/2186/1958 1568/2188/1960 1569/1768/1961
f 1569/1768/1961 1568/2188/1960 1570/1769/1962 1571/1770/1963
f 1571/1771/1963 1570/2190/1962 1572/2192/1964 1573/1772/1965
f 1573/1772/1965 1572/2192/1964 1574/2194/1966 1575/1773/1967
f 1575/1773/1967 1574/2194/1966 1576/2196/1968 1577/1774/1969
f 1577/1774/1969 1576/2196/1968 1578/2177/1970 1579/1775/1971
s 125
f 1579/1775/1972 1578/2177/1973 1580/2212/1947 1581/1776/1946
s 127
f 1582/2216/1974 1583/1777/1975 1587/1778/1976 1586/2214/1977
f 1583/1777/1975 1582/2216/1974 1584/2218/1978 1585/1779/1979
f 1585/1779/1979 1584/2218/1978 1592/2220/1980 1593/1780/1981
s 128
f 1586/1781/1982 1587/1782/1983 1589/1783/1984 1588/2231/1985
f 1588/2231/1985 1589/1783/1984 1591/1784/1986 1590/2324/1987
f 1590/2324/1987 1591/1784/1986 1617/1801/1988 1616/2325/1989
s 127
f 1593/1780/1981 1592/2220/1980 1594/2222/1990 1595/1785/1991
f 1595/1785/1991 1594/2222/1990 1596/2224/1992 1597/1786/1993
f 1597/1786/1993 1596/2224/1992 1598/2226/1994 1599/1787/1995
f 1599/1787/1995 1598/2226/1994 1600/1788/1996 1601/1789/1997
f 1601/1790/1997 1600/2228/1996 1602/2230/1998 1603/1791/1999
f 1603/1791/1999 1602/2230/1998 1604/2234/2000 1605/1792/2001
f 1605/1792/2001 1604/2234/2000 1606/2236/2002 1607/1793/2003
f 1607/1793/2003 1606/2236/2002 1608/2250/2004 1609/1794/2005
s 129
f 1609/1794/2006 1608/2250/2007 1610/2321/2008 1611/1795/2009
f 1611/1795/2009 1610/2321/2008 1612/2328/2010 1613/1796/2011
f 1613/1796/2011 1612/2328/2010 1668/2269/2012 1669/1797/2013
s 130
f 1614/1798/2014 1615/1799/2015 1619/1802/2016 1618/2266/2017
s 128
f 1615/1800/2018 1614/2256/2019 1616/2325/1989 1617/1801/1988
s 130
f 1618/2266/2017 1619/1802/2016 1621/1803/2020 1620/2268/2021
f 1620/2268/2021 1621/1803/2020 1635/1813/2022 1634/2272/2023
s 131
f 1622/2240/2024 1623/1804/2025 1627/1805/2026 1626/2238/2027
f 1623/1804/2025 1622/2240/2024 1624/2242/2028 1625/1806/2029
f 1625/1806/2029 1624/2242/2028 1632/2244/2030 1633/1807/2031
s 132
f 1626/1808/2032 1627/1809/2033 1629/1810/2034 1628/2259/2035
f 1628/2259/2035 1629/1810/2034 1631/1811/2036 1630/2320/2037
f 1630/2320/2037 1631/1811/2036 1677/1839/2038 1676/2329/2039
s 131
f 1633/1807/2031 1632/2244/2030 1636/2246/2040 1637/1812/2041
s 130
f 1634/2272/2023 1635/1813/2022 1641/1816/2042 1640/2276/2043
s 131
f 1637/1812/2041 1636/2246/2040 1638/2248/2044 1639/1814/2045
f 1639/1814/2045 1638/2248/2044 1642/2252/2046 1643/1815/2047
s 130
f 1640/2276/2043 1641/1816/2042 1645/1819/2048 1644/2278/2049
s 131
f 1643/1815/2047 1642/2252/2046 1646/1817/2050 1647/1818/2051
s 130
f 1644/2278/2049 1645/1819/2048 1649/1822/2052 1648/2282/2053
s 131
f 1647/1820/2051 1646/2254/2050 1650/2258/2054 1651/1821/2055
s 130
f 1648/2282/2053 1649/1822/2052 1653/1823/2056 1652/2284/2057
s 131
f 1651/1821/2055 1650/2258/2054 1654/2262/2058 1655/1824/2059
s 130
f 1652/1825/2057 1653/1826/2056 1657/1828/2060 1656/2286/2061
s 131
f 1655/1824/2059 1654/2262/2058 1658/2264/2062 1659/1827/2063
s 130
f 1656/2286/2061 1657/1828/2060 1661/1830/2064 1660/2288/2065
s 131
f 1659/1827/2063 1658/2264/2062 1664/2274/2066 1665/1829/2067
s 130
f 1660/2288/2065 1661/1830/2064 1663/1831/2068 1662/2290/2069
f 1662/2290/2069 1663/1831/2068 1667/1833/2070 1666/2292/2071
s 133
f 1665/1829/2072 1664/2274/2073 1670/2317/2074 1671/1832/2075
s 129
f 1666/2292/2076 1667/1833/2077 1669/1797/2013 1668/2269/2012
s 133
f 1671/1832/2075 1670/2317/2074 1672/2332/2078 1673/1834/2079
f 1673/1834/2079 1672/2332/2078 1700/2297/2080 1701/1835/2081
s 134
f 1674/1836/2082 1675/1837/2083 1679/1840/2084 1678/2294/2085
s 132
f 1675/1838/2086 1674/2280/2087 1676/2329/2039 1677/1839/2038
s 134
f 1678/2294/2085 1679/1840/2084 1681/1841/2088 1680/2296/2089
f 1680/2296/2089 1681/1841/2088 1683/1842/2090 1682/2300/2091
f 1682/2300/2091 1683/1842/2090 1685/1843/2092 1684/2302/2093
f 1684/2302/2093 1685/1843/2092 1687/1844/2094 1686/2304/2095
f 1686/2304/2095 1687/1844/2094 1689/1845/2096 1688/2306/2097
f 1688/2306/2097 1689/1845/2096 1691/1846/2098 1690/2308/2099
f 1690/1847/2099 1691/1848/2098 1693/1849/2100 1692/2310/2101
f 1692/2310/2101 1693/1849/2100 1695/1850/2102 1694/2312/2103
f 1694/2312/2103 1695/1850/2102 1697/1851/2104 1696/2314/2105
f 1696/2314/2105 1697/1851/2104 1699/1852/2106 1698/2316/2107
s 133
f 1698/2316/2108 1699/1852/2109 1701/1835/2081 1700/2297/2080
s 135
f 128/175/2110 129/1853/2111 1222/1856/2112 1224/1854/2113
f 129/1853/2111 131/1855/2114 1226/1858/2115 1222/1856/2112
f 131/1855/2114 133/1857/2116 1230/1860/2117 1226/1858/2115
f 133/1857/2116 135/1859/2118 1232/1862/2119 1230/1860/2117
f 135/1859/2118 137/1861/2120 1234/1864/2121 1232/1862/2119
f 137/1861/2120 139/1863/2122 1236/1866/2123 1234/1864/2121
f 139/1863/2122 141/1865/2124 1238/1559/2125 1236/1866/2123
f 141/184/2124 143/1867/2126 1240/1870/2127 1238/1868/2125
f 143/1867/2126 145/1869/2128 1246/1874/2129 1240/1870/2127
s 136
f 1228/1871/2130 149/1963/2131 128/1872/2132 1224/1552/2133
s 135
f 145/1869/2128 151/1873/2134 1248/1876/2135 1246/1874/2129
f 151/1873/2134 153/1875/2136 1250/1890/2137 1248/1876/2135
s 137
f 156/195/2138 157/1877/2139 1254/1880/2140 1256/1878/2141
f 157/1877/2139 159/1879/2142 1258/1882/2143 1254/1880/2140
f 159/1879/2142 161/1881/2144 1262/1884/2145 1258/1882/2143
f 161/1881/2144 163/1883/2146 1266/1886/2147 1262/1884/2145
f 163/1883/2146 165/1885/2148 1268/1888/2149 1266/1886/2147
f 165/1885/2148 167/1887/2150 1270/1892/2151 1268/1888/2149
s 138
f 153/1875/2152 170/1889/2153 1252/1961/2154 1250/1890/2155
s 137
f 167/1887/2150 171/1891/2156 1272/1582/2157 1270/1892/2151
f 171/206/2156 173/1893/2158 1274/1898/2159 1272/1894/2157
s 136
f 175/209/2160 177/1895/2161 1244/1965/2162 1276/1896/2163
s 137
f 173/1893/2158 179/1897/2164 1286/1902/2165 1274/1898/2159
s 140
f 1260/1899/2166 183/1959/2167 156/1900/2168 1256/1574/2169
s 137
f 179/1897/2164 185/1901/2170 1290/1904/2171 1286/1902/2165
f 185/1901/2170 187/1903/2172 1294/1914/2173 1290/1904/2171
s 141
f 189/1907/2174 175/1905/2175 1276/1587/2176 1278/1906/2177
f 191/1911/2178 189/1907/2174 1278/1906/2177 1280/1908/2179
s 138
f 1312/1909/2180 195/1967/2181 219/1910/2182 1310/1932/2183
s 141
f 197/1915/2184 191/1911/2178 1280/1908/2179 1288/1912/2185
s 143
f 187/1903/2186 199/1913/2187 1298/1957/2188 1294/1914/2189
s 141
f 201/1917/2190 197/1915/2184 1288/1912/2185 1292/1916/2191
f 203/1921/2192 201/1917/2190 1292/1916/2191 1296/1918/2193
s 140
f 205/227/2194 208/1919/2195 1284/1969/2196 1316/1920/2197
s 141
f 209/1923/2198 203/1921/2192 1296/1918/2193 1300/1922/2199
f 211/232/2200 209/1923/2198 1300/1922/2199 1302/1924/2201
f 213/1927/2202 211/1925/2200 1302/1603/2201 1304/1926/2203
f 215/1929/2204 213/1927/2202 1304/1926/2203 1306/1928/2205
f 217/1931/2206 215/1929/2204 1306/1928/2205 1308/1930/2207
f 219/1910/2208 217/1931/2206 1308/1930/2207 1310/1932/2209
s 145
f 221/1935/2210 205/1933/2211 1316/1610/2212 1318/1934/2213
f 223/1939/2214 221/1935/2210 1318/1934/2213 1320/1936/2215
s 143
f 1340/1937/2216 227/1971/2217 245/1938/2218 1338/1956/2219
s 145
f 229/1941/2220 223/1939/2214 1320/1936/2215 1322/1940/2221
f 231/1943/2222 229/1941/2220 1322/1940/2221 1324/1942/2223
f 233/1945/2224 231/1943/2222 1324/1942/2223 1326/1944/2225
f 235/1947/2226 233/1945/2224 1326/1944/2225 1328/1946/2227
f 237/246/2228 235/1947/2226 1328/1946/2227 1330/1948/2229
f 239/1951/2230 237/1949/2228 1330/1619/2229 1332/1950/2231
f 241/1953/2232 239/1951/2230 1332/1950/2231 1334/1952/2233
f 243/1955/2234 241/1953/2232 1334/1952/2233 1336/1954/2235
f 245/1938/2236 243/1955/2234 1336/1954/2235 1338/1956/2237
s 143
f 1298/1957/2188 199/1913/2187 226/1958/2238 1314/1972/2239
s 140
f 182/1970/2240 183/1959/2167 1260/1899/2166 1282/1960/2241
s 138
f 1252/1961/2154 170/1889/2153 194/1962/2242 1264/1968/2243
s 136
f 148/1966/2244 149/1963/2131 1228/1871/2130 1242/1964/2245
f 1244/1965/2162 177/1895/2161 148/1966/2244 1242/1964/2245
s 138
f 194/1962/2242 195/1967/2181 1312/1909/2180 1264/1968/2243
s 140
f 1284/1969/2196 208/1919/2195 182/1970/2240 1282/1960/2241
s 143
f 226/1958/2238 227/1971/2217 1340/1937/2216 1314/1972/2239
s 147
f 374/1973/2246 1346/1626/2247 1342/1974/2248 375/1975/2249
f 375/1975/2249 1342/1974/2248 1344/1976/2250 377/1977/2251
f 377/1977/2251 1344/1976/2250 1352/1978/2252 379/1979/2253
f 379/1979/2253 1352/1978/2252 1354/1980/2254 381/1981/2255
f 381/1981/2255 1354/1980/2254 1356/1982/2256 383/1983/2257
f 383/1983/2257 1356/1982/2256 1358/1984/2258 385/1985/2259
f 385/1985/2259 1358/1984/2258 1360/1986/2260 387/597/2261
f 387/1987/2261 1360/1638/2260 1362/1988/2262 389/1989/2263
f 389/1989/2263 1362/1988/2262 1364/1990/2264 391/1993/2265
s 148
f 1348/2084/2266 1346/1991/2267 374/587/2268 395/1992/2269
s 147
f 391/1993/2265 1364/1990/2264 1366/1994/2270 397/1995/2271
f 397/1995/2271 1366/1994/2270 1368/1996/2272 399/2009/2273
s 149
f 402/1997/2274 1386/1653/2275 1382/1998/2276 403/1999/2277
f 403/1999/2277 1382/1998/2276 1384/2000/2278 405/2001/2279
f 405/2001/2279 1384/2000/2278 1392/2002/2280 407/2003/2281
f 407/2003/2281 1392/2002/2280 1396/2004/2282 409/2005/2283
f 409/2005/2283 1396/2004/2282 1398/2006/2284 411/2007/2285
f 411/2007/2285 1398/2006/2284 1402/2008/2286 413/2011/2287
s 150
f 399/2009/2288 1368/1996/2289 1370/2010/2290 416/2082/2291
s 149
f 413/2011/2287 1402/2008/2286 1406/2012/2292 417/617/2293
f 417/2013/2293 1406/1668/2292 1410/2014/2294 419/2017/2295
s 148
f 421/2015/2296 1374/1646/2297 1376/2016/2298 423/2086/2299
s 149
f 419/2017/2295 1410/2014/2294 1414/2018/2300 425/2021/2301
s 152
f 1388/2080/2302 1386/2019/2303 402/607/2304 429/2020/2305
s 149
f 425/2021/2301 1414/2018/2300 1418/2022/2306 431/2023/2307
f 431/2023/2307 1418/2022/2306 1424/2024/2308 433/2033/2309
s 153
f 435/2025/2310 1378/2028/2311 1374/2026/2312 421/627/2313
f 437/2027/2314 1380/2032/2315 1378/2028/2311 435/2025/2310
s 150
f 1428/2088/2316 1426/2029/2317 465/2051/2318 441/2030/2319
s 153
f 443/2031/2320 1394/2036/2321 1380/2032/2315 437/2027/2314
s 155
f 433/2033/2322 1424/2024/2323 1430/2034/2324 445/2078/2325
s 153
f 447/2035/2326 1400/2038/2327 1394/2036/2321 443/2031/2320
f 449/2037/2328 1404/2042/2329 1400/2038/2327 447/2035/2326
s 152
f 451/2039/2330 1434/1684/2331 1436/2040/2332 454/2090/2333
s 153
f 455/2041/2334 1408/2044/2335 1404/2042/2329 449/2037/2328
f 457/2043/2336 1412/1670/2337 1408/2044/2335 455/2041/2334
f 459/2045/2338 1416/2048/2339 1412/2046/2337 457/653/2336
f 461/2047/2340 1420/2050/2341 1416/2048/2339 459/2045/2338
f 463/2049/2342 1422/2052/2343 1420/2050/2341 461/2047/2340
f 465/2051/2344 1426/2029/2345 1422/2052/2343 463/2049/2342
s 157
f 467/2053/2346 1438/2056/2347 1434/2054/2348 451/649/2349
f 469/2055/2350 1440/2060/2351 1438/2056/2347 467/2053/2346
s 155
f 1460/2092/2352 1458/2057/2353 491/2075/2354 473/2058/2355
s 157
f 475/2059/2356 1442/2062/2357 1440/2060/2351 469/2055/2350
f 477/2061/2358 1444/2064/2359 1442/2062/2357 475/2059/2356
f 479/2063/2360 1446/2066/2361 1444/2064/2359 477/2061/2358
f 481/2065/2362 1448/2068/2363 1446/2066/2361 479/2063/2360
f 483/2067/2364 1450/1693/2365 1448/2068/2363 481/2065/2362
f 485/2069/2366 1452/2072/2367 1450/2070/2365 483/666/2364
f 487/2071/2368 1454/2074/2369 1452/2072/2367 485/2069/2366
f 489/2073/2370 1456/2076/2371 1454/2074/2369 487/2071/2368
f 491/2075/2372 1458/2057/2373 1456/2076/2371 489/2073/2370
s 155
f 1430/2034/2324 1432/2077/2374 472/2091/2375 445/2078/2325
s 152
f 428/2079/2376 1390/2089/2377 1388/2080/2302 429/2020/2305
s 150
f 1370/2010/2290 1372/2081/2378 440/2087/2379 416/2082/2291
s 148
f 394/2083/2380 1350/2085/2381 1348/2084/2266 395/1992/2269
f 1376/2016/2298 1350/2085/2381 394/2083/2380 423/2086/2299
s 150
f 440/2087/2379 1372/2081/2378 1428/2088/2316 441/2030/2319
s 152
f 1436/2040/2332 1390/2089/2377 428/2079/2376 454/2090/2333
s 155
f 472/2091/2375 1432/2077/2374 1460/2092/2352 473/2058/2355
s 159
f 621/2093/2382 1464/1702/2383 1462/2094/2384 622/2095/2385
f 622/2095/2385 1462/2094/2384 1466/2096/2386 624/2097/2387
f 624/2097/2387 1466/2096/2386 1470/2098/2388 626/2099/2389
f 626/2099/2389 1470/2098/2388 1472/2100/2390 628/2101/2391
f 628/2101/2391 1472/2100/2390 1474/2102/2392 630/2103/2393
f 630/2103/2393 1474/2102/2392 1476/2104/2394 632/2105/2395
f 632/2105/2395 1476/2104/2394 1478/2106/2396 634/996/2397
f 634/2107/2397 1478/1713/2396 1480/2108/2398 636/2109/2399
f 636/2109/2399 1480/2108/2398 1486/2110/2400 638/2113/2401
s 160
f 1468/2204/2402 1464/2111/2403 621/986/2404 642/2112/2405
s 159
f 638/2113/2401 1486/2110/2400 1488/2114/2406 644/2115/2407
f 644/2115/2407 1488/2114/2406 1490/2116/2408 646/2129/2409
s 161
f 649/2117/2410 1496/1724/2411 1494/2118/2412 650/2119/2413
f 650/2119/2413 1494/2118/2412 1498/2120/2414 652/2121/2415
f 652/2121/2415 1498/2120/2414 1502/2122/2416 654/2123/2417
f 654/2123/2417 1502/2122/2416 1506/2124/2418 656/2125/2419
f 656/2125/2419 1506/2124/2418 1508/2126/2420 658/2127/2421
f 658/2127/2421 1508/2126/2420 1510/2128/2422 660/2131/2423
s 162
f 646/2129/2424 1490/2116/2425 1492/2130/2426 663/2202/2427
s 161
f 660/2131/2423 1510/2128/2422 1512/2132/2428 664/1016/2429
f 664/2133/2429 1512/1736/2428 1514/2134/2430 666/2137/2431
s 160
f 668/2135/2432 1516/1717/2433 1484/2136/2434 670/2206/2435
s 161
f 666/2137/2431 1514/2134/2430 1526/2138/2436 672/2141/2437
s 164
f 1500/2200/2438 1496/2139/2439 649/1006/2440 676/2140/2441
s 161
f 672/2141/2437 1526/2138/2436 1530/2142/2442 678/2143/2443
f 678/2143/2443 1530/2142/2442 1534/2144/2444 680/2153/2445
s 165
f 682/2145/2446 1518/2148/2447 1516/2146/2448 668/1026/2449
f 684/2147/2450 1520/2152/2451 1518/2148/2447 682/2145/2446
s 162
f 1552/2208/2452 1550/2149/2453 712/2171/2454 688/2150/2455
s 165
f 690/2151/2456 1528/2156/2457 1520/2152/2451 684/2147/2450
s 167
f 680/2153/2458 1534/2144/2459 1538/2154/2460 692/2198/2461
s 165
f 694/2155/2462 1532/2158/2463 1528/2156/2457 690/2151/2456
f 696/2157/2464 1536/2162/2465 1532/2158/2463 694/2155/2462
s 164
f 698/2159/2466 1556/1744/2467 1524/2160/2468 701/2210/2469
s 165
f 702/2161/2470 1540/2164/2471 1536/2162/2465 696/2157/2464
f 704/2163/2472 1542/1753/2473 1540/2164/2471 702/2161/2470
f 706/2165/2474 1544/2168/2475 1542/2166/2473 704/1052/2472
f 708/2167/2476 1546/2170/2477 1544/2168/2475 706/2165/2474
f 710/2169/2478 1548/2172/2479 1546/2170/2477 708/2167/2476
f 712/2171/2480 1550/2149/2481 1548/2172/2479 710/2169/2478
s 169
f 714/2173/2482 1558/2176/2483 1556/2174/2484 698/1048/2485
f 716/2175/2486 1560/2180/2487 1558/2176/2483 714/2173/2482
s 167
f 1580/2212/2488 1578/2177/2489 738/2195/2490 720/2178/2491
s 169
f 722/2179/2492 1562/2182/2493 1560/2180/2487 716/2175/2486
f 724/2181/2494 1564/2184/2495 1562/2182/2493 722/2179/2492
f 726/2183/2496 1566/2186/2497 1564/2184/2495 724/2181/2494
f 728/2185/2498 1568/2188/2499 1566/2186/2497 726/2183/2496
f 730/2187/2500 1570/1769/2501 1568/2188/2499 728/2185/2498
f 732/2189/2502 1572/2192/2503 1570/2190/2501 730/1065/2500
f 734/2191/2504 1574/2194/2505 1572/2192/2503 732/2189/2502
f 736/2193/2506 1576/2196/2507 1574/2194/2505 734/2191/2504
f 738/2195/2508 1578/2177/2509 1576/2196/2507 736/2193/2506
s 167
f 1538/2154/2460 1554/2197/2510 719/2211/2511 692/2198/2461
s 164
f 675/2199/2512 1522/2209/2513 1500/2200/2438 676/2140/2441
s 162
f 1492/2130/2426 1504/2201/2514 687/2207/2515 663/2202/2427
s 160
f 641/2203/2516 1482/2205/2517 1468/2204/2402 642/2112/2405
f 1484/2136/2434 1482/2205/2517 641/2203/2516 670/2206/2435
s 162
f 687/2207/2515 1504/2201/2514 1552/2208/2452 688/2150/2455
s 164
f 1524/2160/2468 1522/2209/2513 675/2199/2512 701/2210/2469
s 167
f 719/2211/2511 1554/2197/2510 1580/2212/2488 720/2178/2491
s 171
f 839/1348/2518 840/2213/2519 1582/2216/2520 1586/2214/2521
f 840/2213/2519 842/2215/2522 1584/2218/2523 1582/2216/2520
f 842/2215/2522 844/2217/2524 1592/2220/2525 1584/2218/2523
f 844/2217/2524 846/2219/2526 1594/2222/2527 1592/2220/2525
f 846/2219/2526 848/2221/2528 1596/2224/2529 1594/2222/2527
f 848/2221/2528 850/2223/2530 1598/2226/2531 1596/2224/2529
f 850/2223/2530 852/2225/2532 1600/1788/2533 1598/2226/2531
f 852/1357/2532 854/2227/2534 1602/2230/2535 1600/2228/2533
f 854/2227/2534 856/2229/2536 1604/2234/2537 1602/2230/2535
s 172
f 1588/2231/2538 860/2323/2539 839/2232/2540 1586/1781/2541
s 171
f 856/2229/2536 862/2233/2542 1606/2236/2543 1604/2234/2537
f 862/2233/2542 864/2235/2544 1608/2250/2545 1606/2236/2543
s 173
f 867/1368/2546 868/2237/2547 1622/2240/2548 1626/2238/2549
f 868/2237/2547 870/2239/2550 1624/2242/2551 1622/2240/2548
f 870/2239/2550 872/2241/2552 1632/2244/2553 1624/2242/2551
f 872/2241/2552 874/2243/2554 1636/2246/2555 1632/2244/2553
f 874/2243/2554 876/2245/2556 1638/2248/2557 1636/2246/2555
f 876/2245/2556 878/2247/2558 1642/2252/2559 1638/2248/2557
s 174
f 864/2235/2560 881/2249/2561 1610/2321/2562 1608/2250/2563
s 173
f 878/2247/2558 882/2251/2564 1646/1817/2565 1642/2252/2559
f 882/1381/2564 884/2253/2566 1650/2258/2567 1646/2254/2565
s 172
f 886/1385/2568 888/2255/2569 1616/2325/2570 1614/2256/2571
s 173
f 884/2253/2566 890/2257/2572 1654/2262/2573 1650/2258/2567
s 176
f 1628/2259/2574 894/2319/2575 867/2260/2576 1626/1808/2577
s 173
f 890/2257/2572 896/2261/2578 1658/2264/2579 1654/2262/2573
f 896/2261/2578 898/2263/2580 1664/2274/2581 1658/2264/2579
s 177
f 900/2267/2582 886/2265/2583 1614/1798/2584 1618/2266/2585
f 902/2271/2586 900/2267/2582 1618/2266/2585 1620/2268/2587
s 174
f 1668/2269/2588 906/2327/2589 930/2270/2590 1666/2292/2591
s 177
f 908/2275/2592 902/2271/2586 1620/2268/2587 1634/2272/2593
s 179
f 898/2263/2594 910/2273/2595 1670/2317/2596 1664/2274/2597
s 177
f 912/2277/2598 908/2275/2592 1634/2272/2593 1640/2276/2599
f 914/2281/2600 912/2277/2598 1640/2276/2599 1644/2278/2601
s 176
f 916/1406/2602 919/2279/2603 1676/2329/2604 1674/2280/2605
s 177
f 920/2283/2606 914/2281/2600 1644/2278/2601 1648/2282/2607
f 922/1412/2608 920/2283/2606 1648/2282/2607 1652/2284/2609
f 924/2287/2610 922/2285/2608 1652/1825/2609 1656/2286/2611
f 926/2289/2612 924/2287/2610 1656/2286/2611 1660/2288/2613
f 928/2291/2614 926/2289/2612 1660/2288/2613 1662/2290/2615
f 930/2270/2616 928/2291/2614 1662/2290/2615 1666/2292/2617
s 181
f 932/2295/2618 916/2293/2619 1674/1836/2620 1678/2294/2621
f 934/2299/2622 932/2295/2618 1678/2294/2621 1680/2296/2623
s 179
f 1700/2297/2624 938/2331/2625 956/2298/2626 1698/2316/2627
s 181
f 940/2301/2628 934/2299/2622 1680/2296/2623 1682/2300/2629
f 942/2303/2630 940/2301/2628 1682/2300/2629 1684/2302/2631
f 944/2305/2632 942/2303/2630 1684/2302/2631 1686/2304/2633
f 946/2307/2634 944/2305/2632 1686/2304/2633 1688/2306/2635
f 948/1425/2636 946/2307/2634 1688/2306/2635 1690/2308/2637
f 950/2311/2638 948/2309/2636 1690/1847/2637 1692/2310/2639
f 952/2313/2640 950/2311/2638 1692/2310/2639 1694/2312/2641
f 954/2315/2642 952/2313/2640 1694/2312/2641 1696/2314/2643
f 956/2298/2644 954/2315/2642 1696/2314/2643 1698/2316/2645
s 179
f 1670/2317/2596 910/2273/2595 937/2318/2646 1672/2332/2647
s 176
f 893/2330/2648 894/2319/2575 1628/2259/2574 1630/2320/2649
s 174
f 1610/2321/2562 881/2249/2561 905/2322/2650 1612/2328/2651
s 172
f 859/2326/2652 860/2323/2539 1588/2231/2538 1590/2324/2653
f 1616/2325/2570 888/2255/2569 859/2326/2652 1590/2324/2653
s 174
f 905/2322/2650 906/2327/2589 1668/2269/2588 1612/2328/2651
s 176
f 1676/2329/2604 919/2279/2603 893/2330/2648 1630/2320/2649
s 179
f 937/2318/2646 938/2331/2625 1700/2297/2624 1672/2332/2647
s 183
f 1225/2333/2654 1223/2334/2655 983/2335/2656 982/2336/2657
f 1223/2337/2655 1227/2338/2658 984/2339/2659 983/2340/2656
f 1229/2341/2660 1225/2342/2654 982/2343/2657 985/2344/2661
f 1227/2345/2658 1231/2346/2662 986/2347/2663 984/2348/2659
f 1231/2349/2662 1233/2350/2664 987/2351/2665 986/2352/2663
f 1233/2353/2664 1235/2354/2666 988/2355/2667 987/2356/2665
f 1235/2357/2666 1237/2358/2668 989/2359/2669 988/2360/2667
f 1237/2361/2668 1239/2362/2670 990/2363/2671 989/2364/2669
f 1239/2365/2670 1241/2366/2672 991/2367/2673 990/2368/2671
f 1245/2369/2674 1243/2370/2675 993/2371/2676 992/2372/2677
f 1243/2373/2675 1229/2374/2660 985/2375/2661 993/2376/2676
f 1241/2377/2672 1247/2378/2678 994/2379/2679 991/2380/2673
f 1247/2381/2678 1249/2382/2680 995/2383/2681 994/2384/2679
f 1249/2385/2680 1251/2386/2682 996/2387/2683 995/2388/2681
f 1251/2389/2682 1253/2390/2684 997/2391/2685 996/2392/2683
s 184
f 1257/2393/2686 1255/2394/2687 999/2395/2688 998/2396/2689
f 1255/2397/2687 1259/2398/2690 1000/2399/2691 999/2400/2688
f 1261/2401/2692 1257/2402/2686 998/2403/2689 1001/2404/2693
f 1259/2405/2690 1263/2406/2694 1002/2407/2695 1000/2408/2691
s 183
f 1253/2409/2684 1265/2410/2696 1003/2411/2697 997/2412/2685
s 184
f 1263/2413/2694 1267/2414/2698 1004/2415/2699 1002/2416/2695
f 1267/2417/2698 1269/2418/2700 1005/2419/2701 1004/2420/2699
f 1269/2421/2700 1271/2422/2702 1006/2423/2703 1005/2424/2701
f 1271/2425/2702 1273/2426/2704 1007/2427/2705 1006/2428/2703
f 1273/2429/2704 1275/2430/2706 1008/2431/2707 1007/2432/2705
s 183
f 1279/2433/2708 1277/2434/2709 1010/2435/2710 1009/2436/2711
f 1277/2437/2709 1245/2438/2674 992/2439/2677 1010/2440/2710
f 1281/2441/2712 1279/2442/2708 1009/2443/2711 1011/2444/2713
s 184
f 1285/2445/2714 1283/2446/2715 1013/2447/2716 1012/2448/2717
f 1283/2449/2715 1261/2450/2692 1001/2451/2693 1013/2452/2716
f 1275/2453/2706 1287/2454/2718 1014/2455/2719 1008/2456/2707
s 183
f 1289/2457/2720 1281/2458/2712 1011/2459/2713 1015/2460/2721
s 184
f 1287/2461/2718 1291/2462/2722 1016/2463/2723 1014/2464/2719
s 183
f 1293/2465/2724 1289/2466/2720 1015/2467/2721 1017/2468/2725
s 184
f 1291/2469/2722 1295/2470/2726 1018/2471/2727 1016/2472/2723
s 183
f 1297/2473/2728 1293/2474/2724 1017/2475/2725 1019/2476/2729
s 184
f 1295/2477/2726 1299/2478/2730 1020/2479/2731 1018/2480/2727
s 183
f 1301/2481/2732 1297/2482/2728 1019/2483/2729 1021/2484/2733
f 1303/2485/2734 1301/2486/2732 1021/2487/2733 1022/2488/2735
f 1305/2489/2736 1303/2490/2734 1022/2491/2735 1023/2492/2737
f 1307/2493/2738 1305/2494/2736 1023/2495/2737 1024/2496/2739
f 1309/2497/2740 1307/2498/2738 1024/2499/2739 1025/2500/2741
f 1311/2501/2742 1309/2502/2740 1025/2503/2741 1026/2504/2743
f 1265/2505/2696 1313/2506/2744 1027/2507/2745 1003/2508/2697
f 1313/2509/2744 1311/2510/2742 1026/2511/2743 1027/2512/2745
s 184
f 1299/2513/2730 1315/2514/2746 1028/2515/2747 1020/2516/2731
f 1319/2517/2748 1317/2518/2749 1030/2519/2750 1029/2520/2751
f 1317/2521/2749 1285/2522/2714 1012/2523/2717 1030/2524/2750
f 1321/2525/2752 1319/2526/2748 1029/2527/2751 1031/2528/2753
f 1323/2529/2754 1321/2530/2752 1031/2531/2753 1032/2532/2755
f 1325/2533/2756 1323/2534/2754 1032/2535/2755 1033/2536/2757
f 1327/2537/2758 1325/2538/2756 1033/2539/2757 1034/2540/2759
f 1329/2541/2760 1327/2542/2758 1034/2543/2759 1035/2544/2761
f 1331/2545/2762 1329/2546/2760 1035/2547/2761 1036/2548/2763
f 1333/2549/2764 1331/2550/2762 1036/2551/2763 1037/2552/2765
f 1335/2553/2766 1333/2554/2764 1037/2555/2765 1038/2556/2767
f 1337/2557/2768 1335/2558/2766 1038/2559/2767 1039/2560/2769
f 1339/2561/2770 1337/2562/2768 1039/2563/2769 1040/2564/2771
f 1315/2565/2746 1341/2566/2772 1041/2567/2773 1028/2568/2747
f 1341/2569/2772 1339/2570/2770 1040/2571/2771 1041/2572/2773
s 185
f 1345/2573/2774 1343/2574/2775 1043/2575/2776 1042/2576/2777
f 1343/2577/2775 1347/2578/2778 1044/2579/2779 1043/2580/2776
f 1347/2581/2778 1349/2582/2780 1045/2583/2781 1044/2584/2779
f 1349/2585/2780 1351/2586/2782 1046/2587/2783 1045/2588/2781
f 1353/2589/2784 1345/2590/2774 1042/2591/2777 1047/2592/2785
f 1355/2593/2786 1353/2594/2784 1047/2595/2785 1048/2596/2787
f 1357/2597/2788 1355/2598/2786 1048/2599/2787 1049/2600/2789
f 1359/2601/2790 1357/2602/2788 1049/2603/2789 1050/2604/2791
f 1361/2605/2792 1359/2606/2790 1050/2607/2791 1051/2608/2793
f 1363/2609/2794 1361/2610/2792 1051/2611/2793 1052/2612/2795
f 1365/2613/2796 1363/2614/2794 1052/2615/2795 1053/2616/2797
f 1367/2617/2798 1365/2618/2796 1053/2619/2797 1054/2620/2799
f 1369/2621/2800 1367/2622/2798 1054/2623/2799 1055/2624/2801
f 1371/2625/2802 1369/2626/2800 1055/2627/2801 1056/2628/2803
f 1373/2629/2804 1371/2630/2802 1056/2631/2803 1057/2632/2805
f 1377/2633/2806 1375/2634/2807 1059/2635/2808 1058/2636/2809
f 1375/2637/2807 1379/2638/2810 1060/2639/2811 1059/2640/2808
f 1351/2641/2782 1377/2642/2806 1058/2643/2809 1046/2644/2783
f 1379/2645/2810 1381/2646/2812 1061/2647/2813 1060/2648/2811
s 187
f 1385/2649/2814 1383/2650/2815 1063/2651/2816 1062/2652/2817
f 1383/2653/2815 1387/2654/2818 1064/2655/2819 1063/2656/2816
f 1387/2657/2818 1389/2658/2820 1065/2659/2821 1064/2660/2819
f 1389/2661/2820 1391/2662/2822 1066/2663/2823 1065/2664/2821
f 1393/2665/2824 1385/2666/2814 1062/2667/2817 1067/2668/2825
s 185
f 1381/2669/2812 1395/2670/2826 1068/2671/2827 1061/2672/2813
s 187
f 1397/2673/2828 1393/2674/2824 1067/2675/2825 1069/2676/2829
f 1399/2677/2830 1397/2678/2828 1069/2679/2829 1070/2680/2831
s 185
f 1395/2681/2826 1401/2682/2832 1071/2683/2833 1068/2684/2827
s 187
f 1403/2685/2834 1399/2686/2830 1070/2687/2831 1072/2688/2835
s 185
f 1401/2689/2832 1405/2690/2836 1073/2691/2837 1071/2692/2833
s 187
f 1407/2693/2838 1403/2694/2834 1072/2695/2835 1074/2696/2839
s 185
f 1405/2697/2836 1409/2698/2840 1075/2699/2841 1073/2700/2837
s 187
f 1411/2701/2842 1407/2702/2838 1074/2703/2839 1076/2704/2843
s 185
f 1409/2705/2840 1413/2706/2844 1077/2707/2845 1075/2708/2841
s 187
f 1415/2709/2846 1411/2710/2842 1076/2711/2843 1078/2712/2847
s 185
f 1413/2713/2844 1417/2714/2848 1079/2715/2849 1077/2716/2845
s 187
f 1419/2717/2850 1415/2718/2846 1078/2719/2847 1080/2720/2851
s 185
f 1417/2721/2848 1421/2722/2852 1081/2723/2853 1079/2724/2849
f 1421/2725/2852 1423/2726/2854 1082/2727/2855 1081/2728/2853
s 187
f 1425/2729/2856 1419/2730/2850 1080/2731/2851 1083/2732/2857
s 185
f 1423/2733/2854 1427/2734/2858 1084/2735/2859 1082/2736/2855
f 1427/2737/2858 1429/2738/2860 1085/2739/2861 1084/2740/2859
f 1429/2741/2860 1373/2742/2804 1057/2743/2805 1085/2744/2861
s 187
f 1431/2745/2862 1425/2746/2856 1083/2747/2857 1086/2748/2863
f 1433/2749/2864 1431/2750/2862 1086/2751/2863 1087/2752/2865
f 1437/2753/2866 1435/2754/2867 1089/2755/2868 1088/2756/2869
f 1435/2757/2867 1439/2758/2870 1090/2759/2871 1089/2760/2868
f 1391/2761/2822 1437/2762/2866 1088/2763/2869 1066/2764/2823
f 1439/2765/2870 1441/2766/2872 1091/2767/2873 1090/2768/2871
f 1441/2769/2872 1443/2770/2874 1092/2771/2875 1091/2772/2873
f 1443/2773/2874 1445/2774/2876 1093/2775/2877 1092/2776/2875
f 1445/2777/2876 1447/2778/2878 1094/2779/2879 1093/2780/2877
f 1447/2781/2878 1449/2782/2880 1095/2783/2881 1094/2784/2879
f 1449/2785/2880 1451/2786/2882 1096/2787/2883 1095/2788/2881
f 1451/2789/2882 1453/2790/2884 1097/2791/2885 1096/2792/2883
f 1453/2793/2884 1455/2794/2886 1098/2795/2887 1097/2796/2885
f 1455/2797/2886 1457/2798/2888 1099/2799/2889 1098/2800/2887
f 1457/2801/2888 1459/2802/2890 1100/2803/2891 1099/2804/2889
f 1459/2805/2890 1461/2806/2892 1101/2807/2893 1100/2808/2891
f 1461/2809/2892 1433/2810/2864 1087/2811/2865 1101/2812/2893
s 189
f 1463/2813/2894 1465/2814/2895 1102/2815/2896 1103/2816/2897
f 1467/2817/2898 1463/2818/2894 1103/2819/2897 1104/2820/2899
f 1465/2821/2895 1469/2822/2900 1105/2823/2901 1102/2824/2896
f 1471/2825/2902 1467/2826/2898 1104/2827/2899 1106/2828/2903
f 1473/2829/2904 1471/2830/2902 1106/2831/2903 1107/2832/2905
f 1475/2833/2906 1473/2834/2904 1107/2835/2905 1108/2836/2907
f 1477/2837/2908 1475/2838/2906 1108/2839/2907 1109/2840/2909
f 1479/2841/2910 1477/2842/2908 1109/2843/2909 1110/2844/2911
f 1481/2845/2912 1479/2846/2910 1110/2847/2911 1111/2848/2913
f 1483/2849/2914 1485/2850/2915 1112/2851/2916 1113/2852/2917
f 1469/2853/2900 1483/2854/2914 1113/2855/2917 1105/2856/2901
f 1487/2857/2918 1481/2858/2912 1111/2859/2913 1114/2860/2919
f 1489/2861/2920 1487/2862/2918 1114/2863/2919 1115/2864/2921
f 1491/2865/2922 1489/2866/2920 1115/2867/2921 1116/2868/2923
f 1493/2869/2924 1491/2870/2922 1116/2871/2923 1117/2872/2925
s 191
f 1495/2873/2926 1497/2874/2927 1118/2875/2928 1119/2876/2929
f 1499/2877/2930 1495/2878/2926 1119/2879/2929 1120/2880/2931
f 1497/2881/2927 1501/2882/2932 1121/2883/2933 1118/2884/2928
f 1503/2885/2934 1499/2886/2930 1120/2887/2931 1122/2888/2935
s 189
f 1505/2889/2936 1493/2890/2924 1117/2891/2925 1123/2892/2937
s 191
f 1507/2893/2938 1503/2894/2934 1122/2895/2935 1124/2896/2939
f 1509/2897/2940 1507/2898/2938 1124/2899/2939 1125/2900/2941
f 1511/2901/2942 1509/2902/2940 1125/2903/2941 1126/2904/2943
f 1513/2905/2944 1511/2906/2942 1126/2907/2943 1127/2908/2945
f 1515/2909/2946 1513/2910/2944 1127/2911/2945 1128/2912/2947
s 189
f 1517/2913/2948 1519/2914/2949 1129/2915/2950 1130/2916/2951
f 1485/2917/2915 1517/2918/2948 1130/2919/2951 1112/2920/2916
f 1519/2921/2949 1521/2922/2952 1131/2923/2953 1129/2924/2950
s 191
f 1523/2925/2954 1525/2926/2955 1132/2927/2956 1133/2928/2957
f 1501/2929/2932 1523/2930/2954 1133/2931/2957 1121/2932/2933
f 1527/2933/2958 1515/2934/2946 1128/2935/2947 1134/2936/2959
s 189
f 1521/2937/2952 1529/2938/2960 1135/2939/2961 1131/2940/2953
s 191
f 1531/2941/2962 1527/2942/2958 1134/2943/2959 1136/2944/2963
s 189
f 1529/2945/2960 1533/2946/2964 1137/2947/2965 1135/2948/2961
s 191
f 1535/2949/2966 1531/2950/2962 1136/2951/2963 1138/2952/2967
s 189
f 1533/2953/2964 1537/2954/2968 1139/2955/2969 1137/2956/2965
s 191
f 1539/2957/2970 1535/2958/2966 1138/2959/2967 1140/2960/2971
s 189
f 1537/2961/2968 1541/2962/2972 1141/2963/2973 1139/2964/2969
f 1541/2965/2972 1543/2966/2974 1142/2967/2975 1141/2968/2973
f 1543/2969/2974 1545/2970/2976 1143/2971/2977 1142/2972/2975
f 1545/2973/2976 1547/2974/2978 1144/2975/2979 1143/2976/2977
f 1547/2977/2978 1549/2978/2980 1145/2979/2981 1144/2980/2979
f 1549/2981/2980 1551/2982/2982 1146/2983/2983 1145/2984/2981
f 1553/2985/2984 1505/2986/2936 1123/2987/2937 1147/2988/2985
f 1551/2989/2982 1553/2990/2984 1147/2991/2985 1146/2992/2983
s 191
f 1555/2993/2986 1539/2994/2970 1140/2995/2971 1148/2996/2987
f 1557/2997/2988 1559/2998/2989 1149/2999/2990 1150/3000/2991
f 1525/3001/2955 1557/3002/2988 1150/3003/2991 1132/3004/2956
f 1559/3005/2989 1561/3006/2992 1151/3007/2993 1149/3008/2990
f 1561/3009/2992 1563/3010/2994 1152/3011/2995 1151/3012/2993
f 1563/3013/2994 1565/3014/2996 1153/3015/2997 1152/3016/2995
f 1565/3017/2996 1567/3018/2998 1154/3019/2999 1153/3020/2997
f 1567/3021/2998 1569/3022/3000 1155/3023/3001 1154/3024/2999
f 1569/3025/3000 1571/3026/3002 1156/3027/3003 1155/3028/3001
f 1571/3029/3002 1573/3030/3004 1157/3031/3005 1156/3032/3003
f 1573/3033/3004 1575/3034/3006 1158/3035/3007 1157/3036/3005
f 1575/3037/3006 1577/3038/3008 1159/3039/3009 1158/3040/3007
f 1577/3041/3008 1579/3042/3010 1160/3043/3011 1159/3044/3009
f 1581/3045/3012 1555/3046/2986 1148/3047/2987 1161/3048/3013
f 1579/3049/3010 1581/3050/3012 1161/3051/3013 1160/3052/3011
s 195
f 1583/3053/3014 1585/3054/3015 1162/3055/3016 1163/3056/3017
f 1587/3057/3018 1583/3058/3014 1163/3059/3017 1164/3060/3019
f 1589/3061/3020 1587/3062/3018 1164/3063/3019 1165/3064/3021
f 1591/3065/3022 1589/3066/3020 1165/3067/3021 1166/3068/3023
f 1585/3069/3015 1593/3070/3024 1167/3071/3025 1162/3072/3016
f 1593/3073/3024 1595/3074/3026 1168/3075/3027 1167/3076/3025
f 1595/3077/3026 1597/3078/3028 1169/3079/3029 1168/3080/3027
f 1597/3081/3028 1599/3082/3030 1170/3083/3031 1169/3084/3029
f 1599/3085/3030 1601/3086/3032 1171/3087/3033 1170/3088/3031
f 1601/3089/3032 1603/3090/3034 1172/3091/3035 1171/3092/3033
f 1603/3093/3034 1605/3094/3036 1173/3095/3037 1172/3096/3035
f 1605/3097/3036 1607/3098/3038 1174/3099/3039 1173/3100/3037
f 1607/3101/3038 1609/3102/3040 1175/3103/3041 1174/3104/3039
f 1609/3105/3040 1611/3106/3042 1176/3107/3043 1175/3108/3041
f 1611/3109/3042 1613/3110/3044 1177/3111/3045 1176/3112/3043
f 1615/3113/3046 1617/3114/3047 1178/3115/3048 1179/3116/3049
f 1619/3117/3050 1615/3118/3046 1179/3119/3049 1180/3120/3051
f 1617/3121/3047 1591/3122/3022 1166/3123/3023 1178/3124/3048
f 1621/3125/3052 1619/3126/3050 1180/3127/3051 1181/3128/3053
s 196
f 1623/3129/3054 1625/3130/3055 1182/3131/3056 1183/3132/3057
f 1627/3133/3058 1623/3134/3054 1183/3135/3057 1184/3136/3059
f 1629/3137/3060 1627/3138/3058 1184/3139/3059 1185/3140/3061
f 1631/3141/3062 1629/3142/3060 1185/3143/3061 1186/3144/3063
f 1625/3145/3055 1633/3146/3064 1187/3147/3065 1182/3148/3056
s 195
f 1635/3149/3066 1621/3150/3052 1181/3151/3053 1188/3152/3067
s 196
f 1633/3153/3064 1637/3154/3068 1189/3155/3069 1187/3156/3065
f 1637/3157/3068 1639/3158/3070 1190/3159/3071 1189/3160/3069
s 195
f 1641/3161/3072 1635/3162/3066 1188/3163/3067 1191/3164/3073
s 196
f 1639/3165/3070 1643/3166/3074 1192/3167/3075 1190/3168/3071
s 195
f 1645/3169/3076 1641/3170/3072 1191/3171/3073 1193/3172/3077
s 196
f 1643/3173/3074 1647/3174/3078 1194/3175/3079 1192/3176/3075
s 195
f 1649/3177/3080 1645/3178/3076 1193/3179/3077 1195/3180/3081
s 196
f 1647/3181/3078 1651/3182/3082 1196/3183/3083 1194/3184/3079
s 195
f 1653/3185/3084 1649/3186/3080 1195/3187/3081 1197/3188/3085
s 196
f 1651/3189/3082 1655/3190/3086 1198/3191/3087 1196/3192/3083
s 195
f 1657/3193/3088 1653/3194/3084 1197/3195/3085 1199/3196/3089
s 196
f 1655/3197/3086 1659/3198/3090 1200/3199/3091 1198/3200/3087
s 195
f 1661/3201/3092 1657/3202/3088 1199/3203/3089 1201/3204/3093
f 1663/3205/3094 1661/3206/3092 1201/3207/3093 1202/3208/3095
s 196
f 1659/3209/3090 1665/3210/3096 1203/3211/3097 1200/3212/3091
s 195
f 1667/3213/3098 1663/3214/3094 1202/3215/3095 1204/3216/3099
f 1669/3217/3100 1667/3218/3098 1204/3219/3099 1205/3220/3101
f 1613/3221/3044 1669/3222/3100 1205/3223/3101 1177/3224/3045
s 196
f 1665/3225/3096 1671/3226/3102 1206/3227/3103 1203/3228/3097
f 1671/3229/3102 1673/3230/3104 1207/3231/3105 1206/3232/3103
f 1675/3233/3106 1677/3234/3107 1208/3235/3108 1209/3236/3109
f 1679/3237/3110 1675/3238/3106 1209/3239/3109 1210/3240/3111
f 1677/3241/3107 1631/3242/3062 1186/3243/3063 1208/3244/3108
f 1681/3245/3112 1679/3246/3110 1210/3247/3111 1211/3248/3113
f 1683/3249/3114 1681/3250/3112 1211/3251/3113 1212/3252/3115
f 1685/3253/3116 1683/3254/3114 1212/3255/3115 1213/3256/3117
f 1687/3257/3118 1685/3258/3116 1213/3259/3117 1214/3260/3119
f 1689/3261/3120 1687/3262/3118 1214/3263/3119 1215/3264/3121
f 1691/3265/3122 1689/3266/3120 1215/3267/3121 1216/3268/3123
f 1693/3269/3124 1691/3270/3122 1216/3271/3123 1217/3272/3125
f 1695/3273/3126 1693/3274/3124 1217/3275/3125 1218/3276/3127
f 1697/3277/3128 1695/3278/3126 1218/3279/3127 1219/3280/3129
f 1699/3281/3130 1697/3282/3128 1219/3283/3129 1220/3284/3131
f 1701/3285/3132 1699/3286/3130 1220/3287/3131 1221/3288/3133
f 1673/3289/3104 1701/3290/3132 1221/3291/3133 1207/3292/3105
